class,aa_000,ab_000,ac_000,ad_000,ae_000,af_000,ag_000,ag_001,ag_002,ag_003,ag_004,ag_005,ag_006,ag_007,ag_008,ag_009,ah_000,ai_000,aj_000,ak_000,al_000,am_0,an_000,ao_000,ap_000,aq_000,ar_000,as_000,at_000,au_000,av_000,ax_000,ay_000,ay_001,ay_002,ay_003,ay_004,ay_005,ay_006,ay_007,ay_008,ay_009,az_000,az_001,az_002,az_003,az_004,az_005,az_006,az_007,az_008,az_009,ba_000,ba_001,ba_002,ba_003,ba_004,ba_005,ba_006,ba_007,ba_008,ba_009,bb_000,bc_000,bd_000,be_000,bf_000,bg_000,bh_000,bi_000,bj_000,bk_000,bl_000,bm_000,bn_000,bo_000,bp_000,bq_000,br_000,bs_000,bt_000,bu_000,bv_000,bx_000,by_000,bz_000,ca_000,cb_000,cc_000,cd_000,ce_000,cf_000,cg_000,ch_000,ci_000,cj_000,ck_000,cl_000,cm_000,cn_000,cn_001,cn_002,cn_003,cn_004,cn_005,cn_006,cn_007,cn_008,cn_009,co_000,cp_000,cq_000,cr_000,cs_000,cs_001,cs_002,cs_003,cs_004,cs_005,cs_006,cs_007,cs_008,cs_009,ct_000,cu_000,cv_000,cx_000,cy_000,cz_000,da_000,db_000,dc_000,dd_000,de_000,df_000,dg_000,dh_000,di_000,dj_000,dk_000,dl_000,dm_000,dn_000,do_000,dp_000,dq_000,dr_000,ds_000,dt_000,du_000,dv_000,dx_000,dy_000,dz_000,ea_000,eb_000,ec_00,ed_000,ee_000,ee_001,ee_002,ee_003,ee_004,ee_005,ee_006,ee_007,ee_008,ee_009,ef_000,eg_000
neg,121796,,3692.0,2948.0,0.0,0.0,0.0,0.0,0.0,0.0,13144.0,685336.0,5082108.0,2577156.0,153374.0,16028.0,4352928.0,11460.0,76.0,0.0,0.0,0.0,6922674.0,5507104.0,2190514.0,1152116.0,0.0,0.0,9942.0,0.0,17842.0,2314.0,0.0,0.0,0.0,0.0,0.0,78378.0,2853022.0,5394362.0,201384.0,0.0,6972.0,3040.0,7392.0,552640.0,5690112.0,2266278.0,712.0,0.0,0.0,0.0,3102064.0,1722010.0,790774.0,555556.0,425982.0,347432.0,391060.0,1177988.0,14280.0,0.0,9115182.0,264.0,134.0,2994.0,20.0,4352928.0,164042.0,943402.0,1232876.0,281760.0,272120.0,228140.0,322920.0,291300.0,353540.0,278960.0,,137360.0,121796.71,9115182.0,9115182.0,9020332.0,61473.0,10804.0,42930.0,624280.0,8527146.0,1209600.0,256300.0,0.0,338.0,0.0,7587453.12,0.0,931978.56,0.0,0.0,0.0,0.0,0.0,126172.0,1709354.0,4652686.0,1930946.0,89178.0,17208.0,1602.0,516.0,568.0,9115182.0,,15000.0,2258.0,163624.0,551046.0,440470.0,6378756.0,947090.0,28682.0,220.0,0.0,5176.0,5404.0,7526136.0,666242.0,50.0,1272.0,0.0,0.0,7677370.0,8476.0,792.0,0.0,0.0,0.0,0.0,0.0,0.0,0.0,0.0,103428.0,66812.0,12706.0,0.0,0.0,247834.0,44486.0,278960.0,35038.0,0.0,0.0,0.0,0.0,33772130.0,3754.74,5124.0,993338.0,1879978.0,1247688.0,663872.0,2031976.0,887248.0,437472.0,211856.0,170474.0,3244.0,0.0,0.0
pos,318584,,0.0,,0.0,0.0,0.0,0.0,0.0,0.0,43324.0,2055728.0,12634278.0,4027056.0,12988.0,0.0,9663520.0,0.0,0.0,0.0,158.0,210.0,16935584.0,15392798.0,2279142.0,1294836.0,0.0,0.0,0.0,0.0,0.0,0.0,0.0,0.0,0.0,0.0,0.0,123282.0,5210566.0,10214204.0,3225322.0,0.0,8802.0,2970.0,4364.0,7904.0,7076502.0,11671570.0,1258.0,4.0,0.0,0.0,8628446.0,2859180.0,1590130.0,1041418.0,762342.0,721882.0,1342372.0,1672298.0,153838.0,1468.0,19217242.0,20170.0,17928.0,21554.0,228.0,9663520.0,209686.0,1080840.0,1189036.0,181260.0,188240.0,218540.0,145080.0,171400.0,127860.0,142240.0,116100.0,140040.0,318583.98,19217242.0,19217242.0,19059968.0,114894.0,630376.0,89388.0,1037100.0,18773374.0,1209600.0,0.0,,,,17032368.96,0.0,1726344.96,0.0,0.0,0.0,0.0,1282.0,517936.0,8590980.0,8562496.0,961708.0,115162.0,23622.0,188.0,,0.0,19217242.0,,12728.0,2352.0,1045154.0,872996.0,2412906.0,14034698.0,388304.0,4226.0,10.0,0.0,,,,,,,,,,8772.0,314.0,0.0,0.0,0.0,0.0,0.0,0.0,0.0,0.0,125786.0,289314.0,48988.0,0.0,0.0,514120.0,72144.0,24674600.0,2942224.0,0.0,0.0,0.0,0.0,102959480.0,3552.58,5272.0,1809390.0,2707168.0,1894882.0,996914.0,3408062.0,3478330.0,2263476.0,1139198.0,1048088.0,27866.0,0.0,0.0
neg,12,,12.0,12.0,0.0,0.0,0.0,0.0,0.0,0.0,44.0,342.0,7644.0,2014.0,0.0,0.0,3678.0,0.0,0.0,0.0,0.0,0.0,9770.0,6138.0,9894.0,1638.0,0.0,0.0,0.0,0.0,24.0,10.0,0.0,0.0,0.0,0.0,0.0,0.0,8804.0,0.0,1240.0,0.0,836.0,280.0,1366.0,788.0,3588.0,3186.0,0.0,0.0,0.0,0.0,9616.0,356.0,44.0,18.0,6.0,4.0,0.0,0.0,0.0,0.0,19684.0,0.0,2.0,4.0,2.0,3678.0,186.0,4936.0,4910.0,,,,,,,,,9740.0,11.02,19684.0,19684.0,22186.0,13.0,0.0,1826.0,19480.0,10044.0,1209600.0,362.0,2.0,0.0,0.0,2817.6,0.0,7181.76,0.0,0.0,0.0,0.0,0.0,324.0,5330.0,4158.0,206.0,26.0,0.0,0.0,0.0,16.0,19684.0,,158.0,28.0,474.0,756.0,1162.0,3820.0,3074.0,518.0,52.0,2.0,44.0,86.0,3464.0,144.0,0.0,6.0,0.0,26.0,3934.0,94.0,70.0,0.0,0.0,0.0,0.0,0.0,0.0,0.0,0.0,168.0,0.0,0.0,0.0,0.0,88.0,22.0,12120.0,1218.0,0.0,0.0,0.0,0.0,0.0,682.88,68.0,7604.0,2308.0,110.0,14.0,8.0,0.0,0.0,0.0,0.0,0.0,0.0,0.0
neg,38396,,0.0,,0.0,0.0,0.0,0.0,0.0,0.0,472.0,334764.0,1663368.0,371650.0,230.0,0.0,1068898.0,0.0,114.0,0.0,0.0,0.0,2151046.0,1933978.0,302058.0,188240.0,0.0,0.0,0.0,0.0,0.0,0.0,0.0,0.0,0.0,0.0,0.0,41882.0,1209114.0,291504.0,827984.0,0.0,1066.0,580.0,620.0,3444.0,1811882.0,552884.0,8.0,0.0,0.0,0.0,1082378.0,603788.0,310804.0,175246.0,147634.0,50430.0,204.0,0.0,0.0,0.0,2453342.0,0.0,148.0,64.0,276.0,1068898.0,31234.0,177334.0,123890.0,122520.0,172600.0,,,,,,,3700.0,38396.63,2453342.0,2453342.0,2459624.0,10901.0,21948.0,1108.0,30680.0,2370484.0,1209600.0,0.0,,,,2198076.48,0.0,170736.0,0.0,0.0,0.0,0.0,0.0,71262.0,1033664.0,1066952.0,189626.0,6910.0,1942.0,128.0,,0.0,2453342.0,,2122.0,348.0,42658.0,141870.0,140826.0,1892742.0,143476.0,6316.0,126.0,0.0,,,,,,,,,,1234.0,80.0,0.0,0.0,0.0,0.0,0.0,0.0,0.0,0.0,13412.0,33504.0,7936.0,0.0,0.0,79272.0,10612.0,11086080.0,1141922.0,0.0,0.0,0.0,0.0,37390990.0,596.3,712.0,184148.0,278180.0,271540.0,238582.0,1148264.0,248294.0,1384.0,82.0,10.0,0.0,0.0,0.0
neg,40938,,864.0,752.0,0.0,0.0,0.0,0.0,0.0,0.0,166364.0,2163232.0,1174356.0,84004.0,0.0,0.0,1462382.0,0.0,0.0,0.0,0.0,0.0,3079288.0,2562672.0,721320.0,402800.0,0.0,0.0,0.0,0.0,1762.0,284.0,0.0,0.0,0.0,0.0,0.0,0.0,2985204.0,594784.0,7968.0,0.0,3960.0,742.0,1226.0,5884.0,1115102.0,2428294.0,32748.0,0.0,0.0,0.0,1711068.0,940414.0,385160.0,222926.0,143416.0,123400.0,61572.0,0.0,0.0,0.0,3801752.0,0.0,1258.0,730.0,70.0,1462382.0,50774.0,260604.0,458354.0,260500.0,207780.0,206540.0,,,,,,36660.0,40937.53,3801752.0,3801752.0,3789120.0,14574.0,730.0,9552.0,161400.0,3587956.0,1209600.0,132786.0,0.0,262.0,0.0,2811861.12,0.0,772032.96,0.0,0.0,0.0,0.0,21970.0,871762.0,1839530.0,709300.0,122188.0,17658.0,5258.0,290.0,30.0,36.0,3801752.0,,8242.0,914.0,137374.0,514418.0,239998.0,1499396.0,1157572.0,29916.0,126.0,0.0,1248.0,808.0,2895806.0,339652.0,0.0,13966.0,0.0,28.0,2898876.0,3298.0,228.0,0.0,0.0,0.0,0.0,0.0,0.0,0.0,0.0,25616.0,17498.0,5322.0,0.0,0.0,122130.0,24832.0,7000.0,1024.0,0.0,0.0,0.0,0.0,937550.0,1797.98,2012.0,843862.0,1022072.0,330804.0,159320.0,338262.0,318366.0,349206.0,107446.0,115444.0,3174.0,0.0,0.0
neg,2,0.0,2130706432.0,62.0,0.0,0.0,0.0,0.0,0.0,0.0,104.0,91378.0,54950.0,1986.0,0.0,0.0,58298.0,0.0,0.0,0.0,180.0,488.0,147716.0,115308.0,105934.0,15748.0,0.0,0.0,0.0,0.0,4.0,154.0,0.0,0.0,0.0,0.0,0.0,0.0,0.0,23930.0,124488.0,0.0,1082.0,552.0,952.0,1420.0,3124.0,107856.0,33432.0,0.0,0.0,0.0,86424.0,29404.0,14010.0,6448.0,4424.0,3244.0,2232.0,874.0,510.0,848.0,253994.0,48.0,144.0,62.0,2.0,58298.0,1682.0,77908.0,27110.0,,,,,,,,,104420.0,1.07,253994.0,253994.0,244834.0,595.0,0.0,24196.0,252400.0,149524.0,1209600.0,4420.0,2.0,34.0,0.0,105137.28,0.0,43149.12,34.0,200.0,0.0,0.0,0.0,16384.0,53618.0,62030.0,12702.0,3282.0,402.0,0.0,14.0,18.0,253994.0,0.0,1604.0,126.0,3202.0,4132.0,8594.0,42210.0,83184.0,5260.0,106.0,0.0,86.0,678.0,107182.0,42492.0,0.0,362.0,0.0,0.0,108700.0,454.0,308.0,0.0,0.0,0.0,0.0,0.0,0.0,0.0,0.0,1690.0,286.0,100.0,0.0,0.0,2382.0,496.0,206660.0,20668.0,0.0,0.0,0.0,10.0,994920.0,3.94,316.0,45490.0,20270.0,6486.0,2592.0,6186.0,12514.0,15842.0,37118.0,1920.0,0.0,0.0,0.0
neg,203950,,618.0,482.0,0.0,0.0,0.0,0.0,19942.0,2050836.0,4705686.0,2833982.0,1087450.0,213512.0,16546.0,2240.0,5403710.0,0.0,48.0,0.0,772472.0,1109018.0,8851054.0,8641814.0,2079738.0,714182.0,8.0,0.0,0.0,0.0,628.0,574.0,0.0,0.0,0.0,0.0,7518.0,172180.0,1043328.0,8078100.0,1629068.0,0.0,13584.0,14992.0,28358.0,57950.0,10809686.0,5624.0,0.0,0.0,0.0,0.0,2230158.0,3032974.0,2136004.0,1400098.0,657092.0,385584.0,281924.0,335376.0,263850.0,207134.0,11705834.0,4464.0,906.0,19666.0,184.0,5403710.0,127832.0,889338.0,1186958.0,138920.0,138900.0,158660.0,185980.0,184420.0,267960.0,469460.0,238160.0,99780.0,203949.29,11705834.0,11705834.0,11700892.0,63862.0,22860.0,68702.0,800440.0,10930194.0,1209600.0,166224.0,194.0,192.0,0.0,9363377.28,0.0,1555962.24,154.0,1076.0,1500.0,391238.0,4097670.0,3986754.0,1589224.0,683018.0,157858.0,20218.0,2682.0,32.0,614.0,822.0,11705834.0,,9590.0,1566.0,775464.0,435000.0,628318.0,8724940.0,348486.0,6830.0,0.0,0.0,806.0,798.0,6454614.0,4530980.0,0.0,1314.0,0.0,0.0,9443070.0,11352.0,442.0,0.0,0.0,0.0,0.0,0.0,0.0,0.0,0.0,80742.0,27404.0,9092.0,12914608.0,1894094.0,232972.0,42272.0,1131840.0,520722.0,11550258.0,45916.0,0.0,0.0,0.0,3455.96,2804.0,1605694.0,722018.0,607926.0,300968.0,613602.0,467738.0,737352.0,5777444.0,97452.0,0.0,0.0,0.0
neg,36450,,2130706494.0,572.0,0.0,0.0,0.0,0.0,0.0,0.0,55830.0,943992.0,1374924.0,300122.0,43262.0,6908.0,1198690.0,0.0,0.0,0.0,1416.0,3224.0,1910838.0,1010390.0,1165306.0,851160.0,0.0,0.0,18614.0,0.0,1298.0,204.0,0.0,0.0,0.0,0.0,0.0,63484.0,1301902.0,469082.0,890570.0,0.0,1462.0,728.0,1860.0,21700.0,1745230.0,925026.0,29032.0,0.0,0.0,0.0,846370.0,545582.0,177252.0,140992.0,116858.0,103994.0,159094.0,616726.0,18170.0,0.0,3077944.0,192.0,14886.0,2784.0,56.0,1198690.0,62724.0,532168.0,627956.0,469160.0,435900.0,,,,,,,254940.0,36449.82,3077944.0,3077944.0,3066312.0,22699.0,1642.0,61884.0,653760.0,2725038.0,1209600.0,97924.0,2.0,74.0,0.0,2272140.48,0.0,451216.32,0.0,0.0,0.0,0.0,3380.0,233362.0,929014.0,1326762.0,217010.0,12260.0,3040.0,210.0,1346.0,1368.0,3077944.0,,3236.0,410.0,77522.0,201724.0,99808.0,1813892.0,506276.0,22078.0,92.0,0.0,966.0,680.0,2239536.0,225324.0,0.0,12864.0,0.0,36.0,2308146.0,2200.0,202.0,0.0,0.0,0.0,0.0,0.0,0.0,0.0,0.0,47542.0,29892.0,13256.0,0.0,0.0,40714.0,11454.0,5235500.0,559810.0,0.0,0.0,0.0,0.0,7531230.0,1015.64,1008.0,471792.0,580054.0,374258.0,193002.0,399654.0,424278.0,232122.0,44362.0,5516.0,0.0,0.0,0.0
neg,328,0.0,34.0,10.0,0.0,0.0,0.0,0.0,1478.0,4106.0,28868.0,22052.0,3624.0,0.0,0.0,0.0,25356.0,0.0,120.0,0.0,5716.0,11000.0,51128.0,43078.0,55924.0,5402.0,0.0,0.0,0.0,0.0,28.0,6.0,0.0,0.0,0.0,0.0,0.0,0.0,11478.0,38294.0,10356.0,0.0,1582.0,42.0,42.0,58.0,120.0,23102.0,28624.0,2240.0,4318.0,0.0,40878.0,8890.0,3552.0,2642.0,1628.0,882.0,878.0,372.0,114.0,292.0,112880.0,30.0,6.0,14.0,0.0,25356.0,1004.0,39292.0,15960.0,,,,,,,,,55000.0,327.16,112880.0,112880.0,109570.0,219.0,312.0,10680.0,112040.0,60278.0,1209600.0,1950.0,0.0,24.0,0.0,35164.8,17.28,23942.4,2.0,48.0,1424.0,3490.0,11060.0,18040.0,14414.0,7990.0,3642.0,58.0,10.0,0.0,8.0,20.0,112880.0,0.0,1534.0,82.0,2096.0,1932.0,3120.0,19506.0,29752.0,1990.0,112.0,4.0,16.0,24.0,35482.0,4578.0,0.0,16.0,0.0,0.0,37866.0,342.0,178.0,0.0,0.0,120.0,64.0,0.0,0.0,0.0,0.0,1018.0,154.0,36.0,34660.0,12852.0,1800.0,312.0,1080.0,378.0,26586.0,98.0,0.0,0.0,0.0,248.62,194.0,25534.0,11414.0,5166.0,2058.0,6132.0,3240.0,2516.0,3922.0,146.0,0.0,0.0,0.0
neg,740,,22.0,20.0,0.0,0.0,0.0,0.0,0.0,1168.0,37542.0,41422.0,2138.0,0.0,0.0,0.0,29412.0,0.0,38.0,0.0,4708.0,11322.0,73854.0,58658.0,39302.0,7318.0,0.0,0.0,0.0,0.0,26.0,22.0,0.0,0.0,0.0,0.0,0.0,0.0,4478.0,59554.0,18238.0,0.0,414.0,58.0,76.0,68.0,3070.0,78560.0,24.0,0.0,0.0,0.0,44488.0,18788.0,7740.0,4260.0,2342.0,1556.0,1492.0,1268.0,336.0,0.0,118048.0,4.0,6.0,28.0,2.0,29412.0,1222.0,21680.0,17452.0,,,,,,,,,38340.0,740.77,118048.0,118048.0,115634.0,313.0,0.0,10992.0,116660.0,82270.0,1209600.0,2124.0,4.0,20.0,0.0,46796.16,0.0,33900.48,0.0,50.0,0.0,866.0,14190.0,60528.0,5180.0,1156.0,350.0,0.0,0.0,0.0,2.0,32.0,118048.0,,1868.0,70.0,886.0,2754.0,2896.0,26374.0,44306.0,3028.0,88.0,0.0,14.0,48.0,50546.0,4180.0,0.0,2.0,0.0,0.0,51200.0,398.0,146.0,0.0,0.0,0.0,0.0,0.0,0.0,0.0,0.0,1244.0,270.0,54.0,59094.0,7116.0,1360.0,200.0,142480.0,14254.0,100208.0,236.0,0.0,0.0,0.0,249.4,198.0,37228.0,13076.0,3198.0,2274.0,2688.0,4118.0,8870.0,10808.0,2.0,8.0,0.0,0.0
neg,39732,,324.0,222.0,0.0,0.0,0.0,0.0,0.0,0.0,328.0,376660.0,1993724.0,394284.0,22004.0,0.0,1367112.0,0.0,0.0,0.0,0.0,0.0,2548454.0,2246252.0,680214.0,210416.0,0.0,0.0,0.0,0.0,220.0,100.0,0.0,0.0,0.0,0.0,0.0,45286.0,1046886.0,1574266.0,120562.0,0.0,2390.0,1790.0,2508.0,9222.0,1379386.0,1391540.0,164.0,0.0,0.0,0.0,1252942.0,504470.0,271226.0,229952.0,179826.0,133910.0,110974.0,103486.0,214.0,0.0,3229388.0,238.0,934.0,408.0,2.0,1367112.0,36000.0,437370.0,241366.0,258120.0,240820.0,,,,,,,174680.0,39732.89,3229388.0,3229388.0,3211554.0,15371.0,908.0,67508.0,802520.0,2787000.0,1209600.0,69278.0,0.0,120.0,0.0,2346825.6,0.0,395498.88,0.0,0.0,0.0,0.0,0.0,64428.0,1313774.0,1184992.0,205144.0,15884.0,2740.0,38.0,66.0,70.0,3229388.0,,4632.0,588.0,27132.0,238898.0,146708.0,1943346.0,414082.0,11516.0,98.0,0.0,460.0,290.0,2315168.0,68974.0,60.0,1344.0,0.0,0.0,2376258.0,1996.0,178.0,0.0,0.0,0.0,0.0,0.0,0.0,0.0,0.0,19500.0,37050.0,7366.0,0.0,0.0,88786.0,11286.0,52020.0,11850.0,0.0,0.0,0.0,0.0,951220.0,1353.48,1356.0,419574.0,475350.0,413544.0,219408.0,553806.0,425714.0,184098.0,78364.0,17004.0,138.0,0.0,0.0
neg,39230,,0.0,,0.0,0.0,0.0,0.0,0.0,0.0,18596.0,583532.0,1109524.0,685936.0,2822.0,0.0,1211730.0,4308.0,66.0,0.0,474.0,1086.0,2039148.0,1722334.0,555552.0,264198.0,0.0,0.0,0.0,0.0,0.0,0.0,0.0,0.0,0.0,0.0,0.0,58660.0,828718.0,980176.0,532856.0,0.0,13280.0,11182.0,15426.0,18656.0,845182.0,1479148.0,17532.0,4.0,0.0,0.0,845300.0,342574.0,219656.0,183900.0,172856.0,192614.0,276520.0,162110.0,4860.0,20.0,2595604.0,200.0,74.0,406.0,64.0,1211730.0,36544.0,282322.0,269468.0,285720.0,223880.0,1310700.0,1310700.0,1310700.0,1310700.0,1310700.0,1310700.0,40280.0,39230.72,2595604.0,2595604.0,2563308.0,18141.0,84108.0,13446.0,171380.0,2400410.0,1209600.0,0.0,,,,2192456.64,0.0,201398.4,,,0.0,0.0,3206.0,300792.0,779010.0,1013916.0,286488.0,12938.0,3822.0,238.0,,0.0,2595604.0,,4480.0,462.0,120078.0,90988.0,288234.0,1788488.0,104800.0,2880.0,0.0,0.0,,,,,,,,,,1688.0,46.0,0.0,0.0,0.0,0.0,0.0,0.0,0.0,0.0,21476.0,50364.0,7808.0,0.0,0.0,78500.0,13218.0,4728100.0,580238.0,0.0,0.0,0.0,0.0,38230740.0,,,218178.0,444740.0,338154.0,168744.0,314166.0,299758.0,229022.0,160676.0,214922.0,12050.0,0.0,0.0
neg,10558,,0.0,,0.0,0.0,0.0,0.0,0.0,2344.0,138308.0,519302.0,198416.0,2476.0,0.0,0.0,318732.0,0.0,0.0,0.0,7660.0,13282.0,870690.0,854228.0,49878.0,14216.0,0.0,0.0,0.0,0.0,0.0,0.0,101824.0,16518.0,8728.0,22434.0,12072.0,60368.0,201082.0,158514.0,279306.0,0.0,478.0,122.0,210.0,628.0,236438.0,622532.0,438.0,0.0,0.0,0.0,375752.0,404096.0,53378.0,22214.0,5018.0,304.0,82.0,2.0,0.0,0.0,928340.0,74.0,122.0,678.0,0.0,318732.0,3028.0,24850.0,24844.0,,,,,,,,,48840.0,10558.4,928340.0,928340.0,927530.0,2820.0,18058.0,92316.0,927020.0,860846.0,1209600.0,0.0,,,,730943.04,2.88,129327.36,0.0,0.0,0.0,0.0,29858.0,286264.0,453612.0,84316.0,5496.0,1070.0,226.0,4.0,,4.0,928340.0,,800.0,130.0,5992.0,75804.0,16884.0,232636.0,518610.0,9880.0,110.0,0.0,,,,,,,,,,432.0,66.0,0.0,0.0,0.0,4.0,0.0,0.0,0.0,0.0,1740.0,0.0,0.0,0.0,0.0,0.0,0.0,0.0,0.0,0.0,810.0,0.0,0.0,9558460.0,284.92,242.0,131580.0,60056.0,558762.0,87054.0,14076.0,4426.0,1828.0,1660.0,1344.0,60.0,0.0,0.0
neg,39872,,252.0,228.0,0.0,0.0,0.0,0.0,0.0,102.0,54228.0,1529552.0,1465566.0,316412.0,9338.0,0.0,1403784.0,0.0,0.0,0.0,1320.0,1944.0,2862016.0,2358498.0,668850.0,432512.0,0.0,0.0,0.0,0.0,608.0,162.0,0.0,0.0,0.0,0.0,0.0,0.0,2985804.0,344240.0,45154.0,0.0,2916.0,982.0,2392.0,777586.0,2072960.0,518026.0,336.0,0.0,0.0,0.0,1545786.0,652756.0,245030.0,176606.0,166820.0,299212.0,288988.0,0.0,0.0,0.0,3532870.0,0.0,3636.0,1128.0,36.0,1403784.0,51910.0,291560.0,374578.0,244580.0,212380.0,,,,,,,205060.0,39872.07,3532870.0,3532870.0,3544336.0,18793.0,8990.0,106678.0,1106220.0,3375198.0,1209600.0,145764.0,0.0,198.0,0.0,2683514.88,0.0,688924.8,0.0,0.0,0.0,0.0,4748.0,207488.0,1201256.0,1378724.0,514208.0,57018.0,10400.0,1356.0,18.0,26.0,3532870.0,,5404.0,764.0,159164.0,454650.0,153050.0,1929000.0,651296.0,21768.0,102.0,0.0,376.0,348.0,2605872.0,542734.0,0.0,14032.0,0.0,38.0,2736802.0,2802.0,294.0,0.0,0.0,0.0,0.0,0.0,0.0,0.0,0.0,25164.0,15292.0,6248.0,0.0,0.0,118188.0,27624.0,430220.0,55782.0,0.0,0.0,0.0,0.0,0.0,1612.22,1538.0,744762.0,756100.0,464166.0,227574.0,590886.0,560864.0,28588.0,1604.0,654.0,0.0,0.0,0.0
neg,40818,,950.0,900.0,0.0,0.0,0.0,0.0,0.0,0.0,10998.0,460020.0,1968092.0,298076.0,38446.0,1436.0,1216436.0,,,,0.0,,2524342.0,2190738.0,557006.0,286768.0,0.0,,,,1108.0,180.0,0.0,0.0,0.0,0.0,0.0,25628.0,1542400.0,970974.0,238066.0,0.0,2332.0,1588.0,2086.0,175238.0,1953092.0,642648.0,84.0,0.0,0.0,0.0,732910.0,750310.0,219256.0,165906.0,129976.0,119114.0,235334.0,424136.0,126.0,0.0,3081774.0,34.0,56.0,424.0,30.0,1216436.0,40968.0,386398.0,170026.0,202400.0,255000.0,,,,,,,95580.0,40818.49,3081774.0,3081774.0,3083654.0,21604.0,4698.0,63126.0,657660.0,2777068.0,1209600.0,102420.0,0.0,96.0,0.0,2386141.44,0.0,390407.04,0.0,0.0,0.0,0.0,0.0,79362.0,951114.0,1496340.0,234318.0,12400.0,3290.0,244.0,24.0,42.0,3081774.0,,3242.0,346.0,24714.0,186350.0,95120.0,1689298.0,756696.0,21146.0,156.0,0.0,1418.0,484.0,2352134.0,42884.0,0.0,274.0,0.0,30.0,2418214.0,1618.0,216.0,0.0,0.0,0.0,0.0,0.0,0.0,0.0,0.0,20208.0,33720.0,7830.0,0.0,0.0,108776.0,20012.0,243980.0,38698.0,747580.0,1106.0,0.0,0.0,1118140.0,1133.32,1034.0,406884.0,514684.0,380558.0,192754.0,389304.0,389068.0,308868.0,142880.0,52048.0,20.0,0.0,0.0
neg,774,,44.0,38.0,0.0,0.0,0.0,0.0,0.0,0.0,72.0,1308.0,48026.0,1892.0,0.0,0.0,19486.0,0.0,0.0,0.0,0.0,0.0,57378.0,50910.0,11970.0,3844.0,0.0,0.0,0.0,0.0,48.0,20.0,0.0,0.0,0.0,0.0,0.0,0.0,49504.0,672.0,1122.0,0.0,1268.0,70.0,72.0,136.0,32588.0,17156.0,8.0,0.0,0.0,0.0,26680.0,17410.0,4372.0,1814.0,370.0,340.0,296.0,16.0,0.0,0.0,69374.0,6.0,154.0,34.0,0.0,19486.0,656.0,5454.0,6404.0,,,,,,,,,11760.0,774.95,69374.0,69374.0,72584.0,179.0,1684.0,6750.0,69140.0,51298.0,1209600.0,1680.0,0.0,6.0,0.0,42615.36,0.0,7480.32,0.0,0.0,0.0,0.0,0.0,1120.0,16424.0,33158.0,512.0,84.0,0.0,0.0,4.0,8.0,69374.0,,1254.0,22.0,36.0,10016.0,866.0,5990.0,31036.0,2052.0,26.0,0.0,64.0,102.0,43666.0,9130.0,0.0,2.0,0.0,16.0,43736.0,74.0,60.0,0.0,0.0,0.0,0.0,0.0,0.0,0.0,0.0,320.0,354.0,78.0,0.0,0.0,1788.0,322.0,720.0,64.0,0.0,0.0,0.0,0.0,0.0,96.46,64.0,9268.0,5742.0,3746.0,2182.0,11068.0,17964.0,1302.0,26.0,0.0,0.0,0.0,0.0
pos,315716,,,,,,0.0,0.0,0.0,0.0,173108.0,10467020.0,25261166.0,16549950.0,2913822.0,155440.0,20776000.0,453870.0,52.0,,54.0,172.0,32078210.0,19062314.0,24703432.0,12705078.0,,0.0,74674.0,0.0,,,0.0,0.0,0.0,0.0,0.0,9624.0,14257964.0,41217826.0,35092.0,0.0,69306.0,42812.0,576806.0,19287848.0,29293392.0,6250170.0,122.0,24.0,4.0,22.0,25170868.0,10227180.0,3405808.0,2611084.0,2328592.0,2373130.0,2610670.0,3575362.0,2789628.0,428184.0,56791866.0,,,,,20776000.0,1143084.0,7648298.0,16982792.0,814080.0,663780.0,576360.0,518600.0,529440.0,571060.0,487900.0,479780.0,654340.0,315715.03,56791866.0,56791866.0,59327506.0,284507.0,,,1015500.0,55520506.0,1209600.0,,,,,37035651.84,0.0,18435792.96,,,0.0,0.0,0.0,355622.0,8901234.0,25789412.0,17625680.0,2630568.0,208874.0,9116.0,,,56791866.0,,65744.0,17750.0,9112280.0,11387780.0,23788182.0,10802130.0,344856.0,1784.0,0.0,0.0,,,,,,,,,,,,,,,,,,,,877710.0,,,,,,,,,,,,,,,,18796876.0,25585280.0,8363590.0,1054300.0,1263526.0,337980.0,66860.0,35944.0,16148.0,2.0,,
neg,184454,,1230.0,966.0,0.0,0.0,0.0,0.0,0.0,0.0,155998.0,3194194.0,5537468.0,389560.0,1608.0,0.0,4614728.0,0.0,156.0,0.0,0.0,0.0,8276548.0,7205294.0,1303860.0,970672.0,0.0,0.0,0.0,0.0,1324.0,1938.0,0.0,0.0,0.0,0.0,0.0,83758.0,3792572.0,692870.0,4709628.0,0.0,3274.0,924.0,2382.0,149714.0,7332962.0,1789454.0,118.0,0.0,0.0,0.0,2169152.0,2703984.0,1537508.0,1094216.0,696964.0,917128.0,159876.0,0.0,0.0,0.0,9580980.0,0.0,240.0,298.0,0.0,4614728.0,127666.0,636902.0,663116.0,168180.0,147920.0,158200.0,174280.0,168320.0,156700.0,186800.0,,133440.0,184454.07,9580980.0,9580980.0,9570530.0,58917.0,148072.0,103842.0,1103380.0,9278828.0,1209600.0,150324.0,0.0,216.0,0.0,8346537.6,0.0,926642.88,0.0,0.0,0.0,0.0,11196.0,979586.0,4546140.0,3262478.0,450656.0,21158.0,7120.0,494.0,3054.0,3068.0,9580980.0,,7944.0,1064.0,388410.0,371250.0,358014.0,5290464.0,2842394.0,19192.0,96.0,0.0,1324.0,2536.0,7868848.0,139502.0,74.0,3366.0,0.0,0.0,8403156.0,4230.0,1100.0,0.0,0.0,0.0,0.0,0.0,0.0,0.0,0.0,59968.0,154626.0,35354.0,0.0,0.0,219770.0,44116.0,700140.0,258284.0,0.0,0.0,0.0,0.0,124454030.0,2016.06,2242.0,983510.0,765278.0,560902.0,309968.0,705528.0,798492.0,1097116.0,1159390.0,2763380.0,135264.0,0.0,0.0
neg,39558,,2130706434.0,166.0,0.0,0.0,0.0,0.0,0.0,0.0,2846.0,899794.0,1065492.0,88254.0,4728.0,0.0,910186.0,0.0,0.0,0.0,0.0,0.0,1887696.0,1691662.0,237792.0,163572.0,0.0,0.0,0.0,0.0,172.0,72.0,0.0,0.0,0.0,0.0,0.0,51394.0,1470030.0,526500.0,13190.0,0.0,2394.0,480.0,752.0,117436.0,1657756.0,282206.0,90.0,0.0,0.0,0.0,537910.0,458788.0,152062.0,154770.0,149588.0,142538.0,198540.0,265598.0,1320.0,0.0,2125878.0,176.0,102.0,544.0,4.0,910186.0,20780.0,125236.0,111720.0,150420.0,,,,,,,,84000.0,39557.88,2125878.0,2125878.0,2132354.0,16535.0,1768.0,89522.0,911920.0,2061114.0,1209600.0,44088.0,2.0,54.0,0.0,1814724.48,0.0,243672.0,0.0,0.0,0.0,0.0,0.0,204284.0,999140.0,754152.0,91784.0,9434.0,2246.0,74.0,102.0,112.0,2125878.0,,4028.0,290.0,58946.0,123862.0,71630.0,1127502.0,664836.0,9888.0,132.0,0.0,286.0,138.0,1782890.0,87638.0,0.0,6260.0,0.0,28.0,1825292.0,1220.0,152.0,0.0,0.0,0.0,0.0,0.0,0.0,0.0,0.0,11590.0,47832.0,14022.0,0.0,0.0,45588.0,7884.0,2462980.0,268406.0,0.0,0.0,0.0,0.0,0.0,706.08,778.0,259744.0,206752.0,134672.0,70220.0,165426.0,162150.0,190354.0,196410.0,616788.0,58598.0,0.0,0.0
neg,41432,0.0,294.0,280.0,0.0,0.0,0.0,0.0,0.0,0.0,800584.0,1564556.0,99662.0,2010.0,0.0,0.0,1136586.0,0.0,0.0,0.0,5850.0,9050.0,2111170.0,1809088.0,458732.0,252252.0,0.0,0.0,0.0,0.0,90.0,1130.0,0.0,0.0,0.0,0.0,0.0,0.0,7204.0,1428984.0,1030624.0,0.0,2876.0,3144.0,3644.0,4880.0,8234.0,1629838.0,814196.0,0.0,0.0,0.0,1140054.0,496844.0,216140.0,147904.0,102650.0,78774.0,61964.0,59402.0,48714.0,114366.0,2576442.0,4248.0,6058.0,754.0,0.0,1136586.0,30162.0,129784.0,326544.0,190640.0,235280.0,,,,,,,26780.0,41432.85,2576442.0,2576442.0,2542070.0,12518.0,48.0,11272.0,150400.0,2468176.0,1209600.0,74620.0,0.0,48.0,0.0,2065791.36,0.0,398020.8,62.0,430.0,0.0,0.0,18444.0,476882.0,1081274.0,721214.0,157846.0,10560.0,580.0,12.0,90.0,100.0,2576442.0,0.0,4274.0,570.0,295624.0,106316.0,88794.0,1818506.0,147404.0,5316.0,8.0,0.0,394.0,2358.0,2063556.0,1323666.0,0.0,276.0,0.0,0.0,2101620.0,4654.0,514.0,0.0,0.0,0.0,0.0,0.0,0.0,0.0,0.0,15592.0,8814.0,2044.0,3986990.0,527282.0,65794.0,11094.0,212520.0,29036.0,2127054.0,27376.0,0.0,0.0,1432870.0,1075.34,1174.0,420554.0,261668.0,137982.0,59784.0,139848.0,119674.0,1209112.0,61632.0,56554.0,4.0,0.0,0.0
neg,160962,,1982.0,1602.0,0.0,0.0,0.0,0.0,0.0,0.0,34232.0,1911064.0,6306550.0,2296860.0,131980.0,1370.0,4725616.0,0.0,0.0,0.0,0.0,0.0,9633036.0,8394316.0,1799198.0,1061778.0,0.0,0.0,0.0,0.0,956.0,3848.0,0.0,0.0,0.0,0.0,0.0,251614.0,5377974.0,3394880.0,1657588.0,0.0,12306.0,7926.0,16658.0,505836.0,8241804.0,1897412.0,110.0,4.0,0.0,0.0,4029582.0,2745094.0,1232046.0,1022660.0,875458.0,614818.0,162398.0,0.0,0.0,0.0,11434168.0,0.0,5056.0,490.0,144.0,4725616.0,137870.0,984326.0,804582.0,160200.0,173840.0,159220.0,147540.0,212880.0,196500.0,195040.0,190900.0,94180.0,160961.92,11434168.0,11434168.0,11432350.0,54796.0,9574.0,41668.0,523640.0,10682056.0,1209600.0,319980.0,16.0,146.0,0.0,8676216.96,0.0,1997837.76,0.0,0.0,0.0,0.0,0.0,498276.0,3780474.0,4730084.0,1511140.0,139280.0,21448.0,1354.0,10.0,16.0,11434168.0,,16790.0,2106.0,346842.0,1010102.0,608132.0,6343134.0,2296540.0,58218.0,192.0,0.0,1604.0,10258.0,8784812.0,1349102.0,0.0,2118.0,0.0,68.0,8840326.0,7716.0,1060.0,0.0,0.0,0.0,0.0,0.0,0.0,0.0,0.0,73238.0,93156.0,25832.0,0.0,0.0,374718.0,66148.0,206400.0,36308.0,0.0,0.0,0.0,0.0,2003550.0,5292.44,4918.0,2110760.0,1540074.0,930406.0,445942.0,1043838.0,1202790.0,1797564.0,1195030.0,415010.0,642.0,0.0,0.0
neg,39654,,628.0,560.0,0.0,0.0,0.0,0.0,0.0,0.0,27418.0,168858.0,1758822.0,775198.0,51888.0,8720.0,1322734.0,1816.0,0.0,0.0,418.0,510.0,2426436.0,2000970.0,469212.0,361572.0,0.0,0.0,0.0,0.0,1830.0,346.0,0.0,0.0,0.0,0.0,0.0,38856.0,1019704.0,1170304.0,562040.0,0.0,6118.0,6126.0,8296.0,1039394.0,1544258.0,186598.0,114.0,0.0,0.0,0.0,673390.0,703808.0,233942.0,159240.0,114064.0,92488.0,148470.0,622674.0,42828.0,0.0,2896752.0,9580.0,3364.0,502.0,14.0,1322734.0,45022.0,230954.0,235880.0,173940.0,219420.0,,,,,,,68100.0,39653.07,2896752.0,2896752.0,2893088.0,25040.0,13990.0,42432.0,469880.0,2790904.0,1209600.0,103236.0,0.0,72.0,0.0,2526517.44,0.0,261669.12,0.0,0.0,0.0,0.0,7310.0,66304.0,299358.0,1476218.0,891258.0,41568.0,7884.0,1004.0,1228.0,1316.0,2896752.0,,5618.0,666.0,69886.0,106856.0,237414.0,1908986.0,438114.0,23062.0,302.0,0.0,914.0,1374.0,1877240.0,205960.0,0.0,2208.0,0.0,32.0,2568972.0,2752.0,162.0,0.0,0.0,0.0,0.0,0.0,0.0,0.0,0.0,26046.0,33922.0,7184.0,0.0,0.0,121950.0,14180.0,816360.0,132450.0,0.0,0.0,0.0,0.0,935130.0,1896.58,1722.0,285064.0,585404.0,481080.0,277728.0,721768.0,436146.0,3660.0,42.0,12.0,0.0,0.0,0.0
neg,180,,28.0,30.0,0.0,0.0,0.0,0.0,0.0,0.0,310.0,22002.0,17208.0,1312.0,0.0,0.0,,,,,,,,,,,0.0,,,,46.0,10.0,0.0,0.0,0.0,0.0,0.0,0.0,39392.0,0.0,1440.0,0.0,1662.0,24.0,50.0,104.0,96.0,38888.0,6.0,2.0,0.0,0.0,32568.0,5978.0,1200.0,394.0,430.0,262.0,0.0,0.0,0.0,0.0,,20.0,126.0,40.0,0.0,,,,,,,,,,,,,,179.29,,,54472.0,89.0,104.0,,,40832.0,,1754.0,0.0,10.0,0.0,19477.44,1605.12,17980.8,0.0,16.0,0.0,0.0,0.0,6652.0,27260.0,6620.0,228.0,72.0,0.0,0.0,0.0,4.0,,,1830.0,42.0,92.0,4370.0,988.0,6138.0,23004.0,3942.0,426.0,0.0,50.0,14.0,18336.0,5874.0,0.0,16.0,0.0,0.0,22830.0,228.0,26.0,0.0,0.0,0.0,1604.0,0.0,0.0,0.0,0.0,,0.0,2.0,0.0,0.0,458.0,136.0,2800.0,320.0,0.0,0.0,0.0,0.0,0.0,185.08,146.0,22228.0,10580.0,1944.0,5850.0,160.0,10.0,18.0,6.0,36.0,0.0,0.0,0.0
pos,886370,,,,,,0.0,0.0,0.0,9686.0,1630912.0,20477354.0,32501812.0,7096956.0,116748.0,2268.0,5616998.0,5038.0,790.0,0.0,7062.0,13628.0,12742784.0,10535862.0,4603100.0,1785502.0,,0.0,2976.0,0.0,,,0.0,0.0,0.0,0.0,1126674.0,20678234.0,31929412.0,7294040.0,807376.0,0.0,1211066.0,726872.0,647326.0,2948114.0,44787156.0,11514898.0,284.0,18.0,2.0,0.0,22067490.0,10590708.0,4140658.0,3414252.0,3285628.0,4060420.0,7074960.0,6521650.0,656558.0,23412.0,17357228.0,,,,,5616998.0,229284.0,2002602.0,2580100.0,329060.0,272280.0,305560.0,374460.0,481900.0,415400.0,302100.0,323080.0,121600.0,886370.41,17357228.0,17357228.0,65019246.0,464418.0,,7592.0,373920.0,61835736.0,1209600.0,,,,,53873638.08,0.0,7911845.76,70656.0,,0.0,132.0,116972.0,5049284.0,25006134.0,27003304.0,4012908.0,517952.0,119612.0,9438.0,,,17357228.0,,77066.0,15234.0,4717578.0,3155890.0,19710454.0,32577642.0,1571704.0,10166.0,2.0,0.0,,,,,,,,,,,,,,,,,,,,134324.0,,,,,,,,,,,,,,1.38,0.0,8289004.0,14449472.0,8869580.0,3951706.0,7649278.0,6570486.0,5331960.0,3073550.0,3555656.0,95044.0,,
neg,9170,,0.0,,0.0,0.0,0.0,0.0,0.0,0.0,0.0,0.0,0.0,0.0,0.0,0.0,741146.0,46480.0,0.0,0.0,0.0,0.0,1425660.0,1116204.0,498970.0,275712.0,0.0,0.0,0.0,0.0,0.0,0.0,0.0,0.0,0.0,0.0,0.0,0.0,0.0,0.0,0.0,0.0,0.0,0.0,0.0,0.0,0.0,0.0,0.0,0.0,0.0,0.0,0.0,0.0,0.0,0.0,0.0,0.0,0.0,0.0,0.0,0.0,1925034.0,0.0,16.0,644.0,0.0,741146.0,31060.0,111864.0,385608.0,284100.0,,,,,,,,210920.0,9169.17,1925034.0,1925034.0,202.0,0.0,46114.0,68606.0,711560.0,0.0,1209600.0,0.0,,,,813806.4,0.0,1003632.0,0.0,0.0,0.0,0.0,0.0,0.0,0.0,0.0,0.0,0.0,0.0,0.0,,0.0,1925034.0,,0.0,0.0,0.0,0.0,0.0,0.0,0.0,0.0,0.0,0.0,,,,,,,,,,4728.0,312.0,0.0,0.0,0.0,0.0,0.0,0.0,0.0,0.0,14414.0,3424.0,948.0,0.0,0.0,43502.0,7590.0,2150320.0,242524.0,0.0,0.0,0.0,0.0,8154100.0,0.0,0.0,0.0,0.0,0.0,0.0,0.0,0.0,0.0,0.0,0.0,0.0,0.0,0.0
neg,1068,0.0,26.0,16.0,0.0,0.0,0.0,0.0,0.0,0.0,20608.0,75524.0,25516.0,17946.0,2514.0,10740.0,59658.0,0.0,0.0,0.0,0.0,0.0,145002.0,124446.0,33136.0,8598.0,0.0,0.0,5390.0,0.0,82.0,24.0,0.0,0.0,0.0,0.0,0.0,0.0,0.0,139724.0,13124.0,0.0,1856.0,174.0,310.0,232.0,314.0,113556.0,36406.0,0.0,0.0,0.0,110314.0,13076.0,8680.0,9502.0,5148.0,2960.0,1788.0,908.0,326.0,146.0,178304.0,34.0,22.0,12.0,0.0,59658.0,1742.0,12706.0,20152.0,,,,,,,,,31940.0,1068.38,178304.0,178304.0,173744.0,491.0,0.0,16926.0,176840.0,153146.0,1209600.0,2484.0,0.0,24.0,0.0,59101.44,68299.2,24388.8,4.0,62.0,0.0,0.0,2834.0,26612.0,47538.0,50804.0,12276.0,4316.0,8468.0,0.0,4.0,8.0,178304.0,0.0,1798.0,128.0,23486.0,25116.0,20262.0,27166.0,53070.0,1784.0,38.0,0.0,18.0,44.0,58294.0,7522.0,0.0,0.0,0.0,0.0,62504.0,452.0,240.0,0.0,0.0,620.0,68902.0,0.0,0.0,0.0,0.0,1572.0,336.0,56.0,0.0,0.0,1902.0,390.0,1920.0,192.0,0.0,0.0,0.0,0.0,68380.0,382.62,330.0,94710.0,11628.0,6106.0,2556.0,5774.0,13336.0,6250.0,12408.0,80.0,0.0,0.0,0.0
pos,1397064,,,,0.0,0.0,0.0,0.0,0.0,1698.0,475080.0,9630580.0,40350768.0,15625124.0,1403194.0,18336298.0,32012174.0,534786.0,648150.0,,13734.0,26002.0,76044714.0,62779992.0,23923438.0,12304744.0,0.0,0.0,14866.0,0.0,0.0,0.0,0.0,0.0,0.0,0.0,0.0,2615198.0,30710340.0,40411142.0,12086062.0,0.0,144920.0,159934.0,287840.0,506204.0,39173630.0,45478612.0,71568.0,30.0,4.0,0.0,30571964.0,14201088.0,7976752.0,6400830.0,5334816.0,5615788.0,8470062.0,4229574.0,1957228.0,1064640.0,99993394.0,3528.0,3782.0,5314.0,2490.0,32012174.0,1297592.0,10085106.0,13744032.0,269320.0,340220.0,381100.0,450660.0,496100.0,446380.0,419020.0,451580.0,156060.0,1397063.8,99993394.0,99993394.0,89602592.0,612536.0,15240026.0,,624700.0,85822742.0,1209600.0,0.0,,,,77388672.96,0.0,8339646.72,0.0,0.0,0.0,0.0,48526.0,3254788.0,29141554.0,45464682.0,7002390.0,714234.0,183836.0,12732.0,,0.0,99993394.0,,77350.0,15974.0,5402048.0,3251964.0,26195676.0,48476294.0,2375366.0,28070.0,0.0,0.0,,,,,,,,,,51964.0,1862.0,,,,,,,,,865456.0,1047788.0,292690.0,0.0,0.0,3056730.0,623562.0,129904620.0,61286262.0,0.0,0.0,0.0,0.0,,32118.84,36334.0,8816166.0,14974806.0,11948848.0,6019830.0,11571782.0,10022972.0,8479544.0,5196762.0,8173980.0,618052.0,0.0,0.0
pos,95382,,,,,,0.0,65784.0,929626.0,2348628.0,4557660.0,5329822.0,2146172.0,307398.0,14872.0,0.0,4958288.0,520778.0,0.0,,1055754.0,3239260.0,6598822.0,4321386.0,9551650.0,2680226.0,,0.0,0.0,0.0,,,0.0,0.0,0.0,0.0,0.0,0.0,517438.0,10483658.0,4698866.0,0.0,67326.0,35286.0,63436.0,114226.0,9481384.0,5938302.0,2.0,0.0,0.0,0.0,5197278.0,5512170.0,2029380.0,903272.0,542952.0,376570.0,289998.0,247938.0,147340.0,453064.0,17209672.0,,,,,4958288.0,187494.0,2144288.0,7380014.0,912280.0,933080.0,814240.0,749640.0,773100.0,679060.0,616000.0,524380.0,190260.0,95381.42,17209672.0,17209672.0,16910250.0,50032.0,,,242640.0,15699962.0,1209600.0,,,,,10381441.92,0.0,5299732.8,,,148984.0,1380912.0,2904160.0,5051386.0,4399006.0,1602694.0,174012.0,33444.0,5302.0,62.0,,,17209672.0,,20192.0,4274.0,2530476.0,2224966.0,1961024.0,7477662.0,1454960.0,26408.0,0.0,0.0,6018.0,23280.0,985008.0,75186.0,0.0,140480.0,0.0,0.0,8554804.0,,,,,,,,,,,162396.0,,,,,,,,,,,,,,,,5534018.0,6537232.0,2089060.0,531986.0,571674.0,296124.0,53408.0,84140.0,2320.0,0.0,,
neg,8,,6.0,6.0,0.0,0.0,0.0,0.0,0.0,0.0,6.0,0.0,3104.0,0.0,0.0,0.0,1442.0,0.0,0.0,0.0,0.0,0.0,6706.0,5504.0,2792.0,414.0,0.0,0.0,0.0,0.0,4.0,2.0,0.0,0.0,0.0,0.0,0.0,0.0,3110.0,0.0,0.0,0.0,14.0,0.0,8.0,12.0,224.0,2852.0,0.0,0.0,0.0,0.0,2424.0,412.0,104.0,70.0,34.0,24.0,28.0,14.0,0.0,0.0,9508.0,2.0,16.0,10.0,0.0,1442.0,82.0,1888.0,898.0,,,,,,,,,2740.0,8.36,9508.0,9508.0,13918.0,7.0,0.0,914.0,9420.0,3110.0,1209600.0,256.0,2.0,0.0,0.0,1464.0,581.76,1051.2,0.0,12.0,0.0,0.0,0.0,0.0,2952.0,110.0,48.0,0.0,0.0,0.0,10.0,16.0,9508.0,,34.0,2.0,10.0,232.0,58.0,860.0,1402.0,472.0,40.0,0.0,8.0,6.0,1410.0,92.0,0.0,16.0,0.0,68.0,2092.0,30.0,58.0,0.0,0.0,340.0,6450.0,0.0,0.0,0.0,0.0,70.0,0.0,0.0,0.0,0.0,56.0,22.0,3340.0,334.0,8810.0,46.0,0.0,0.0,0.0,10.96,14.0,1712.0,1304.0,74.0,10.0,10.0,0.0,0.0,0.0,0.0,0.0,0.0,0.0
neg,40390,,522.0,422.0,0.0,0.0,0.0,0.0,0.0,0.0,1754.0,254844.0,2149418.0,465336.0,12490.0,58.0,1347426.0,0.0,0.0,0.0,0.0,0.0,2558552.0,2131244.0,787500.0,355238.0,0.0,0.0,0.0,0.0,38.0,106.0,0.0,0.0,0.0,0.0,0.0,307460.0,1373186.0,977954.0,225300.0,0.0,4056.0,2842.0,5118.0,186768.0,2316024.0,369014.0,78.0,0.0,0.0,0.0,913032.0,601458.0,332242.0,308124.0,267842.0,261200.0,200002.0,0.0,0.0,0.0,3346814.0,0.0,92.0,132.0,54.0,1347426.0,45200.0,544680.0,241702.0,303580.0,262360.0,,,,,,,214740.0,40389.49,3346814.0,3346814.0,3348228.0,19040.0,5366.0,87662.0,918660.0,2883900.0,1209600.0,113500.0,0.0,66.0,0.0,2532870.72,0.0,347568.96,0.0,0.0,0.0,0.0,0.0,12280.0,557250.0,1563914.0,704214.0,38112.0,6980.0,1150.0,228.0,248.0,3346814.0,,6144.0,720.0,101498.0,180424.0,159862.0,1979258.0,436610.0,19132.0,252.0,0.0,418.0,176.0,2525334.0,6826.0,0.0,29110.0,0.0,18.0,2558314.0,1812.0,572.0,0.0,0.0,0.0,0.0,0.0,0.0,0.0,0.0,25188.0,37684.0,6188.0,0.0,0.0,82338.0,17428.0,67040.0,17998.0,0.0,0.0,0.0,0.0,39389330.0,1489.42,1536.0,374316.0,738692.0,475124.0,197078.0,346238.0,213280.0,168432.0,121902.0,236174.0,12664.0,0.0,0.0
neg,15220,,0.0,,0.0,0.0,0.0,0.0,0.0,0.0,3742.0,637828.0,3004650.0,1973202.0,130900.0,0.0,2463788.0,0.0,58.0,,0.0,0.0,5320034.0,4802990.0,1031030.0,459394.0,0.0,0.0,0.0,0.0,0.0,0.0,0.0,0.0,0.0,0.0,0.0,0.0,5677602.0,71584.0,1136.0,0.0,4564.0,1652.0,8326.0,9870.0,140406.0,5523520.0,61984.0,0.0,0.0,0.0,4199242.0,864264.0,344958.0,123142.0,77114.0,61842.0,51058.0,28698.0,4.0,0.0,6351222.0,0.0,178.0,1330.0,6.0,2463788.0,68332.0,390084.0,639822.0,312380.0,163660.0,138660.0,227020.0,142760.0,0.0,0.0,0.0,39600.0,15220.65,6351222.0,6351222.0,6316304.0,11431.0,423228.0,,294740.0,5750322.0,1209600.0,0.0,,,,1785924.48,3929917.44,26719.68,0.0,0.0,0.0,0.0,0.0,147278.0,1092124.0,2984060.0,1465710.0,58710.0,2422.0,18.0,,382.0,6351222.0,,3884.0,664.0,2192.0,737826.0,2095984.0,1004188.0,1800442.0,104938.0,204.0,0.0,,,,,,,,,,11150.0,282.0,,,,,,,,,45024.0,3068.0,726.0,0.0,0.0,120576.0,25038.0,3720420.0,935052.0,0.0,0.0,0.0,0.0,,1761.44,1862.0,4002478.0,1253174.0,184064.0,72638.0,141022.0,66000.0,22124.0,5766.0,3056.0,0.0,0.0,0.0
neg,8,,26.0,24.0,0.0,0.0,0.0,0.0,0.0,0.0,18.0,696.0,3662.0,0.0,0.0,0.0,1770.0,0.0,0.0,0.0,0.0,0.0,6222.0,4334.0,2850.0,608.0,0.0,0.0,0.0,0.0,20.0,8.0,0.0,0.0,0.0,0.0,0.0,0.0,4376.0,0.0,0.0,0.0,42.0,2.0,16.0,12.0,396.0,3906.0,2.0,0.0,0.0,0.0,3636.0,504.0,132.0,44.0,28.0,18.0,14.0,0.0,0.0,0.0,9092.0,0.0,10.0,30.0,0.0,1770.0,132.0,1030.0,1810.0,,,,,,,,,2740.0,7.49,9092.0,9092.0,11060.0,8.0,320.0,832.0,9000.0,4376.0,1209600.0,286.0,2.0,0.0,0.0,1593.6,51.84,2698.56,0.0,18.0,0.0,0.0,0.0,460.0,3566.0,320.0,30.0,0.0,0.0,0.0,0.0,12.0,9092.0,,52.0,6.0,18.0,64.0,126.0,1760.0,1642.0,508.0,200.0,0.0,32.0,24.0,2112.0,96.0,0.0,2.0,0.0,24.0,2466.0,54.0,40.0,0.0,0.0,90.0,88.0,0.0,0.0,0.0,0.0,124.0,0.0,0.0,0.0,0.0,48.0,24.0,4360.0,1374.0,11518.0,22.0,0.0,0.0,0.0,25.38,22.0,2946.0,1310.0,114.0,6.0,0.0,0.0,0.0,0.0,0.0,0.0,0.0,0.0
neg,233402,,600.0,544.0,0.0,0.0,0.0,0.0,0.0,0.0,126292.0,4294770.0,8374430.0,1416404.0,24578.0,0.0,6400670.0,0.0,0.0,0.0,0.0,0.0,12830874.0,11150406.0,2279564.0,1512202.0,0.0,0.0,0.0,0.0,440.0,586.0,0.0,0.0,0.0,0.0,0.0,295742.0,9452970.0,3693612.0,794150.0,0.0,6708.0,3172.0,12224.0,196330.0,12096922.0,1912162.0,8956.0,0.0,0.0,0.0,4214710.0,3201052.0,1339640.0,1185022.0,1241910.0,1661048.0,1393092.0,0.0,0.0,0.0,15111402.0,0.0,806.0,1468.0,114.0,6400670.0,191422.0,1676006.0,598658.0,174420.0,200720.0,187220.0,179420.0,156580.0,170520.0,158380.0,156600.0,77360.0,233402.1,15111402.0,15111402.0,15135284.0,97151.0,65854.0,50016.0,574220.0,14236474.0,1209600.0,442674.0,2.0,254.0,0.0,13097670.72,0.0,1131756.48,0.0,0.0,0.0,0.0,0.0,558280.0,5046312.0,6905118.0,1628652.0,76020.0,18674.0,3418.0,1048.0,1146.0,15111402.0,,12472.0,2216.0,490678.0,871906.0,1063870.0,10300312.0,1479100.0,15826.0,94.0,0.0,488.0,718.0,12503928.0,211898.0,0.0,100358.0,0.0,38.0,13195782.0,6446.0,606.0,0.0,0.0,0.0,0.0,0.0,0.0,0.0,0.0,106112.0,310680.0,116322.0,0.0,0.0,412110.0,70194.0,36887620.0,4081346.0,0.0,0.0,0.0,0.0,92931530.0,3483.02,3190.0,1184448.0,2035026.0,2421040.0,1279570.0,2684342.0,2074120.0,1531252.0,641796.0,381136.0,3744.0,0.0,0.0
neg,82,,38.0,54.0,0.0,0.0,0.0,0.0,0.0,0.0,60.0,12728.0,7176.0,716.0,0.0,0.0,8194.0,0.0,112.0,0.0,0.0,0.0,19222.0,14022.0,13458.0,2090.0,0.0,0.0,0.0,0.0,46.0,4.0,0.0,0.0,0.0,0.0,0.0,0.0,0.0,6342.0,14338.0,0.0,962.0,26.0,30.0,52.0,1544.0,18066.0,0.0,0.0,0.0,0.0,15042.0,3180.0,882.0,508.0,280.0,162.0,136.0,464.0,26.0,0.0,32688.0,0.0,0.0,0.0,0.0,8194.0,460.0,8224.0,5196.0,,,,,,,,,13200.0,82.32,32688.0,32688.0,32846.0,51.0,266.0,3058.0,32400.0,20680.0,1209600.0,814.0,0.0,12.0,0.0,9430.08,175.68,10730.88,0.0,16.0,0.0,0.0,0.0,6630.0,9728.0,3128.0,1054.0,128.0,12.0,0.0,6.0,0.0,32688.0,,1018.0,26.0,28.0,1414.0,1350.0,5568.0,9112.0,1966.0,198.0,0.0,80.0,90.0,10130.0,172.0,0.0,0.0,0.0,0.0,10320.0,54.0,0.0,0.0,0.0,0.0,0.0,0.0,0.0,0.0,0.0,276.0,0.0,0.0,0.0,0.0,0.0,228.0,340.0,36.0,0.0,16.0,0.0,0.0,0.0,71.54,58.0,12148.0,5230.0,1914.0,426.0,490.0,260.0,112.0,8.0,92.0,0.0,0.0,0.0
neg,46,,2130706432.0,8.0,0.0,0.0,0.0,0.0,0.0,0.0,78.0,3278.0,8048.0,1310.0,0.0,0.0,4812.0,0.0,0.0,0.0,0.0,0.0,12728.0,9748.0,8724.0,1188.0,0.0,0.0,0.0,0.0,50.0,20.0,0.0,0.0,0.0,0.0,0.0,0.0,12714.0,0.0,0.0,0.0,390.0,38.0,52.0,112.0,5270.0,6852.0,0.0,0.0,0.0,0.0,11106.0,1238.0,230.0,56.0,42.0,28.0,14.0,0.0,0.0,0.0,21476.0,0.0,4.0,0.0,0.0,4812.0,314.0,5622.0,3082.0,,,,,,,,,8540.0,45.29,21476.0,21476.0,22448.0,23.0,0.0,2026.0,21300.0,12714.0,1209600.0,890.0,2.0,2.0,0.0,7336.32,0.0,5330.88,0.0,0.0,0.0,0.0,0.0,2166.0,4284.0,5616.0,626.0,22.0,0.0,0.0,2.0,10.0,21476.0,,124.0,28.0,292.0,1444.0,1470.0,2390.0,5416.0,1516.0,34.0,0.0,16.0,234.0,8204.0,4.0,0.0,2.0,0.0,20.0,8210.0,82.0,24.0,0.0,0.0,0.0,0.0,0.0,0.0,0.0,0.0,188.0,0.0,0.0,0.0,0.0,410.0,118.0,17600.0,1770.0,0.0,0.0,0.0,0.0,0.0,370.9,48.0,5870.0,5788.0,686.0,178.0,162.0,18.0,12.0,0.0,0.0,0.0,0.0,0.0
neg,900,,2130706432.0,42.0,0.0,0.0,0.0,0.0,0.0,0.0,64.0,7400.0,43278.0,2972.0,0.0,0.0,21288.0,0.0,0.0,0.0,0.0,0.0,51784.0,47398.0,6486.0,2912.0,0.0,0.0,0.0,0.0,104.0,38.0,0.0,0.0,0.0,0.0,0.0,0.0,36362.0,3238.0,14114.0,0.0,58.0,6.0,20.0,22.0,4542.0,48842.0,224.0,0.0,0.0,0.0,18884.0,26454.0,5416.0,2364.0,428.0,92.0,48.0,28.0,0.0,0.0,58286.0,0.0,10.0,230.0,0.0,21288.0,478.0,2896.0,3568.0,,,,,,,,,6380.0,900.12,58286.0,58286.0,61656.0,187.0,0.0,5730.0,58120.0,53714.0,1209600.0,1110.0,2.0,4.0,0.0,48095.04,0.0,5553.6,0.0,0.0,0.0,0.0,0.0,5688.0,21960.0,25724.0,252.0,90.0,0.0,0.0,0.0,4.0,58286.0,,94.0,22.0,212.0,2484.0,994.0,8814.0,38774.0,2292.0,28.0,0.0,80.0,138.0,48704.0,29892.0,0.0,10.0,0.0,18.0,48756.0,60.0,22.0,0.0,0.0,0.0,0.0,0.0,0.0,0.0,0.0,268.0,114.0,84.0,0.0,0.0,820.0,194.0,92040.0,9214.0,0.0,0.0,0.0,0.0,0.0,44.34,38.0,6304.0,6084.0,4266.0,1240.0,4646.0,30108.0,910.0,126.0,30.0,0.0,0.0,0.0
neg,11486,0.0,250.0,190.0,0.0,0.0,0.0,0.0,0.0,2406.0,224190.0,1045472.0,373416.0,12744.0,0.0,0.0,630250.0,0.0,0.0,0.0,6688.0,10110.0,1388284.0,1323854.0,367876.0,51022.0,0.0,0.0,0.0,0.0,316.0,46.0,0.0,0.0,0.0,0.0,0.0,0.0,0.0,155328.0,1502900.0,0.0,3178.0,972.0,1112.0,1048.0,982.0,876542.0,767534.0,6860.0,0.0,0.0,1132776.0,354442.0,78338.0,38004.0,23854.0,15802.0,8814.0,6114.0,84.0,0.0,1763358.0,58.0,66.0,336.0,0.0,630250.0,25266.0,98804.0,268590.0,262700.0,,,,,,,,101600.0,11485.04,1763358.0,1763358.0,1754800.0,3400.0,102.0,54138.0,549300.0,1659104.0,1209600.0,79028.0,0.0,152.0,0.0,1035457.92,45625.92,575400.0,6.0,196.0,0.0,66.0,42308.0,234674.0,867168.0,463366.0,47346.0,2274.0,968.0,58.0,30.0,36.0,1763358.0,0.0,3502.0,352.0,518390.0,167052.0,123704.0,583772.0,256168.0,5248.0,40.0,0.0,380.0,112.0,999498.0,91508.0,0.0,6496.0,0.0,0.0,1072990.0,3530.0,246.0,18470.0,73970.0,0.0,0.0,0.0,0.0,0.0,0.0,11164.0,1650.0,322.0,0.0,0.0,77474.0,9056.0,27500.0,3034.0,0.0,0.0,0.0,0.0,0.0,804.4,830.0,655380.0,525296.0,204060.0,49470.0,67690.0,81334.0,51892.0,23074.0,32.0,0.0,0.0,0.0
neg,50024,,60.0,54.0,0.0,0.0,0.0,0.0,0.0,0.0,84978.0,1539910.0,1635194.0,173154.0,7522.0,416.0,1509748.0,10814.0,58.0,0.0,0.0,0.0,2935556.0,2371352.0,727418.0,494880.0,0.0,0.0,2656.0,0.0,144.0,88.0,0.0,0.0,0.0,0.0,0.0,46578.0,2121312.0,747470.0,525814.0,0.0,2964.0,500.0,776.0,160998.0,2327670.0,948250.0,16.0,0.0,0.0,0.0,1078850.0,1011844.0,334846.0,229582.0,179854.0,155012.0,196310.0,247630.0,7246.0,0.0,3663630.0,356.0,150.0,374.0,14.0,1509748.0,54790.0,402190.0,323612.0,240620.0,228580.0,242400.0,,,,,,9380.0,50023.81,3663630.0,3663630.0,3658704.0,20786.0,1868.0,119360.0,27660.0,3441174.0,1209600.0,130098.0,0.0,92.0,0.0,3196585.92,0.0,241013.76,0.0,0.0,0.0,0.0,1188.0,445584.0,1447154.0,1336788.0,194508.0,12790.0,3050.0,112.0,0.0,4.0,3663630.0,,5596.0,638.0,51342.0,123042.0,165672.0,2496584.0,574138.0,23986.0,176.0,0.0,106.0,296.0,2574922.0,20100.0,0.0,118852.0,0.0,50.0,3235302.0,2116.0,162.0,0.0,0.0,0.0,0.0,0.0,0.0,0.0,0.0,31586.0,48226.0,9468.0,0.0,0.0,123592.0,14746.0,3375060.0,356728.0,0.0,0.0,0.0,0.0,453190.0,1323.3,1484.0,270330.0,626248.0,633414.0,566556.0,1222650.0,115260.0,3384.0,1628.0,1662.0,42.0,0.0,0.0
neg,60252,,0.0,,0.0,0.0,0.0,0.0,0.0,0.0,3454.0,274726.0,2796700.0,825732.0,4776.0,0.0,1830022.0,0.0,174.0,0.0,0.0,0.0,3568532.0,3264702.0,495808.0,253732.0,0.0,0.0,0.0,0.0,0.0,0.0,0.0,0.0,0.0,0.0,0.0,2494.0,1078998.0,2538792.0,285104.0,0.0,9444.0,7476.0,11788.0,17016.0,1014064.0,2845600.0,0.0,0.0,0.0,0.0,1775274.0,454464.0,316162.0,254204.0,204138.0,182124.0,250698.0,385246.0,81740.0,1338.0,4064816.0,70.0,158.0,1090.0,230.0,1830022.0,41540.0,260352.0,233418.0,155920.0,105260.0,170340.0,1310700.0,1310700.0,1310700.0,1310700.0,1310700.0,56980.0,60252.14,4064816.0,4064816.0,4034270.0,25325.0,241514.0,39868.0,427460.0,3905388.0,1209600.0,0.0,,,,3330397.44,0.0,568836.48,,,0.0,0.0,0.0,77520.0,1585614.0,2052044.0,169018.0,17720.0,3428.0,44.0,,0.0,4064816.0,,6098.0,532.0,160470.0,239096.0,179566.0,2703048.0,597114.0,19452.0,12.0,0.0,,,,,,,,,,2578.0,38.0,0.0,0.0,0.0,0.0,0.0,0.0,0.0,0.0,20206.0,59616.0,10684.0,0.0,0.0,152612.0,21932.0,5623540.0,1244782.0,0.0,0.0,0.0,0.0,30252160.0,,,589116.0,630558.0,446842.0,246634.0,519110.0,484320.0,436574.0,290050.0,257614.0,4570.0,0.0,0.0
neg,60160,,,,,,0.0,0.0,0.0,0.0,15100.0,1085786.0,4939308.0,2316790.0,173280.0,4838.0,3228070.0,0.0,0.0,,0.0,0.0,6345962.0,5090330.0,2907498.0,1149776.0,,0.0,0.0,0.0,,,0.0,0.0,0.0,0.0,0.0,0.0,214662.0,8318152.0,2288.0,0.0,16326.0,9094.0,12348.0,2014922.0,5434572.0,1047828.0,12.0,0.0,0.0,0.0,3176092.0,2438872.0,812088.0,516262.0,388406.0,322018.0,279568.0,307872.0,260666.0,33258.0,9257242.0,,,,,3228070.0,151636.0,1343836.0,1551736.0,347400.0,368740.0,429360.0,437340.0,390040.0,371280.0,264260.0,0.0,241160.0,60159.1,9257242.0,9257242.0,,38296.0,,,750920.0,,1209600.0,,,,,6960576.0,0.0,1558896.96,,,0.0,0.0,0.0,148734.0,1893024.0,4119476.0,2085434.0,244822.0,40962.0,2650.0,,,9257242.0,,16530.0,4940.0,631794.0,1308852.0,3210454.0,3164894.0,193728.0,3910.0,0.0,0.0,,,,,,,,,,,,,,,,,,,,84176.0,,,,,,,,,,,,,,,,1618454.0,5163354.0,733168.0,267124.0,465084.0,210472.0,58364.0,17418.0,1664.0,0.0,,
neg,44224,,80.0,78.0,0.0,0.0,0.0,0.0,0.0,0.0,47062.0,708304.0,1526762.0,535854.0,37452.0,1002.0,1254732.0,0.0,0.0,0.0,0.0,0.0,2636302.0,2384734.0,324848.0,214046.0,0.0,0.0,0.0,0.0,174.0,78.0,0.0,0.0,0.0,0.0,0.0,0.0,1424616.0,1385596.0,46224.0,0.0,1594.0,626.0,1402.0,353868.0,2010526.0,488374.0,46.0,0.0,0.0,0.0,815520.0,708944.0,268342.0,228898.0,194722.0,155006.0,152364.0,331276.0,1364.0,0.0,2961406.0,162.0,1184.0,82.0,0.0,1254732.0,26102.0,185816.0,137896.0,123920.0,140400.0,,,,,,,56740.0,44223.5,2961406.0,2961406.0,2966774.0,20663.0,2106.0,51974.0,538480.0,2856436.0,1209600.0,67648.0,0.0,80.0,0.0,2470270.08,0.0,384576.0,0.0,0.0,0.0,0.0,0.0,218560.0,886022.0,1345848.0,387092.0,15440.0,3420.0,54.0,316.0,332.0,2961406.0,,3162.0,374.0,27740.0,115580.0,171898.0,1873400.0,655496.0,8736.0,50.0,0.0,136.0,598.0,2262942.0,14206.0,0.0,158.0,0.0,26.0,2485014.0,1624.0,246.0,0.0,0.0,0.0,0.0,0.0,0.0,0.0,0.0,13814.0,24248.0,4456.0,0.0,0.0,66152.0,7888.0,289120.0,67476.0,0.0,0.0,0.0,0.0,4223520.0,772.34,834.0,401476.0,504096.0,380088.0,177942.0,355530.0,329562.0,288154.0,160596.0,233514.0,25478.0,0.0,0.0
neg,30956,,844.0,758.0,0.0,0.0,0.0,0.0,0.0,0.0,182.0,251618.0,1259940.0,629042.0,57806.0,13606.0,934072.0,0.0,0.0,0.0,0.0,0.0,1975228.0,1712554.0,400468.0,209222.0,0.0,0.0,0.0,0.0,2188.0,396.0,0.0,0.0,0.0,0.0,0.0,79846.0,1286844.0,731236.0,114268.0,0.0,2726.0,848.0,942.0,285326.0,1578446.0,343744.0,162.0,0.0,0.0,0.0,758792.0,396926.0,175454.0,150496.0,131724.0,124310.0,220766.0,253724.0,2.0,0.0,2376106.0,180.0,76.0,450.0,24.0,934072.0,23134.0,201346.0,196260.0,231280.0,,,,,,,,163920.0,30955.62,2376106.0,2376106.0,2368618.0,16896.0,932.0,112708.0,1160860.0,2212194.0,1209600.0,70884.0,2.0,46.0,0.0,1846175.04,0.0,360809.28,0.0,0.0,0.0,0.0,0.0,30384.0,442772.0,1216594.0,492198.0,27532.0,2518.0,196.0,240.0,248.0,2376106.0,,4020.0,372.0,40754.0,185504.0,123616.0,1546956.0,294508.0,16270.0,194.0,0.0,964.0,994.0,1716300.0,51658.0,0.0,320.0,0.0,34.0,1875510.0,1742.0,226.0,0.0,0.0,0.0,0.0,0.0,0.0,0.0,0.0,13692.0,29462.0,4892.0,0.0,0.0,51364.0,7090.0,505880.0,85052.0,2151876.0,9450.0,0.0,0.0,955640.0,818.24,912.0,379772.0,397808.0,317968.0,170074.0,339558.0,312592.0,221444.0,60774.0,12184.0,20.0,0.0,0.0
pos,238702,,426.0,348.0,0.0,0.0,0.0,0.0,0.0,12198.0,638676.0,4586604.0,7230602.0,2366708.0,114124.0,5788.0,6974074.0,11092.0,0.0,0.0,12972.0,27466.0,12686542.0,10412504.0,2749920.0,2056200.0,0.0,0.0,0.0,0.0,570.0,716.0,0.0,0.0,0.0,0.0,0.0,951200.0,6662402.0,5798266.0,1542832.0,0.0,6972.0,1832.0,3522.0,235364.0,9445814.0,5245806.0,15388.0,2.0,0.0,0.0,4809492.0,3451770.0,1407330.0,1107644.0,1167184.0,1968614.0,1026992.0,15674.0,0.0,0.0,15451682.0,596.0,126.0,450.0,14.0,6974074.0,227954.0,1437466.0,1286246.0,291440.0,263880.0,222860.0,247000.0,188800.0,179460.0,194220.0,186140.0,205420.0,238701.95,15451682.0,15451682.0,15471574.0,94542.0,79798.0,74468.0,907640.0,14954700.0,1209600.0,453298.0,0.0,546.0,0.0,13452244.8,0.0,1492061.76,0.0,0.0,0.0,0.0,62820.0,1630096.0,5618110.0,5931084.0,1595388.0,92518.0,24010.0,674.0,104.0,114.0,15451682.0,,19064.0,2662.0,197578.0,805552.0,468438.0,7888462.0,5456318.0,116264.0,362.0,0.0,348.0,918.0,11165882.0,26684.0,26.0,163426.0,0.0,0.0,13533880.0,8414.0,840.0,0.0,0.0,0.0,0.0,0.0,0.0,0.0,0.0,129826.0,187810.0,39756.0,0.0,0.0,575314.0,82458.0,4560940.0,891084.0,0.0,0.0,0.0,0.0,35573610.0,4543.92,5282.0,1568364.0,2561214.0,2210264.0,1095288.0,2135078.0,1864538.0,1701790.0,971846.0,836204.0,10114.0,0.0,0.0
neg,14,,4.0,4.0,0.0,0.0,0.0,0.0,0.0,0.0,50.0,0.0,6152.0,126.0,0.0,0.0,2164.0,0.0,0.0,0.0,0.0,0.0,7360.0,5620.0,4044.0,888.0,0.0,0.0,0.0,0.0,0.0,0.0,0.0,0.0,0.0,0.0,0.0,0.0,6326.0,0.0,2.0,0.0,40.0,14.0,22.0,24.0,960.0,5266.0,2.0,0.0,0.0,0.0,5544.0,658.0,94.0,24.0,2.0,6.0,0.0,0.0,0.0,0.0,11414.0,0.0,6.0,4.0,0.0,2164.0,164.0,2050.0,1980.0,,,,,,,,,3940.0,14.97,11414.0,11414.0,12978.0,10.0,0.0,1084.0,11320.0,6328.0,1209600.0,568.0,2.0,0.0,0.0,3182.4,240.0,2860.8,0.0,10.0,0.0,0.0,0.0,0.0,4488.0,1738.0,102.0,0.0,0.0,0.0,0.0,6.0,11414.0,,72.0,6.0,22.0,208.0,744.0,1876.0,2612.0,768.0,20.0,0.0,6.0,0.0,3992.0,224.0,0.0,0.0,0.0,14.0,4010.0,86.0,46.0,0.0,0.0,50.0,430.0,0.0,0.0,0.0,0.0,108.0,0.0,0.0,0.0,0.0,192.0,38.0,6160.0,630.0,13322.0,12.0,0.0,0.0,0.0,31.18,32.0,3314.0,2932.0,82.0,0.0,0.0,0.0,0.0,0.0,0.0,0.0,0.0,0.0
neg,48668,,250.0,180.0,0.0,0.0,0.0,0.0,0.0,0.0,4428.0,669150.0,1954904.0,274476.0,15638.0,404.0,1339932.0,0.0,0.0,0.0,0.0,0.0,2662454.0,2355084.0,410800.0,249204.0,0.0,0.0,0.0,0.0,530.0,304.0,0.0,0.0,0.0,0.0,0.0,10222.0,292220.0,2042508.0,574050.0,0.0,2252.0,836.0,1430.0,39802.0,1624208.0,1241428.0,9044.0,0.0,0.0,0.0,806988.0,729126.0,249228.0,221108.0,224236.0,234370.0,350792.0,103152.0,0.0,0.0,3074058.0,72.0,916.0,196.0,8.0,1339932.0,35734.0,227964.0,181834.0,154100.0,160200.0,,,,,,,89620.0,48668.33,3074058.0,3074058.0,3075746.0,20701.0,11492.0,60894.0,647260.0,2919000.0,1209600.0,80722.0,0.0,92.0,0.0,2632425.6,0.0,283423.68,0.0,0.0,0.0,0.0,0.0,94306.0,1189174.0,1423690.0,190916.0,17504.0,3266.0,144.0,2.0,8.0,3074058.0,,5012.0,878.0,36512.0,158806.0,144674.0,1933100.0,629450.0,10130.0,438.0,0.0,630.0,726.0,2518386.0,96176.0,62.0,1436.0,0.0,0.0,2653572.0,2496.0,176.0,0.0,0.0,0.0,0.0,0.0,0.0,0.0,0.0,19212.0,46530.0,8850.0,0.0,0.0,89678.0,14012.0,343200.0,71002.0,0.0,0.0,0.0,0.0,2204750.0,1479.02,1602.0,307300.0,471506.0,379750.0,183564.0,391034.0,374542.0,257494.0,174978.0,352104.0,26728.0,0.0,0.0
neg,197772,,23376.0,20416.0,0.0,0.0,0.0,0.0,0.0,0.0,4384.0,2074010.0,24039286.0,5133190.0,29046.0,0.0,94196.0,1608.0,0.0,0.0,0.0,0.0,170266.0,113956.0,120880.0,51812.0,0.0,0.0,0.0,0.0,143810.0,12632.0,0.0,0.0,0.0,0.0,0.0,4380.0,134320.0,9479470.0,21661746.0,0.0,10280.0,4678.0,6264.0,3651056.0,22536890.0,5070728.0,16.0,4.0,0.0,0.0,16880526.0,5163374.0,1995276.0,1400594.0,998180.0,795014.0,1056824.0,2990128.0,0.0,0.0,291180.0,0.0,14594.0,5478.0,916.0,94196.0,3486.0,28940.0,91604.0,,,,,,,,,120480.0,197771.0,291180.0,291180.0,32747292.0,166241.0,566254.0,28696.0,290720.0,31279916.0,1209600.0,874588.0,942.0,1070.0,0.0,18337264.32,0.0,12918095.04,0.0,0.0,0.0,0.0,0.0,1354.0,1850208.0,18438784.0,10404862.0,556772.0,25132.0,2804.0,3128.0,3248.0,291180.0,,16842.0,2220.0,2770558.0,9491200.0,1809024.0,13665636.0,3454390.0,68836.0,1210.0,0.0,47552.0,29078.0,13280282.0,3316290.0,86.0,32650.0,0.0,0.0,18536874.0,23772.0,9672.0,0.0,0.0,0.0,0.0,0.0,0.0,0.0,0.0,2340.0,87420.0,19232.0,0.0,0.0,685188.0,114514.0,14180760.0,3355916.0,0.0,0.0,0.0,0.0,167770910.0,4203.24,4642.0,13024272.0,11128346.0,3205648.0,1837898.0,1992386.0,55956.0,17954.0,8412.0,8710.0,334.0,0.0,0.0
neg,139884,,,,,,0.0,0.0,1736.0,366240.0,2369526.0,6099950.0,4486578.0,1400734.0,114318.0,4672.0,1572840.0,0.0,260.0,,124502.0,207882.0,11829342.0,11121924.0,3197004.0,790060.0,,0.0,0.0,0.0,,,0.0,0.0,0.0,0.0,0.0,0.0,0.0,1548514.0,13295240.0,0.0,4630.0,1974.0,12380.0,24154.0,4214804.0,10585706.0,102.0,2.0,2.0,0.0,7178000.0,4679952.0,1602134.0,490634.0,278792.0,214264.0,171008.0,223814.0,5156.0,0.0,15149870.0,,,,,1572840.0,155772.0,549802.0,2640550.0,257780.0,227400.0,232300.0,233520.0,233700.0,231860.0,224240.0,249400.0,147760.0,139884.01,15149870.0,15149870.0,,53558.0,,,629720.0,,1209600.0,,,,,9031841.28,0.0,5805173.76,,,0.0,76198.0,856456.0,3909780.0,6783310.0,3028776.0,184084.0,5076.0,74.0,0.0,,,15149870.0,,4726.0,444.0,1873286.0,1683230.0,6550560.0,4714358.0,17150.0,0.0,0.0,0.0,1352.0,4048.0,5432050.0,1218208.0,0.0,22236.0,0.0,0.0,8327600.0,,,,,,,,,,,160582.0,,,,,,,,,,,,,,,,5907942.0,2936388.0,1342692.0,429466.0,795826.0,970228.0,1491050.0,964256.0,5906.0,0.0,,
neg,1462,,130.0,122.0,0.0,0.0,0.0,0.0,0.0,0.0,5946.0,24024.0,65754.0,62.0,0.0,0.0,42016.0,0.0,0.0,0.0,0.0,0.0,87790.0,76576.0,25548.0,6982.0,0.0,0.0,0.0,0.0,108.0,38.0,0.0,0.0,0.0,0.0,0.0,0.0,52996.0,4984.0,37806.0,0.0,1306.0,24.0,44.0,82.0,32342.0,61986.0,2.0,0.0,0.0,0.0,38178.0,43274.0,8920.0,3456.0,940.0,556.0,382.0,80.0,0.0,0.0,113384.0,0.0,0.0,546.0,0.0,42016.0,1078.0,15760.0,9674.0,,,,,,,,,25180.0,1462.5,113384.0,113384.0,116274.0,332.0,0.0,10320.0,112920.0,95786.0,1209600.0,1628.0,0.0,6.0,0.0,76869.12,0.0,17604.48,0.0,0.0,0.0,0.0,476.0,15420.0,72038.0,7066.0,608.0,152.0,26.0,0.0,4.0,8.0,113384.0,,1390.0,36.0,236.0,8220.0,5172.0,26752.0,51698.0,2266.0,16.0,0.0,186.0,172.0,77888.0,50912.0,0.0,14.0,0.0,48.0,77928.0,152.0,56.0,0.0,0.0,0.0,0.0,0.0,0.0,0.0,0.0,610.0,200.0,76.0,0.0,0.0,1410.0,370.0,380.0,38.0,73858.0,72.0,0.0,0.0,462530.0,102.88,84.0,20114.0,8600.0,4256.0,2858.0,8706.0,50798.0,454.0,0.0,0.0,0.0,0.0,0.0
neg,3454,,268.0,240.0,0.0,0.0,0.0,0.0,0.0,0.0,162.0,18694.0,148806.0,26700.0,42.0,0.0,82988.0,0.0,0.0,0.0,0.0,0.0,183142.0,167394.0,26750.0,12564.0,0.0,0.0,0.0,0.0,182.0,66.0,0.0,0.0,0.0,0.0,0.0,0.0,100296.0,93112.0,996.0,0.0,1180.0,124.0,118.0,116.0,23764.0,169034.0,68.0,0.0,0.0,0.0,74950.0,82236.0,23934.0,10076.0,2052.0,568.0,466.0,114.0,8.0,0.0,209920.0,0.0,0.0,242.0,0.0,82988.0,2622.0,13918.0,12782.0,,,,,,,,,26400.0,3454.76,209920.0,209920.0,213572.0,726.0,0.0,20788.0,209620.0,194404.0,1209600.0,5056.0,2.0,8.0,0.0,177176.64,0.0,16063.68,0.0,0.0,0.0,0.0,0.0,2684.0,100394.0,85326.0,5004.0,836.0,160.0,0.0,2.0,16.0,209920.0,,1272.0,30.0,3976.0,18014.0,3310.0,91142.0,74728.0,1892.0,40.0,0.0,430.0,246.0,178604.0,82174.0,0.0,2.0,0.0,44.0,178640.0,122.0,52.0,0.0,0.0,0.0,0.0,0.0,0.0,0.0,0.0,984.0,1160.0,368.0,0.0,0.0,5524.0,1428.0,820.0,76.0,0.0,0.0,0.0,0.0,2454770.0,82.94,92.0,18272.0,18598.0,8594.0,4256.0,34348.0,105960.0,2242.0,1014.0,1024.0,96.0,0.0,0.0
neg,74666,,0.0,,0.0,0.0,0.0,0.0,0.0,0.0,3812.0,92996.0,3794534.0,449124.0,1374.0,0.0,2115544.0,0.0,0.0,0.0,0.0,0.0,3973584.0,3663316.0,462400.0,261490.0,0.0,0.0,0.0,0.0,0.0,0.0,0.0,0.0,0.0,0.0,0.0,5114.0,1053372.0,3225038.0,58316.0,0.0,11774.0,17716.0,27260.0,70802.0,3419286.0,794980.0,18.0,4.0,0.0,0.0,1393634.0,764906.0,525374.0,382226.0,281554.0,245386.0,378118.0,370612.0,30.0,0.0,4436510.0,14.0,534.0,1348.0,112.0,2115544.0,46910.0,237490.0,223988.0,118140.0,127300.0,135040.0,,,,,,75580.0,74666.12,4436510.0,4436510.0,4407338.0,31001.0,700688.0,76740.0,801080.0,4341840.0,1209600.0,0.0,,,,4116286.08,0.0,219750.72,,,0.0,0.0,0.0,6538.0,2508526.0,1747116.0,62352.0,13778.0,3496.0,34.0,,0.0,4436510.0,,5264.0,476.0,325638.0,147210.0,266772.0,3428858.0,165690.0,1932.0,0.0,0.0,,,,,,,,,,2242.0,52.0,0.0,0.0,0.0,0.0,0.0,0.0,0.0,0.0,22006.0,39586.0,7420.0,0.0,0.0,136482.0,24836.0,7767640.0,1122122.0,0.0,0.0,0.0,0.0,17278800.0,,,236086.0,734484.0,605456.0,324908.0,848768.0,708428.0,364294.0,183404.0,301986.0,34026.0,0.0,0.0
neg,14,,26.0,,0.0,0.0,0.0,0.0,0.0,0.0,48.0,2614.0,3660.0,0.0,0.0,0.0,2342.0,0.0,0.0,0.0,0.0,0.0,5504.0,3412.0,14752.0,418.0,0.0,0.0,0.0,0.0,14.0,42.0,0.0,0.0,0.0,0.0,0.0,0.0,0.0,1110.0,5212.0,0.0,1058.0,22.0,12.0,30.0,18.0,5182.0,0.0,0.0,0.0,0.0,5036.0,496.0,140.0,68.0,10.0,48.0,38.0,486.0,0.0,0.0,20286.0,4.0,0.0,2.0,0.0,2342.0,176.0,12862.0,1868.0,,,,,,,,,14560.0,14.43,20286.0,20286.0,21352.0,24.0,58.0,1904.0,20100.0,6322.0,1209600.0,0.0,,,,2228.16,0.0,3037.44,0.0,18.0,0.0,0.0,0.0,1610.0,4238.0,474.0,0.0,0.0,0.0,0.0,,6.0,20286.0,,1048.0,2.0,32.0,348.0,106.0,4586.0,200.0,0.0,0.0,0.0,,,,,,,,,,56.0,26.0,0.0,0.0,0.0,6.0,0.0,0.0,0.0,0.0,142.0,0.0,0.0,2920.0,444.0,146.0,26.0,6340.0,684.0,14.0,8.0,0.0,0.0,0.0,58.18,52.0,4220.0,1626.0,344.0,112.0,20.0,0.0,0.0,0.0,0.0,0.0,0.0,0.0
neg,702,0.0,2130706432.0,10.0,0.0,0.0,0.0,0.0,0.0,0.0,33974.0,6456.0,2056.0,0.0,0.0,0.0,,,,,,,,,,,0.0,,,,10.0,20.0,0.0,0.0,0.0,0.0,0.0,0.0,0.0,29320.0,13166.0,0.0,122.0,134.0,804.0,190.0,144.0,38798.0,1838.0,456.0,0.0,0.0,15834.0,15224.0,7742.0,1854.0,518.0,498.0,482.0,148.0,30.0,156.0,,0.0,2.0,82.0,0.0,,,,,,,,,,,,,,701.69,,,75230.0,188.0,0.0,,,42566.0,,860.0,2.0,6.0,0.0,33932.16,0.0,7600.32,2.0,20.0,0.0,0.0,32252.0,6630.0,2570.0,446.0,562.0,26.0,0.0,0.0,0.0,4.0,,0.0,1098.0,24.0,594.0,3500.0,486.0,28828.0,6896.0,1052.0,8.0,0.0,12.0,42.0,34288.0,21762.0,0.0,0.0,0.0,0.0,34494.0,98.0,50.0,0.0,0.0,0.0,0.0,0.0,0.0,0.0,0.0,,0.0,0.0,0.0,0.0,408.0,86.0,291700.0,29158.0,0.0,0.0,0.0,0.0,0.0,1.12,62.0,9144.0,4710.0,1512.0,180.0,480.0,2488.0,3492.0,20472.0,8.0,0.0,0.0,0.0
neg,388,,16.0,10.0,4.0,2.0,0.0,0.0,0.0,0.0,24708.0,4106.0,1654.0,0.0,0.0,0.0,13720.0,0.0,794.0,0.0,0.0,0.0,47040.0,41854.0,12706.0,1370.0,0.0,0.0,0.0,0.0,30.0,10.0,0.0,0.0,0.0,0.0,0.0,0.0,0.0,0.0,30468.0,0.0,1180.0,86.0,178.0,658.0,1298.0,27068.0,0.0,0.0,0.0,0.0,8602.0,15162.0,5584.0,504.0,126.0,104.0,42.0,344.0,0.0,0.0,59790.0,0.0,12.0,8.0,0.0,13720.0,430.0,8590.0,4034.0,,,,,,,,,12440.0,387.05,59790.0,59790.0,64270.0,97.0,110.0,5744.0,59440.0,30468.0,1209600.0,822.0,0.0,8.0,0.0,23385.6,0.0,6140.16,,,0.0,0.0,15084.0,13172.0,1306.0,452.0,454.0,0.0,0.0,0.0,4.0,12.0,59790.0,,954.0,20.0,902.0,904.0,1300.0,15220.0,10740.0,426.0,2.0,0.0,10.0,6.0,23008.0,228.0,0.0,0.0,0.0,0.0,23842.0,70.0,50.0,0.0,0.0,0.0,0.0,0.0,0.0,0.0,0.0,312.0,0.0,0.0,4728.0,1662.0,602.0,104.0,440.0,332.0,0.0,66.0,0.0,0.0,0.0,,,7686.0,5198.0,2768.0,956.0,1900.0,4668.0,5414.0,1878.0,0.0,0.0,0.0,0.0
neg,8,0.0,8.0,2.0,2.0,2.0,,,,,,,,,,,1620.0,0.0,218.0,0.0,0.0,0.0,10044.0,8164.0,6726.0,52.0,0.0,0.0,0.0,0.0,14.0,4.0,,,,,,,,,,,,,,,,,,,,,,,,,,,,,,,16798.0,0.0,6.0,20.0,0.0,1620.0,132.0,5418.0,1296.0,,,,,,,,,6580.0,8.23,16798.0,16798.0,19486.0,22.0,0.0,1574.0,16640.0,4938.0,1209600.0,190.0,0.0,6.0,0.0,1121.28,0.0,2724.48,0.0,14.0,,,,,,,,,,,8.0,14.0,16798.0,0.0,,,,,,,,,,,4.0,8.0,948.0,204.0,0.0,0.0,0.0,0.0,1400.0,46.0,64.0,0.0,0.0,0.0,0.0,0.0,0.0,0.0,0.0,128.0,0.0,0.0,28.0,120.0,18.0,6.0,40.0,4.0,0.0,4.0,0.0,0.0,0.0,90.78,44.0,,,,,,,,,,,0.0,0.0
pos,195268,0.0,,0.0,,,0.0,0.0,69162.0,569778.0,3669832.0,4329458.0,1725374.0,410480.0,41066.0,2984.0,,,,,,,,,,,,,,,,,0.0,0.0,0.0,0.0,0.0,208.0,108396.0,5337250.0,5372280.0,0.0,22400.0,11448.0,22150.0,61506.0,251938.0,9686852.0,335526.0,426308.0,6.0,0.0,3251738.0,2385038.0,1317908.0,835046.0,555394.0,402216.0,337694.0,303742.0,159822.0,1269536.0,,,,,,,,,,,,,,,,,,,,,,12063486.0,69088.0,,,,10825770.0,,,0.0,0.0,0.0,,,,700.0,3100.0,20878.0,156172.0,554846.0,1326772.0,2764344.0,2491910.0,1726692.0,1301658.0,388498.0,86364.0,0.0,,,0.0,22134.0,3374.0,654120.0,440980.0,1148722.0,7953930.0,555620.0,38744.0,504.0,6.0,0.0,0.0,0.0,0.0,0.0,0.0,0.0,0.0,0.0,,,,,,,,,,,,,,,,,,,,,,,,,,6664.0,1027470.0,1374212.0,945840.0,403650.0,835958.0,882110.0,2056392.0,3236850.0,55652.0,0.0,,
pos,493224,2.0,3100.0,920.0,0.0,0.0,8516.0,229532.0,1456150.0,3418952.0,1755710.0,267214.0,27258.0,0.0,0.0,0.0,14833174.0,15482.0,36.0,0.0,3894000.0,6594572.0,25352010.0,24560822.0,12361166.0,3828654.0,80.0,0.0,0.0,0.0,15266.0,10404.0,0.0,0.0,0.0,0.0,0.0,0.0,94538.0,2832250.0,4236544.0,0.0,13582.0,9408.0,11290.0,13190.0,36670.0,1213354.0,935200.0,4930638.0,0.0,0.0,2879950.0,1346178.0,905524.0,429210.0,304896.0,218144.0,161060.0,164400.0,120496.0,633474.0,41609168.0,7660.0,7132.0,35052.0,28.0,14833174.0,430666.0,5452454.0,6894032.0,624520.0,564120.0,499700.0,521360.0,483860.0,419440.0,444260.0,349240.0,242760.0,493223.39,41609168.0,41609168.0,7950486.0,39791.0,108140.0,27390.0,454460.0,7157940.0,1209600.0,554550.0,0.0,76.0,0.0,25690193.28,2765524.8,8779104.0,1010.0,1718.0,745304.0,1282050.0,1624050.0,738482.0,566558.0,596046.0,1012772.0,513684.0,69332.0,15054.0,518.0,3224.0,41609168.0,0.0,4954.0,738.0,895082.0,1190302.0,380212.0,4269346.0,411302.0,11338.0,58.0,0.0,1410.0,10058.0,4455674.0,1737920.0,0.0,12.0,0.0,0.0,4891454.0,18174.0,3844.0,0.0,0.0,150.0,2766072.0,0.0,0.0,0.0,0.0,325850.0,116292.0,43998.0,45587688.0,8802296.0,568996.0,99856.0,1222100.0,559836.0,36178178.0,7892.0,10.0,280.0,119108230.0,1520.12,1536.0,2306602.0,500830.0,501188.0,306338.0,913546.0,2518878.0,103116.0,11004.0,1830.0,0.0,86.0,606.0
neg,238742,,2130706434.0,1494.0,0.0,0.0,0.0,0.0,0.0,0.0,30116.0,1841946.0,9172182.0,3130038.0,45566.0,0.0,6405852.0,0.0,0.0,0.0,0.0,0.0,13093420.0,11902300.0,1692772.0,1035586.0,0.0,0.0,0.0,0.0,3116.0,720.0,0.0,0.0,0.0,0.0,0.0,481634.0,6139774.0,6623734.0,974706.0,0.0,6524.0,1930.0,4446.0,222210.0,11659102.0,2316932.0,8670.0,34.0,0.0,0.0,4149076.0,2552564.0,1791520.0,1657200.0,1405986.0,1141502.0,1441066.0,80934.0,0.0,0.0,14788218.0,0.0,2.0,118.0,22.0,6405852.0,155462.0,1074728.0,615052.0,123260.0,104880.0,117300.0,107260.0,96380.0,109460.0,105140.0,97480.0,21600.0,238741.55,14788218.0,14788218.0,14872528.0,78631.0,20876.0,14136.0,247320.0,14219848.0,1209600.0,237972.0,0.0,32.0,0.0,12770490.24,0.0,1434998.4,0.0,0.0,0.0,0.0,420.0,267914.0,3605434.0,7507022.0,2619084.0,173734.0,40104.0,6136.0,5484.0,5490.0,14788218.0,,18356.0,2834.0,108610.0,1038572.0,1022450.0,11132178.0,890590.0,6258.0,0.0,0.0,2134.0,1492.0,6175538.0,0.0,0.0,556.0,0.0,0.0,6205784.0,3150.0,226.0,0.0,0.0,0.0,0.0,0.0,0.0,0.0,0.0,73292.0,76412.0,36916.0,0.0,0.0,167390.0,46282.0,17262480.0,1740348.0,0.0,0.0,0.0,0.0,0.0,4542.84,5376.0,1531798.0,2245898.0,1862944.0,952728.0,1841878.0,1477854.0,1250748.0,915658.0,2024638.0,115704.0,0.0,0.0
neg,2518,,50.0,34.0,0.0,0.0,0.0,0.0,1766.0,29390.0,61622.0,41142.0,44574.0,0.0,0.0,0.0,72976.0,0.0,0.0,0.0,20036.0,30538.0,135926.0,128554.0,57494.0,11286.0,0.0,0.0,0.0,0.0,96.0,42.0,0.0,0.0,0.0,0.0,0.0,0.0,0.0,37284.0,141210.0,0.0,2172.0,726.0,1770.0,2058.0,11698.0,160070.0,0.0,0.0,0.0,0.0,65874.0,50034.0,47138.0,10982.0,2494.0,712.0,414.0,730.0,106.0,10.0,213594.0,152.0,18.0,172.0,0.0,72976.0,2152.0,20908.0,35342.0,,,,,,,,,55780.0,2518.15,213594.0,213594.0,210156.0,804.0,0.0,20282.0,212040.0,178494.0,1209600.0,4080.0,0.0,46.0,0.0,131728.32,0.0,45450.24,14.0,142.0,0.0,27536.0,52984.0,48114.0,24328.0,25236.0,208.0,78.0,10.0,0.0,26.0,30.0,213594.0,,1352.0,68.0,4182.0,4760.0,10010.0,139942.0,18180.0,0.0,0.0,0.0,70.0,98.0,132816.0,24336.0,0.0,8.0,0.0,0.0,137506.0,530.0,580.0,0.0,0.0,0.0,0.0,0.0,0.0,0.0,0.0,2120.0,448.0,76.0,41704.0,14672.0,2594.0,734.0,1920.0,192.0,12126.0,150.0,0.0,0.0,1518170.0,246.18,276.0,48918.0,20638.0,9592.0,4752.0,13872.0,23130.0,29126.0,28378.0,88.0,0.0,0.0,0.0
neg,2,,2.0,2.0,0.0,0.0,,,,,,,,,,,1484.0,0.0,200.0,0.0,0.0,0.0,13700.0,11992.0,2088.0,244.0,0.0,0.0,0.0,0.0,10.0,10.0,,,,,,,,,,,,,,,,,,,,,,,,,,,,,,,15790.0,0.0,16.0,0.0,0.0,1484.0,128.0,732.0,1342.0,,,,,,,,,2000.0,2.95,15790.0,15790.0,17136.0,15.0,0.0,1506.0,15660.0,5038.0,1209600.0,204.0,0.0,8.0,0.0,1387.2,0.0,2704.32,0.0,8.0,,,,,,,,,,,0.0,12.0,15790.0,,,,,,,,,,,,2.0,6.0,824.0,64.0,0.0,0.0,0.0,0.0,1548.0,30.0,58.0,0.0,0.0,0.0,0.0,0.0,0.0,0.0,0.0,130.0,0.0,0.0,124.0,90.0,46.0,12.0,2280.0,240.0,9288.0,8.0,0.0,0.0,0.0,134.6,28.0,,,,,,,,,,,0.0,0.0
neg,50214,,628.0,574.0,0.0,0.0,0.0,0.0,0.0,0.0,1500.0,200024.0,1939846.0,1760102.0,77256.0,2750.0,1644312.0,0.0,0.0,0.0,0.0,0.0,3898112.0,3328444.0,1186886.0,416092.0,0.0,0.0,0.0,0.0,2774.0,338.0,0.0,0.0,0.0,0.0,0.0,0.0,2976482.0,898242.0,106754.0,0.0,5344.0,3450.0,5710.0,80772.0,2350538.0,1532158.0,3506.0,0.0,0.0,0.0,1920784.0,789638.0,297066.0,202248.0,159480.0,133554.0,243752.0,234956.0,0.0,0.0,5086684.0,108.0,120.0,4280.0,18.0,1644312.0,44008.0,798264.0,384882.0,290200.0,281400.0,221860.0,337640.0,,,,,41600.0,50214.02,5086684.0,5086684.0,5061302.0,22252.0,19296.0,14448.0,230540.0,3981478.0,1209600.0,101816.0,2.0,108.0,0.0,3138578.88,0.0,837840.96,0.0,0.0,0.0,0.0,0.0,30198.0,573318.0,1833470.0,1433884.0,97074.0,12478.0,1056.0,2.0,8.0,5086684.0,,11036.0,1498.0,54146.0,395064.0,241240.0,2391884.0,831142.0,55038.0,430.0,0.0,776.0,1654.0,2919232.0,630096.0,0.0,99042.0,0.0,40.0,3183434.0,3658.0,522.0,0.0,0.0,0.0,0.0,0.0,0.0,0.0,0.0,32242.0,24954.0,9286.0,0.0,0.0,112888.0,14618.0,1132220.0,196758.0,0.0,0.0,0.0,0.0,1548780.0,2678.9,3386.0,882788.0,589818.0,487538.0,362742.0,1491224.0,163312.0,2300.0,346.0,1344.0,66.0,0.0,0.0
neg,191060,,392.0,706.0,0.0,0.0,0.0,0.0,0.0,0.0,16506.0,1756458.0,9543892.0,3022160.0,111422.0,2698.0,6480296.0,8168.0,0.0,0.0,0.0,0.0,11360538.0,8990764.0,3856754.0,2072830.0,0.0,0.0,0.0,0.0,2136.0,346.0,0.0,0.0,0.0,0.0,0.0,273808.0,3771418.0,5943888.0,4464022.0,0.0,7860.0,1844.0,3084.0,231858.0,8219580.0,5984220.0,4690.0,0.0,0.0,0.0,6639642.0,2855102.0,1226590.0,948574.0,750820.0,617690.0,610152.0,802820.0,1746.0,0.0,15219816.0,382.0,400.0,678.0,22.0,6480296.0,245162.0,1418846.0,2411294.0,316100.0,354440.0,360360.0,360300.0,266100.0,261320.0,303320.0,268180.0,158720.0,191060.38,15219816.0,15219816.0,15078000.0,79539.0,44880.0,31954.0,674320.0,14453136.0,1209600.0,346568.0,0.0,936.0,0.0,9814711.68,0.0,3140088.96,0.0,0.0,0.0,0.0,514.0,231384.0,5212944.0,7687766.0,1229250.0,78266.0,12594.0,418.0,336.0,304.0,15219816.0,,20830.0,2582.0,309276.0,1498664.0,1091414.0,8021032.0,3440600.0,68164.0,574.0,0.0,1568.0,2462.0,10222982.0,248758.0,1110.0,21506.0,0.0,0.0,11421348.0,9108.0,3976.0,0.0,0.0,0.0,0.0,0.0,0.0,0.0,0.0,157508.0,142378.0,24914.0,0.0,0.0,319862.0,63380.0,2120560.0,374996.0,0.0,0.0,0.0,0.0,108935350.0,5417.7,5756.0,3243972.0,3938168.0,1485684.0,747446.0,1461082.0,1092108.0,800864.0,569904.0,1022408.0,91500.0,0.0,0.0
neg,16,2.0,48.0,46.0,0.0,0.0,0.0,0.0,0.0,0.0,14.0,1264.0,5666.0,0.0,0.0,0.0,2340.0,0.0,0.0,0.0,0.0,0.0,9670.0,7278.0,6648.0,670.0,0.0,0.0,0.0,0.0,2.0,42.0,0.0,0.0,0.0,0.0,0.0,0.0,0.0,1022.0,5922.0,0.0,72.0,10.0,30.0,798.0,294.0,3112.0,2628.0,0.0,0.0,0.0,5276.0,582.0,182.0,74.0,122.0,86.0,488.0,50.0,74.0,10.0,16342.0,2.0,10.0,4.0,0.0,2340.0,162.0,4548.0,2022.0,,,,,,,,,6520.0,15.63,16342.0,16342.0,16898.0,26.0,8.0,1502.0,16120.0,6988.0,1209600.0,352.0,2.0,2.0,0.0,2202.24,0.0,3712.32,2.0,16.0,0.0,0.0,0.0,196.0,5452.0,1216.0,68.0,12.0,0.0,0.0,8.0,12.0,16342.0,0.0,1100.0,16.0,12.0,966.0,572.0,1562.0,2456.0,260.0,0.0,0.0,44.0,88.0,2442.0,164.0,0.0,20.0,0.0,0.0,2566.0,46.0,26.0,0.0,0.0,0.0,0.0,0.0,0.0,0.0,0.0,172.0,0.0,0.0,0.0,0.0,46.0,18.0,6980.0,694.0,6430.0,28.0,0.0,0.0,0.0,0.82,46.0,4886.0,1542.0,386.0,62.0,48.0,14.0,6.0,0.0,0.0,0.0,0.0,0.0
neg,1790,,0.0,,0.0,0.0,0.0,0.0,0.0,0.0,162.0,9494.0,99028.0,19482.0,0.0,0.0,54302.0,0.0,0.0,0.0,0.0,0.0,119464.0,103988.0,29756.0,9804.0,0.0,0.0,0.0,0.0,0.0,0.0,0.0,0.0,0.0,0.0,0.0,9330.0,99840.0,3316.0,15680.0,0.0,1168.0,84.0,96.0,90.0,70164.0,56470.0,94.0,0.0,0.0,0.0,61118.0,32510.0,18436.0,8056.0,4786.0,2506.0,754.0,0.0,0.0,0.0,149276.0,0.0,0.0,0.0,0.0,54302.0,1424.0,16282.0,13370.0,,,,,,,,,29220.0,1790.22,149276.0,149276.0,153574.0,399.0,0.0,14528.0,148740.0,128166.0,1209600.0,0.0,,,,98633.28,0.0,28324.8,0.0,0.0,0.0,0.0,0.0,1674.0,72702.0,40974.0,11652.0,986.0,178.0,0.0,,0.0,149276.0,,1366.0,36.0,148.0,9574.0,8654.0,89874.0,16876.0,1638.0,0.0,0.0,,,,,,,,,,0.0,0.0,0.0,0.0,0.0,0.0,0.0,0.0,0.0,0.0,820.0,0.0,0.0,0.0,0.0,0.0,0.0,0.0,0.0,0.0,0.0,0.0,0.0,0.0,108.88,124.0,31548.0,14624.0,8640.0,4394.0,10408.0,56966.0,1354.0,174.0,58.0,0.0,0.0,0.0
neg,38908,,578.0,490.0,0.0,0.0,0.0,0.0,0.0,0.0,167694.0,700952.0,1193542.0,380350.0,16402.0,304.0,1070478.0,0.0,0.0,0.0,2246.0,4786.0,2262726.0,2017806.0,304498.0,209042.0,0.0,0.0,0.0,0.0,1870.0,236.0,0.0,0.0,0.0,0.0,0.0,40938.0,804312.0,1217700.0,396294.0,0.0,1044.0,312.0,456.0,43288.0,1461398.0,943298.0,9448.0,0.0,0.0,0.0,627828.0,690426.0,239326.0,179650.0,140388.0,116638.0,138698.0,320136.0,6154.0,0.0,2569790.0,196.0,888.0,654.0,22.0,1070478.0,26554.0,171678.0,131362.0,115120.0,171660.0,,,,,,,13740.0,38907.2,2569790.0,2569790.0,2580672.0,17902.0,1700.0,12664.0,145800.0,2459244.0,1209600.0,75690.0,4.0,50.0,0.0,2199607.68,0.0,258241.92,0.0,0.0,0.0,0.0,35376.0,366292.0,772400.0,1003494.0,268822.0,11496.0,1304.0,60.0,0.0,4.0,2569790.0,,2718.0,418.0,50318.0,162658.0,332996.0,1511936.0,378772.0,19318.0,110.0,0.0,768.0,658.0,2166754.0,177294.0,0.0,1322.0,0.0,12.0,2219836.0,1316.0,196.0,0.0,0.0,0.0,0.0,0.0,0.0,0.0,0.0,14498.0,33914.0,6404.0,0.0,0.0,75250.0,10924.0,284200.0,33454.0,291048.0,4156.0,0.0,0.0,1202400.0,696.42,824.0,273478.0,386778.0,335850.0,191080.0,423144.0,460042.0,209830.0,97084.0,81286.0,672.0,0.0,0.0
neg,6,0.0,2.0,2.0,0.0,0.0,0.0,0.0,0.0,0.0,2060.0,542.0,1822.0,0.0,0.0,0.0,354.0,0.0,0.0,0.0,266.0,636.0,14074.0,13444.0,3018.0,240.0,0.0,0.0,0.0,0.0,14.0,22.0,0.0,0.0,0.0,0.0,0.0,0.0,0.0,1058.0,3366.0,0.0,28.0,2.0,54.0,1004.0,118.0,306.0,2912.0,0.0,0.0,0.0,3186.0,188.0,32.0,64.0,72.0,186.0,470.0,70.0,12.0,144.0,17376.0,4.0,6.0,0.0,0.0,354.0,66.0,2000.0,1010.0,,,,,,,,,2940.0,6.32,17376.0,17376.0,20598.0,24.0,446.0,1712.0,17260.0,4460.0,1209600.0,134.0,2.0,0.0,0.0,1066.56,0.0,2202.24,0.0,8.0,0.0,0.0,2040.0,222.0,888.0,606.0,668.0,0.0,0.0,0.0,0.0,0.0,17376.0,0.0,1210.0,2.0,12.0,2.0,22.0,672.0,2082.0,414.0,8.0,0.0,4.0,36.0,938.0,62.0,0.0,0.0,0.0,0.0,1312.0,24.0,58.0,0.0,0.0,0.0,0.0,0.0,0.0,0.0,0.0,102.0,0.0,0.0,0.0,0.0,8.0,6.0,2380.0,1366.0,0.0,8.0,0.0,0.0,0.0,0.56,24.0,3484.0,764.0,30.0,6.0,20.0,24.0,92.0,4.0,0.0,0.0,0.0,0.0
neg,1024,0.0,6.0,2.0,0.0,0.0,0.0,0.0,0.0,722.0,44832.0,11026.0,3636.0,0.0,0.0,0.0,30696.0,0.0,126.0,0.0,1882.0,13776.0,60602.0,56806.0,34760.0,1730.0,0.0,0.0,0.0,0.0,2.0,0.0,0.0,0.0,0.0,0.0,0.0,0.0,0.0,2776.0,57440.0,0.0,1400.0,46.0,32.0,18.0,24.0,48028.0,8092.0,2540.0,36.0,0.0,17200.0,14610.0,13590.0,6242.0,3572.0,1944.0,1512.0,1518.0,28.0,0.0,97294.0,142.0,4.0,636.0,0.0,30696.0,532.0,29310.0,5410.0,,,,,,,,,34440.0,1024.83,97294.0,97294.0,98008.0,256.0,0.0,9460.0,96900.0,60310.0,1209600.0,1032.0,2.0,6.0,0.0,50686.08,0.0,8202.24,0.0,28.0,0.0,0.0,8100.0,13060.0,36622.0,2360.0,70.0,4.0,0.0,0.0,6.0,10.0,97294.0,0.0,1430.0,52.0,34.0,1372.0,310.0,6764.0,48218.0,2004.0,32.0,0.0,6.0,0.0,49834.0,31772.0,0.0,0.0,0.0,0.0,52154.0,184.0,74.0,0.0,0.0,0.0,0.0,0.0,0.0,0.0,0.0,446.0,138.0,26.0,0.0,0.0,370.0,82.0,480.0,78.0,0.0,0.0,0.0,0.0,24860.0,186.88,88.0,10418.0,5922.0,2938.0,2246.0,3630.0,7080.0,15440.0,12112.0,430.0,0.0,0.0,0.0
neg,31260,,0.0,,0.0,0.0,0.0,0.0,0.0,0.0,158.0,254652.0,1535946.0,256878.0,836.0,0.0,1001800.0,0.0,0.0,0.0,0.0,0.0,1996080.0,1846232.0,347030.0,111936.0,0.0,0.0,0.0,0.0,0.0,0.0,0.0,0.0,0.0,0.0,0.0,29608.0,931594.0,531802.0,555466.0,0.0,3190.0,2928.0,4432.0,7152.0,1052596.0,978164.0,8.0,0.0,0.0,0.0,810518.0,325314.0,189762.0,149638.0,129280.0,126552.0,178690.0,127444.0,11072.0,200.0,2343538.0,248.0,652.0,460.0,54.0,1001800.0,21272.0,235852.0,110488.0,208440.0,,,,,,,,135200.0,31259.9,2343538.0,2343538.0,2327548.0,13411.0,45822.0,111444.0,1129940.0,2048470.0,1209600.0,0.0,,,,1861549.44,0.0,183677.76,,,0.0,0.0,0.0,10420.0,853664.0,1049738.0,114802.0,16812.0,3004.0,30.0,,56.0,2343538.0,,2884.0,340.0,101406.0,95696.0,386434.0,1420784.0,40062.0,862.0,2.0,0.0,,,,,,,,,,1200.0,76.0,0.0,0.0,0.0,0.0,0.0,0.0,0.0,0.0,10632.0,39302.0,6592.0,0.0,0.0,61312.0,10048.0,5793660.0,650090.0,0.0,0.0,0.0,0.0,1997570.0,,,195162.0,409852.0,291644.0,146370.0,408554.0,394538.0,120570.0,41242.0,39624.0,914.0,0.0,0.0
pos,364098,,0.0,,0.0,0.0,0.0,0.0,0.0,2214.0,816702.0,8173394.0,13229488.0,2513916.0,20514.0,128.0,12796826.0,19062.0,62.0,0.0,5822.0,9084.0,21323572.0,17914008.0,4907296.0,2671574.0,0.0,0.0,0.0,0.0,0.0,0.0,0.0,0.0,0.0,0.0,0.0,1100542.0,14425220.0,6836734.0,2393860.0,0.0,45904.0,41562.0,90444.0,140382.0,11918136.0,12476168.0,43752.0,8.0,0.0,0.0,8423610.0,3790200.0,1533530.0,1259910.0,1088774.0,1180098.0,2083130.0,3749572.0,1553690.0,93842.0,26245780.0,2798.0,3624.0,2922.0,524.0,12796826.0,413348.0,2439372.0,2453498.0,264340.0,266760.0,238360.0,249980.0,264020.0,215760.0,211700.0,206860.0,180660.0,364098.16,26245780.0,26245780.0,25665078.0,200200.0,1700226.0,17274.0,754600.0,24756356.0,1209600.0,0.0,,,,22563396.48,0.0,2157193.92,,,0.0,34.0,122210.0,3555568.0,12115788.0,8004296.0,701318.0,191500.0,62966.0,2676.0,,0.0,26245780.0,,35820.0,5982.0,900304.0,1096686.0,2912408.0,18313924.0,1458342.0,32888.0,2.0,0.0,,,,,,,,,,21528.0,1932.0,0.0,0.0,0.0,0.0,0.0,0.0,0.0,0.0,267144.0,376052.0,62244.0,0.0,0.0,885450.0,141406.0,27743840.0,6769364.0,0.0,0.0,0.0,0.0,269074460.0,,,2353840.0,6567596.0,3905690.0,1623194.0,2960788.0,2341282.0,1837106.0,1248926.0,1828646.0,89288.0,0.0,0.0
neg,1440,,126.0,126.0,0.0,0.0,0.0,0.0,0.0,0.0,178.0,18052.0,71628.0,4774.0,0.0,0.0,39494.0,0.0,440.0,0.0,0.0,0.0,97998.0,86614.0,19490.0,5634.0,0.0,0.0,0.0,0.0,132.0,26.0,0.0,0.0,0.0,0.0,0.0,0.0,65012.0,29620.0,0.0,0.0,218.0,54.0,62.0,142.0,37660.0,56062.0,434.0,0.0,0.0,0.0,44778.0,37898.0,8476.0,2510.0,680.0,214.0,64.0,12.0,0.0,0.0,117554.0,0.0,8.0,190.0,0.0,39494.0,1044.0,9608.0,9786.0,,,,,,,,,19040.0,1439.09,117554.0,117554.0,115936.0,301.0,0.0,10920.0,117020.0,94632.0,1209600.0,2212.0,0.0,4.0,0.0,77924.16,0.0,16547.52,0.0,0.0,0.0,0.0,0.0,8600.0,46030.0,38546.0,1160.0,276.0,20.0,0.0,0.0,6.0,117554.0,,364.0,42.0,62.0,4658.0,1504.0,10808.0,72950.0,4186.0,58.0,0.0,196.0,60.0,80194.0,37888.0,0.0,2.0,0.0,62.0,80282.0,180.0,98.0,0.0,0.0,0.0,0.0,0.0,0.0,0.0,0.0,680.0,402.0,98.0,0.0,0.0,1572.0,278.0,580.0,72.0,0.0,0.0,0.0,0.0,439090.0,166.92,130.0,18328.0,11292.0,2870.0,1322.0,12044.0,48230.0,542.0,4.0,0.0,0.0,0.0,0.0
neg,20,0.0,22.0,4.0,12.0,14.0,0.0,0.0,0.0,0.0,4.0,2668.0,2238.0,0.0,0.0,0.0,2000.0,0.0,140.0,0.0,0.0,0.0,13152.0,11344.0,8778.0,276.0,0.0,0.0,0.0,0.0,12.0,10.0,0.0,0.0,0.0,0.0,0.0,0.0,0.0,0.0,4910.0,0.0,1164.0,22.0,20.0,16.0,24.0,3664.0,0.0,0.0,0.0,0.0,3132.0,388.0,194.0,360.0,592.0,118.0,112.0,14.0,0.0,0.0,21940.0,0.0,8.0,0.0,2.0,2000.0,110.0,7902.0,824.0,,,,,,,,,8660.0,20.8,21940.0,21940.0,23788.0,27.0,0.0,2128.0,21800.0,4932.0,1209600.0,190.0,0.0,4.0,0.0,2263.68,0.0,1549.44,0.0,12.0,0.0,0.0,0.0,1180.0,3352.0,328.0,34.0,16.0,0.0,0.0,0.0,6.0,21940.0,0.0,1152.0,18.0,6.0,438.0,150.0,588.0,1752.0,794.0,12.0,0.0,8.0,114.0,1308.0,280.0,0.0,0.0,0.0,0.0,2462.0,16.0,104.0,0.0,0.0,0.0,0.0,0.0,0.0,0.0,0.0,126.0,0.0,0.0,500.0,290.0,44.0,16.0,3540.0,438.0,0.0,8.0,0.0,0.0,0.0,64.26,24.0,2736.0,1448.0,200.0,162.0,204.0,64.0,32.0,64.0,0.0,0.0,0.0,0.0
neg,40494,,310.0,276.0,0.0,0.0,0.0,0.0,0.0,0.0,7120.0,621404.0,1645884.0,273128.0,8080.0,114.0,1011130.0,0.0,0.0,0.0,0.0,0.0,2290758.0,2031196.0,348866.0,228620.0,0.0,0.0,0.0,0.0,544.0,108.0,0.0,0.0,0.0,0.0,0.0,36956.0,1097844.0,1080336.0,340594.0,0.0,1256.0,484.0,700.0,9152.0,1821404.0,722660.0,74.0,0.0,0.0,0.0,717168.0,628260.0,257038.0,233452.0,226628.0,187942.0,192114.0,113048.0,80.0,0.0,2640048.0,16.0,354.0,294.0,22.0,1011130.0,26932.0,199906.0,148482.0,143700.0,181160.0,,,,,,,19880.0,40494.55,2640048.0,2640048.0,2641658.0,17698.0,3800.0,19330.0,216120.0,2555730.0,1209600.0,79428.0,2.0,56.0,0.0,2309960.64,0.0,244312.32,0.0,0.0,0.0,0.0,306.0,143146.0,1193038.0,1094452.0,113636.0,8652.0,2380.0,120.0,12.0,18.0,2640048.0,,3006.0,378.0,39594.0,124870.0,67272.0,1653702.0,641772.0,25064.0,72.0,0.0,520.0,304.0,2289546.0,44934.0,0.0,30.0,0.0,6.0,2339038.0,1494.0,120.0,0.0,0.0,0.0,0.0,0.0,0.0,0.0,0.0,14950.0,24710.0,14372.0,0.0,0.0,49810.0,12894.0,9348500.0,963702.0,102400.0,2236.0,0.0,0.0,821200.0,816.96,902.0,259458.0,464524.0,375982.0,191462.0,388876.0,321824.0,225414.0,141064.0,182266.0,4860.0,0.0,0.0
neg,28900,,396.0,322.0,0.0,0.0,0.0,0.0,0.0,0.0,1174.0,537310.0,1308432.0,305082.0,45058.0,1422.0,940422.0,0.0,0.0,0.0,0.0,0.0,1962092.0,1668814.0,415776.0,253568.0,0.0,0.0,10502.0,0.0,1760.0,364.0,0.0,0.0,0.0,0.0,0.0,5160.0,1124300.0,683076.0,385942.0,0.0,1918.0,1342.0,1210.0,40782.0,1387768.0,760456.0,5002.0,0.0,0.0,0.0,931848.0,422178.0,135562.0,95540.0,74666.0,68836.0,123394.0,346314.0,140.0,0.0,2378198.0,160.0,126.0,340.0,20.0,940422.0,31120.0,229912.0,185316.0,230480.0,,,,,,,,181360.0,28900.87,2378198.0,2378198.0,2378992.0,14694.0,86084.0,114164.0,1164100.0,2198478.0,1209600.0,49206.0,0.0,114.0,0.0,1686100.8,17066.88,493652.16,0.0,0.0,0.0,0.0,0.0,70694.0,780520.0,1176802.0,155110.0,12938.0,2370.0,44.0,18.0,22.0,2378198.0,,3278.0,414.0,17944.0,316442.0,172900.0,995908.0,670088.0,21232.0,272.0,0.0,530.0,1202.0,474606.0,5612.0,0.0,42730.0,0.0,0.0,1724114.0,2034.0,134.0,0.0,0.0,40.0,17096.0,0.0,0.0,0.0,0.0,17278.0,14050.0,3820.0,0.0,0.0,71164.0,10106.0,2640300.0,622818.0,0.0,0.0,0.0,0.0,183650.0,813.02,978.0,533294.0,367960.0,217366.0,119542.0,303516.0,267112.0,200272.0,104622.0,84362.0,432.0,0.0,0.0
neg,1582,,24.0,22.0,0.0,0.0,0.0,0.0,0.0,0.0,102.0,35526.0,75016.0,0.0,0.0,0.0,50848.0,0.0,0.0,0.0,0.0,0.0,140748.0,127614.0,75852.0,6826.0,0.0,0.0,0.0,0.0,30.0,8.0,0.0,0.0,0.0,0.0,0.0,0.0,63160.0,47484.0,0.0,0.0,334.0,78.0,254.0,1060.0,6538.0,102024.0,356.0,0.0,0.0,0.0,59128.0,41600.0,7130.0,2278.0,300.0,106.0,64.0,38.0,0.0,0.0,216672.0,4.0,4.0,110.0,0.0,50848.0,1460.0,63928.0,11850.0,,,,,,,,,75240.0,1581.36,216672.0,216672.0,219178.0,317.0,0.0,21276.0,215960.0,110644.0,1209600.0,3984.0,0.0,14.0,0.0,91319.04,0.0,19155.84,0.0,0.0,0.0,0.0,0.0,13142.0,84932.0,11654.0,660.0,208.0,48.0,0.0,0.0,4.0,216672.0,,402.0,38.0,2422.0,5976.0,6924.0,49644.0,40870.0,4314.0,54.0,0.0,52.0,20.0,92860.0,51618.0,0.0,10.0,0.0,0.0,92944.0,164.0,220.0,0.0,0.0,0.0,0.0,0.0,0.0,0.0,0.0,818.0,282.0,88.0,0.0,0.0,2310.0,544.0,680.0,68.0,0.0,0.0,0.0,0.0,581550.0,217.16,120.0,21220.0,19678.0,6126.0,2218.0,4252.0,56736.0,250.0,64.0,100.0,0.0,0.0,0.0
neg,1298,,34.0,32.0,0.0,0.0,0.0,0.0,0.0,0.0,96.0,4152.0,70518.0,2424.0,0.0,0.0,41780.0,0.0,0.0,0.0,0.0,0.0,67916.0,58392.0,20930.0,6872.0,0.0,0.0,0.0,0.0,18.0,16.0,0.0,0.0,0.0,0.0,0.0,6020.0,71170.0,0.0,0.0,0.0,158.0,34.0,42.0,90.0,15738.0,61126.0,2.0,0.0,0.0,0.0,39674.0,26018.0,7652.0,3058.0,528.0,156.0,70.0,34.0,0.0,0.0,88872.0,0.0,0.0,134.0,0.0,41780.0,760.0,8020.0,12794.0,,,,,,,,,20680.0,1297.18,88872.0,88872.0,91732.0,268.0,10022.0,8662.0,88640.0,77190.0,1209600.0,1756.0,0.0,2.0,0.0,67955.52,0.0,9146.88,0.0,0.0,0.0,0.0,0.0,0.0,59438.0,16614.0,920.0,192.0,26.0,0.0,0.0,6.0,88872.0,,180.0,20.0,76.0,10664.0,1422.0,8978.0,53670.0,2142.0,38.0,0.0,82.0,78.0,69074.0,30524.0,0.0,0.0,0.0,26.0,69116.0,80.0,44.0,0.0,0.0,0.0,0.0,0.0,0.0,0.0,0.0,314.0,448.0,138.0,0.0,0.0,1996.0,346.0,380.0,38.0,10390.0,20.0,0.0,0.0,297190.0,111.48,60.0,9984.0,6982.0,2658.0,2278.0,20752.0,33338.0,1158.0,40.0,0.0,0.0,0.0,0.0
neg,26,,50.0,,0.0,0.0,0.0,0.0,0.0,0.0,506.0,7508.0,1258.0,0.0,0.0,0.0,3596.0,0.0,0.0,0.0,82.0,438.0,7242.0,4792.0,15648.0,1036.0,0.0,0.0,0.0,0.0,20.0,34.0,0.0,0.0,0.0,0.0,0.0,0.0,0.0,0.0,9272.0,0.0,946.0,18.0,28.0,22.0,24.0,8234.0,0.0,0.0,0.0,0.0,6686.0,1584.0,264.0,292.0,38.0,36.0,64.0,274.0,24.0,10.0,23006.0,0.0,0.0,0.0,0.0,3596.0,256.0,12866.0,2766.0,,,,,,,,,15500.0,26.35,23006.0,23006.0,24234.0,23.0,694.0,2190.0,22860.0,9272.0,1209600.0,0.0,,,,4058.88,1011.84,3276.48,,,0.0,0.0,442.0,5432.0,2472.0,830.0,96.0,0.0,0.0,0.0,,10.0,23006.0,,928.0,18.0,34.0,522.0,536.0,2484.0,3986.0,764.0,0.0,0.0,,,,,,,,,,62.0,32.0,0.0,0.0,0.0,1024.0,0.0,0.0,0.0,0.0,192.0,0.0,0.0,0.0,0.0,248.0,56.0,10620.0,1110.0,0.0,0.0,0.0,0.0,0.0,,,5518.0,2986.0,556.0,104.0,74.0,12.0,16.0,6.0,0.0,0.0,0.0,0.0
pos,1064330,,,,,,,,,,,,,,,,21884078.0,4484.0,0.0,,5185218.0,8524814.0,45685338.0,41293580.0,21573672.0,6937776.0,,0.0,0.0,0.0,,,,,,,,,,,,,,,,,,,,,,,,,,,,,,,,,72462458.0,,,,,21884078.0,752432.0,5031748.0,16513422.0,464160.0,476300.0,410720.0,387200.0,404960.0,400600.0,365620.0,368040.0,431080.0,1064329.98,72462458.0,72462458.0,898.0,0.0,,,924360.0,0.0,1209600.0,,,,,56061687.36,0.0,12607176.0,0.0,0.0,,,,,,,,,,,,,72462458.0,,,,,,,,,,,,0.0,0.0,0.0,0.0,0.0,0.0,0.0,0.0,0.0,,,,,,,,,,,579904.0,,,,,,,,,,,,,,0.0,0.0,,,,,,,,,,,,
neg,1034,0.0,8.0,6.0,0.0,0.0,0.0,0.0,0.0,0.0,20588.0,34730.0,24008.0,278.0,0.0,0.0,36982.0,0.0,0.0,0.0,1702.0,2928.0,72672.0,66572.0,19352.0,3032.0,0.0,0.0,0.0,0.0,30.0,40.0,0.0,0.0,0.0,0.0,0.0,0.0,0.0,13616.0,65988.0,0.0,1390.0,110.0,90.0,132.0,278.0,74112.0,3492.0,0.0,0.0,0.0,37970.0,23842.0,12466.0,1994.0,1710.0,900.0,450.0,218.0,54.0,0.0,93778.0,62.0,14.0,16.0,0.0,36982.0,930.0,10614.0,8486.0,,,,,,,,,18780.0,1033.2,93778.0,93778.0,92484.0,283.0,186.0,9050.0,93240.0,79732.0,1209600.0,2034.0,0.0,16.0,0.0,55007.04,0.0,23607.36,4.0,52.0,0.0,0.0,5122.0,9714.0,21596.0,23792.0,19030.0,286.0,56.0,8.0,20.0,30.0,93778.0,0.0,1238.0,52.0,1908.0,6566.0,6870.0,19986.0,40436.0,2504.0,44.0,0.0,10.0,62.0,54826.0,19724.0,0.0,66.0,0.0,0.0,56578.0,186.0,72.0,0.0,0.0,0.0,0.0,0.0,0.0,0.0,0.0,612.0,18.0,2.0,0.0,0.0,1574.0,268.0,660.0,258.0,0.0,0.0,0.0,0.0,33230.0,173.56,124.0,25554.0,9906.0,5204.0,1862.0,4072.0,5102.0,6464.0,21440.0,0.0,0.0,0.0,0.0
neg,4266,,332.0,304.0,0.0,0.0,0.0,0.0,0.0,0.0,26286.0,206552.0,88480.0,174.0,0.0,0.0,146054.0,0.0,0.0,0.0,0.0,0.0,327914.0,292192.0,71420.0,23584.0,0.0,0.0,0.0,0.0,110.0,470.0,0.0,0.0,0.0,0.0,0.0,0.0,79660.0,19312.0,222520.0,0.0,412.0,68.0,138.0,332.0,32772.0,286086.0,1684.0,0.0,0.0,0.0,122974.0,137536.0,43820.0,11658.0,4222.0,1178.0,104.0,0.0,0.0,0.0,399506.0,30.0,362.0,124.0,0.0,146054.0,3860.0,38816.0,32410.0,,,,,,,,,70160.0,4265.97,399506.0,399506.0,399408.0,1074.0,2084.0,39152.0,397920.0,321492.0,1209600.0,7410.0,0.0,18.0,0.0,255987.84,0.0,65117.76,0.0,0.0,0.0,0.0,0.0,128442.0,165224.0,24930.0,2424.0,450.0,22.0,0.0,0.0,6.0,399506.0,,754.0,120.0,202.0,19836.0,14590.0,75916.0,202388.0,7638.0,48.0,0.0,282.0,980.0,239048.0,65938.0,0.0,1394.0,0.0,52.0,260890.0,330.0,240.0,0.0,0.0,0.0,0.0,0.0,0.0,0.0,0.0,2090.0,1318.0,278.0,0.0,0.0,5632.0,1098.0,141720.0,16620.0,0.0,0.0,0.0,0.0,1399980.0,303.64,272.0,68668.0,61184.0,28192.0,13762.0,24580.0,103294.0,12036.0,5690.0,4086.0,0.0,0.0,0.0
neg,40124,,204.0,200.0,0.0,0.0,0.0,0.0,0.0,0.0,288.0,440158.0,1788362.0,352146.0,16190.0,812.0,1112360.0,3648.0,0.0,0.0,0.0,0.0,2194090.0,1767292.0,565316.0,393244.0,0.0,0.0,0.0,0.0,288.0,144.0,0.0,0.0,0.0,0.0,0.0,93522.0,1953968.0,517532.0,32934.0,0.0,924.0,266.0,452.0,24478.0,1588590.0,982990.0,256.0,0.0,0.0,0.0,742052.0,735700.0,305764.0,204756.0,155146.0,135902.0,150780.0,156950.0,10906.0,0.0,2759636.0,26.0,70.0,192.0,58.0,1112360.0,31578.0,252968.0,307298.0,276580.0,213160.0,,,,,,,71780.0,40124.83,2759636.0,2759636.0,2694808.0,17586.0,1516.0,31498.0,336800.0,2597956.0,1209600.0,69770.0,4.0,58.0,0.0,2357543.04,0.0,268777.92,0.0,0.0,0.0,0.0,0.0,16832.0,939300.0,1365070.0,258394.0,14974.0,3218.0,168.0,70.0,90.0,2759636.0,,2360.0,308.0,59792.0,112902.0,108176.0,1937648.0,366122.0,10610.0,38.0,0.0,308.0,430.0,2352386.0,9586.0,0.0,876.0,0.0,28.0,2382512.0,1160.0,146.0,0.0,0.0,0.0,0.0,0.0,0.0,0.0,0.0,20142.0,29436.0,4898.0,0.0,0.0,59596.0,9838.0,129800.0,15010.0,59346.0,15646.0,0.0,0.0,10124830.0,646.64,678.0,263636.0,483830.0,413460.0,258806.0,486478.0,317576.0,165708.0,80150.0,120818.0,7494.0,0.0,0.0
pos,812694,,,,,,0.0,0.0,0.0,0.0,219080.0,9353966.0,36111438.0,8230512.0,178026.0,2346.0,19730046.0,12232.0,0.0,,522.0,1732.0,41795764.0,34556880.0,13868114.0,7071636.0,,0.0,0.0,0.0,,,0.0,0.0,0.0,0.0,1411164.0,17130190.0,20555854.0,14798466.0,199694.0,0.0,36104.0,55252.0,108262.0,275514.0,26465276.0,27154782.0,174.0,4.0,0.0,0.0,17715080.0,12079842.0,4669022.0,3926664.0,3697300.0,3986756.0,4732306.0,3092966.0,194008.0,1424.0,55666296.0,,,,,19730046.0,744316.0,7363790.0,6473426.0,319680.0,298640.0,331440.0,313740.0,278340.0,377220.0,296920.0,302740.0,317900.0,812694.34,55666296.0,55666296.0,55697162.0,357514.0,,,1165180.0,54095368.0,1209600.0,,,,,46170754.56,0.0,7912669.44,,,0.0,0.0,19028.0,2569218.0,24965098.0,23462768.0,2815622.0,227384.0,36018.0,232.0,,,55666296.0,,32970.0,6684.0,6039748.0,2470490.0,9235526.0,35049962.0,1243154.0,16834.0,0.0,0.0,,,,,,,,,,,,,,,,,,,,384582.0,,,,,,,,,,,,,,,,8123348.0,9641728.0,7157908.0,3681922.0,7375466.0,5823398.0,4996888.0,3358728.0,3788348.0,147634.0,,
neg,40226,,2130706434.0,600.0,0.0,0.0,0.0,0.0,0.0,0.0,508.0,191428.0,2493750.0,666434.0,38754.0,772.0,1488012.0,0.0,0.0,0.0,0.0,0.0,2542078.0,1759358.0,1068186.0,735882.0,0.0,0.0,742.0,0.0,2012.0,552.0,0.0,0.0,0.0,0.0,0.0,3794.0,137570.0,127580.0,3122702.0,0.0,3390.0,1600.0,1444.0,2624.0,81594.0,3300592.0,402.0,0.0,0.0,0.0,1138838.0,783102.0,339210.0,271576.0,214904.0,183450.0,256040.0,204526.0,0.0,0.0,3610538.0,64.0,40.0,242.0,40.0,1488012.0,71234.0,394558.0,670510.0,367480.0,345640.0,,,,,,,350560.0,40226.38,3610538.0,3610538.0,3605936.0,22432.0,13596.0,115506.0,1187140.0,3391646.0,1209600.0,119682.0,2.0,136.0,0.0,2604524.16,0.0,783791.04,2.0,592.0,0.0,0.0,0.0,4962.0,874470.0,2158664.0,327966.0,21700.0,3782.0,102.0,16.0,24.0,3610538.0,,4600.0,452.0,130938.0,641050.0,213408.0,2104862.0,286470.0,9706.0,160.0,0.0,932.0,1442.0,1566486.0,22592.0,0.0,25936.0,0.0,28.0,2619136.0,2704.0,1306.0,0.0,0.0,0.0,0.0,0.0,0.0,0.0,0.0,43134.0,72046.0,19454.0,0.0,0.0,81552.0,12972.0,23929620.0,2655786.0,0.0,0.0,0.0,0.0,10226390.0,875.16,904.0,808732.0,597714.0,540596.0,401694.0,766502.0,215678.0,20880.0,16402.0,23368.0,80.0,0.0,0.0
neg,28176,,2130706432.0,816.0,0.0,0.0,0.0,0.0,0.0,0.0,9616.0,541214.0,1376216.0,302732.0,44782.0,3148.0,1080842.0,0.0,0.0,0.0,0.0,0.0,1887860.0,1521354.0,697762.0,314510.0,0.0,0.0,1696.0,0.0,2170.0,462.0,0.0,0.0,0.0,0.0,0.0,23734.0,915566.0,227588.0,1110820.0,0.0,3564.0,3092.0,5850.0,9868.0,478282.0,1777038.0,12.0,2.0,0.0,0.0,821450.0,516564.0,204354.0,149220.0,107910.0,81780.0,116420.0,279696.0,314.0,0.0,2586026.0,98.0,128.0,158.0,10.0,1080842.0,37332.0,364738.0,330922.0,315880.0,344360.0,,,,,,,32940.0,28175.3,2586026.0,2586026.0,2574726.0,14977.0,140.0,12578.0,161980.0,2277708.0,1209600.0,63834.0,2.0,44.0,0.0,1740061.44,0.0,535398.72,52.0,584.0,0.0,0.0,0.0,63826.0,939314.0,1101784.0,157078.0,13156.0,2412.0,138.0,90.0,104.0,2586026.0,,3622.0,384.0,38684.0,356930.0,119252.0,1261266.0,479942.0,17428.0,200.0,0.0,1182.0,1458.0,1732296.0,35804.0,0.0,534.0,0.0,10.0,1762758.0,2000.0,102.0,0.0,0.0,0.0,0.0,0.0,0.0,0.0,0.0,24112.0,16672.0,9926.0,0.0,0.0,28066.0,9550.0,5936340.0,598580.0,2230626.0,6074.0,0.0,0.0,0.0,1065.36,1078.0,556582.0,410620.0,261764.0,157458.0,410478.0,254380.0,198846.0,25534.0,2046.0,0.0,0.0,0.0
neg,56,0.0,134.0,84.0,2.0,2.0,0.0,0.0,0.0,0.0,7832.0,10254.0,908.0,0.0,0.0,0.0,8086.0,0.0,38.0,0.0,1160.0,2376.0,37648.0,33192.0,32030.0,1490.0,0.0,0.0,0.0,0.0,12.0,34.0,0.0,0.0,0.0,0.0,0.0,0.0,1080.0,6220.0,11694.0,0.0,156.0,60.0,88.0,390.0,1682.0,1296.0,15322.0,0.0,0.0,0.0,15700.0,1374.0,360.0,190.0,162.0,134.0,422.0,156.0,142.0,354.0,70910.0,4.0,36.0,12.0,0.0,8086.0,396.0,27222.0,4694.0,,,,,,,,,31600.0,56.79,70910.0,70910.0,70152.0,52.0,90.0,6842.0,70360.0,19098.0,1209600.0,960.0,2.0,12.0,0.0,7860.48,0.0,10219.2,8.0,36.0,0.0,0.0,3898.0,7610.0,4128.0,2644.0,692.0,22.0,0.0,0.0,6.0,10.0,70910.0,0.0,1106.0,38.0,476.0,1676.0,2236.0,2398.0,10024.0,1010.0,30.0,0.0,114.0,68.0,8734.0,632.0,0.0,44.0,0.0,0.0,9918.0,124.0,154.0,0.0,0.0,0.0,0.0,0.0,0.0,0.0,0.0,472.0,0.0,0.0,5366.0,2086.0,262.0,60.0,39240.0,4186.0,69438.0,28.0,0.0,0.0,0.0,133.16,84.0,11452.0,6168.0,806.0,242.0,174.0,46.0,52.0,54.0,0.0,0.0,0.0,0.0
neg,7704,,2130706438.0,286.0,0.0,0.0,0.0,0.0,0.0,15104.0,62536.0,271224.0,107686.0,2684.0,0.0,0.0,178614.0,0.0,0.0,0.0,8222.0,11668.0,461982.0,443714.0,53678.0,16154.0,0.0,0.0,0.0,0.0,242.0,576.0,0.0,1426.0,5486.0,5932.0,14728.0,12690.0,119634.0,120658.0,178680.0,0.0,532.0,172.0,286.0,776.0,26058.0,431410.0,0.0,0.0,0.0,0.0,163454.0,271976.0,20994.0,2394.0,316.0,74.0,22.0,4.0,0.0,0.0,523962.0,108.0,506.0,468.0,4.0,178614.0,3232.0,31302.0,22276.0,,,,,,,,,52780.0,7705.0,523962.0,523962.0,524252.0,1369.0,0.0,51852.0,522920.0,459234.0,1209600.0,8860.0,2.0,10.0,0.0,405795.84,44.16,52854.72,0.0,140.0,0.0,9826.0,32762.0,201454.0,185178.0,28044.0,1488.0,426.0,56.0,0.0,0.0,6.0,523962.0,,636.0,98.0,232.0,28494.0,5306.0,300940.0,117652.0,5850.0,26.0,0.0,406.0,1114.0,407330.0,231866.0,0.0,8.0,0.0,56.0,407344.0,266.0,124.0,0.0,0.0,0.0,46.0,0.0,0.0,0.0,0.0,2078.0,938.0,532.0,14796.0,1780.0,5048.0,1460.0,3200360.0,320090.0,65360.0,372.0,0.0,0.0,6705010.0,275.0,272.0,56474.0,47098.0,26216.0,16092.0,105728.0,188706.0,9418.0,8922.0,580.0,0.0,0.0,0.0
neg,12,4.0,40.0,26.0,0.0,0.0,0.0,0.0,0.0,0.0,1018.0,4452.0,1138.0,0.0,0.0,0.0,2760.0,0.0,0.0,0.0,0.0,0.0,7030.0,5356.0,3066.0,688.0,0.0,0.0,0.0,0.0,14.0,66.0,0.0,0.0,0.0,0.0,0.0,0.0,0.0,2444.0,4164.0,0.0,70.0,0.0,14.0,266.0,618.0,258.0,5382.0,0.0,0.0,0.0,5246.0,300.0,160.0,114.0,60.0,46.0,36.0,350.0,118.0,178.0,10110.0,0.0,6.0,0.0,0.0,2760.0,138.0,1300.0,1758.0,,,,,,,,,2980.0,11.89,10110.0,10110.0,11472.0,24.0,0.0,942.0,9960.0,6640.0,1209600.0,330.0,2.0,4.0,0.0,1988.16,0.0,4044.48,2.0,20.0,0.0,0.0,206.0,3860.0,1806.0,112.0,624.0,0.0,0.0,0.0,0.0,26.0,10110.0,0.0,914.0,14.0,18.0,64.0,246.0,692.0,4220.0,428.0,12.0,0.0,82.0,162.0,2414.0,78.0,0.0,92.0,0.0,0.0,2424.0,50.0,30.0,0.0,0.0,0.0,0.0,0.0,0.0,0.0,0.0,108.0,0.0,0.0,1442.0,582.0,58.0,26.0,5060.0,510.0,10406.0,0.0,0.0,0.0,0.0,84.0,48.0,4880.0,1416.0,176.0,46.0,54.0,22.0,14.0,0.0,0.0,0.0,0.0,0.0
neg,50874,0.0,1544.0,1414.0,0.0,0.0,0.0,0.0,0.0,0.0,148624.0,1914042.0,1410812.0,438664.0,71388.0,3344.0,1662558.0,0.0,0.0,0.0,3950.0,7146.0,3429584.0,2978246.0,703388.0,401062.0,0.0,0.0,0.0,0.0,582.0,804.0,0.0,0.0,0.0,0.0,0.0,0.0,32268.0,2468204.0,1486402.0,0.0,2590.0,2404.0,2484.0,2260.0,44262.0,1254146.0,2678728.0,0.0,0.0,0.0,2335434.0,451034.0,239322.0,172980.0,151536.0,113722.0,94062.0,74702.0,36388.0,317694.0,4137492.0,2966.0,2630.0,9106.0,2.0,1662558.0,45154.0,245590.0,455132.0,176480.0,175700.0,250920.0,,,,,,94000.0,50873.05,4137492.0,4137492.0,4106692.0,18509.0,232.0,46272.0,501940.0,3988628.0,1209600.0,116924.0,12.0,84.0,0.0,2846964.48,190392.0,947165.76,2.0,518.0,0.0,0.0,12166.0,146912.0,719130.0,1309468.0,887526.0,540434.0,359460.0,11778.0,94.0,104.0,4137492.0,0.0,4790.0,632.0,724678.0,409156.0,265746.0,2329018.0,241584.0,11252.0,18.0,0.0,914.0,1512.0,2868848.0,1142804.0,0.0,64.0,0.0,0.0,2877634.0,5604.0,4254.0,0.0,0.0,1630.0,190880.0,0.0,0.0,0.0,0.0,22688.0,18092.0,3346.0,8115686.0,945118.0,94968.0,12884.0,13169260.0,1318060.0,4076792.0,38874.0,0.0,0.0,1807250.0,1498.46,1390.0,1164878.0,573908.0,403844.0,190104.0,290460.0,255648.0,446380.0,659960.0,1692.0,0.0,0.0,0.0
neg,6780,,594.0,524.0,0.0,0.0,0.0,0.0,0.0,0.0,5972.0,96866.0,245806.0,39066.0,0.0,0.0,148710.0,0.0,0.0,0.0,0.0,0.0,378836.0,351528.0,39958.0,20910.0,0.0,0.0,0.0,0.0,292.0,1588.0,0.0,914.0,5008.0,4508.0,12690.0,16156.0,147120.0,86422.0,114892.0,0.0,332.0,142.0,170.0,196.0,1492.0,385310.0,68.0,0.0,0.0,0.0,167988.0,199474.0,14002.0,3848.0,1320.0,594.0,376.0,108.0,0.0,0.0,418866.0,26.0,280.0,518.0,2.0,148710.0,3874.0,18658.0,21202.0,,,,,,,,,39240.0,6780.82,418866.0,418866.0,423482.0,1131.0,2198.0,41468.0,417940.0,387710.0,1209600.0,9974.0,2.0,16.0,0.0,354311.04,15.36,32187.84,0.0,72.0,0.0,0.0,156.0,49650.0,197978.0,133794.0,4840.0,1078.0,214.0,0.0,290.0,332.0,418866.0,,574.0,80.0,3020.0,27550.0,10090.0,268602.0,75140.0,2640.0,14.0,0.0,784.0,2692.0,349444.0,118256.0,0.0,14.0,0.0,38.0,355908.0,278.0,106.0,0.0,0.0,0.0,20.0,0.0,0.0,0.0,0.0,1810.0,1852.0,788.0,6074.0,874.0,6876.0,2174.0,2650600.0,274350.0,35236.0,168.0,0.0,0.0,5780820.0,204.28,212.0,36146.0,40184.0,34814.0,30866.0,61712.0,112270.0,38902.0,30018.0,2740.0,58.0,0.0,0.0
neg,46136,,2130706434.0,730.0,0.0,0.0,0.0,0.0,0.0,0.0,2322.0,285592.0,2105100.0,777366.0,42434.0,2100.0,1390572.0,2476.0,0.0,0.0,0.0,0.0,2611984.0,2009182.0,899630.0,542018.0,0.0,0.0,2188.0,0.0,1550.0,412.0,0.0,0.0,0.0,0.0,3244.0,1003940.0,1179502.0,1027020.0,1208.0,0.0,3970.0,2084.0,2448.0,4278.0,429964.0,2771770.0,400.0,0.0,0.0,0.0,1111334.0,795760.0,302026.0,222716.0,165374.0,133362.0,149266.0,335058.0,18.0,0.0,3512078.0,120.0,562.0,544.0,30.0,1390572.0,46326.0,432574.0,464630.0,356540.0,283920.0,,,,,,,252980.0,46136.63,3512078.0,3512078.0,3505348.0,21009.0,7288.0,104374.0,1086780.0,3214914.0,1209600.0,92234.0,2.0,88.0,0.0,2648363.52,0.0,562774.08,2.0,354.0,0.0,0.0,0.0,6418.0,924944.0,1757738.0,485338.0,33904.0,6158.0,414.0,766.0,866.0,3512078.0,,6258.0,698.0,103172.0,343368.0,233992.0,1997578.0,519312.0,10422.0,114.0,0.0,1000.0,982.0,1756392.0,66842.0,140.0,14038.0,0.0,22.0,2673488.0,2226.0,216.0,0.0,0.0,0.0,0.0,0.0,0.0,0.0,0.0,30202.0,29040.0,13422.0,0.0,0.0,67850.0,14524.0,16853460.0,1809896.0,1702262.0,4034.0,0.0,0.0,16136650.0,1402.92,1350.0,588070.0,719204.0,328100.0,137176.0,277058.0,263938.0,282360.0,204878.0,354282.0,59848.0,0.0,0.0
neg,40278,,90.0,72.0,0.0,0.0,0.0,0.0,0.0,0.0,154.0,148964.0,1920658.0,335838.0,15412.0,980.0,1062786.0,0.0,420.0,0.0,0.0,0.0,2168804.0,1883106.0,329358.0,245920.0,0.0,0.0,0.0,0.0,284.0,58.0,0.0,0.0,0.0,0.0,0.0,41010.0,883802.0,1454548.0,42646.0,0.0,2666.0,618.0,758.0,36248.0,1755698.0,625900.0,118.0,0.0,0.0,0.0,790274.0,587064.0,209218.0,163570.0,133808.0,115240.0,131182.0,291648.0,2.0,0.0,2498622.0,82.0,324.0,248.0,0.0,1062786.0,31720.0,191622.0,136952.0,149340.0,163460.0,,,,,,,12280.0,40278.85,2498622.0,2498622.0,2507658.0,17281.0,3248.0,4954.0,74380.0,2422006.0,1209600.0,77126.0,0.0,112.0,0.0,2243574.72,0.0,175456.32,0.0,0.0,0.0,0.0,0.0,26030.0,805912.0,1315194.0,258428.0,13928.0,2482.0,32.0,32.0,36.0,2498622.0,,4192.0,452.0,7554.0,143328.0,171652.0,1811234.0,272726.0,10800.0,68.0,0.0,142.0,154.0,2175918.0,34086.0,70.0,298.0,0.0,0.0,2253850.0,1354.0,74.0,0.0,0.0,0.0,0.0,0.0,0.0,0.0,0.0,16874.0,29034.0,6106.0,0.0,0.0,100366.0,14906.0,300080.0,36698.0,0.0,0.0,0.0,0.0,288560.0,1089.66,998.0,190002.0,457114.0,317222.0,154794.0,362382.0,304230.0,202288.0,151022.0,276356.0,6596.0,0.0,0.0
neg,30,,68.0,54.0,0.0,0.0,0.0,0.0,0.0,0.0,110.0,5906.0,4806.0,0.0,0.0,0.0,4100.0,0.0,2026.0,0.0,0.0,0.0,18936.0,13764.0,5006.0,1286.0,0.0,0.0,0.0,0.0,42.0,92.0,0.0,0.0,0.0,0.0,0.0,0.0,10822.0,0.0,0.0,0.0,226.0,44.0,48.0,36.0,1032.0,9430.0,6.0,0.0,0.0,0.0,9426.0,1034.0,200.0,84.0,50.0,28.0,0.0,0.0,0.0,0.0,23970.0,0.0,6.0,6.0,0.0,4100.0,292.0,1724.0,3260.0,,,,,,,,,4880.0,30.85,23970.0,23970.0,30380.0,19.0,0.0,2144.0,23780.0,10822.0,1209600.0,770.0,0.0,2.0,0.0,5150.4,0.0,5600.64,0.0,0.0,0.0,0.0,0.0,2036.0,8294.0,482.0,10.0,0.0,0.0,0.0,24.0,28.0,23970.0,,138.0,20.0,42.0,138.0,752.0,2142.0,5870.0,1654.0,66.0,0.0,58.0,130.0,5736.0,30.0,0.0,84.0,0.0,60.0,5802.0,68.0,36.0,0.0,0.0,0.0,0.0,0.0,0.0,0.0,0.0,254.0,0.0,0.0,0.0,0.0,270.0,84.0,460.0,46.0,0.0,0.0,0.0,0.0,0.0,183.3,52.0,6082.0,3914.0,630.0,66.0,104.0,12.0,12.0,2.0,0.0,0.0,0.0,0.0
neg,60890,,792.0,688.0,0.0,0.0,0.0,0.0,0.0,996.0,403758.0,2389322.0,922056.0,105864.0,704.0,0.0,1606196.0,0.0,56.0,0.0,5198.0,7740.0,3553316.0,3248150.0,402428.0,251216.0,0.0,0.0,0.0,0.0,2730.0,486.0,0.0,0.0,0.0,0.0,0.0,5514.0,121086.0,790864.0,2905236.0,0.0,2046.0,510.0,1278.0,15714.0,1563984.0,2236684.0,2484.0,0.0,0.0,0.0,1066016.0,1242936.0,559628.0,361358.0,226148.0,172290.0,193636.0,688.0,0.0,0.0,3961640.0,0.0,1136.0,250.0,18.0,1606196.0,34840.0,192450.0,208282.0,118620.0,112760.0,137280.0,,,,,,26960.0,60889.41,3961640.0,3961640.0,3978902.0,20155.0,1212.0,29138.0,325200.0,3822700.0,1209600.0,94300.0,2.0,100.0,0.0,3343628.16,0.0,476592.0,0.0,0.0,0.0,0.0,58606.0,1308822.0,1761186.0,577070.0,97222.0,14734.0,4828.0,232.0,10.0,16.0,3961640.0,,5312.0,710.0,15292.0,359130.0,110284.0,1507764.0,1791064.0,33030.0,114.0,0.0,1118.0,1482.0,3349694.0,352518.0,0.0,2878.0,0.0,16.0,3375708.0,2608.0,386.0,0.0,0.0,0.0,0.0,0.0,0.0,0.0,0.0,18428.0,30988.0,12508.0,0.0,0.0,77294.0,15846.0,13072620.0,1314016.0,0.0,0.0,0.0,0.0,1963120.0,1502.98,1522.0,502854.0,693354.0,370744.0,200062.0,445278.0,476360.0,455572.0,360494.0,317798.0,184.0,0.0,0.0
neg,2270,2.0,24.0,18.0,0.0,0.0,0.0,0.0,3846.0,142012.0,8810.0,3224.0,1336.0,0.0,0.0,0.0,41714.0,0.0,0.0,0.0,43220.0,56222.0,130036.0,159426.0,189108.0,4098.0,0.0,0.0,0.0,0.0,118.0,12.0,0.0,0.0,0.0,0.0,0.0,0.0,0.0,20934.0,138294.0,0.0,1992.0,348.0,460.0,1884.0,9208.0,18284.0,72514.0,54538.0,0.0,0.0,56758.0,26628.0,36504.0,21782.0,9442.0,4284.0,2760.0,1014.0,56.0,0.0,362480.0,6.0,20.0,180.0,0.0,41714.0,1492.0,170586.0,18358.0,1310700.0,1310700.0,1310700.0,1310700.0,1310700.0,1310700.0,1310700.0,1310700.0,188340.0,2269.88,362480.0,362480.0,361174.0,691.0,28.0,35858.0,361520.0,159762.0,1209600.0,3928.0,16.0,14.0,0.0,130114.56,0.0,27752.64,18.0,92.0,242.0,23510.0,36066.0,22390.0,55486.0,20928.0,524.0,82.0,0.0,0.0,8.0,30.0,362480.0,0.0,1658.0,88.0,112.0,9976.0,6134.0,24372.0,111384.0,5504.0,0.0,0.0,26.0,12.0,105748.0,42008.0,0.0,24.0,0.0,0.0,109230.0,542.0,86.0,0.0,0.0,0.0,0.0,0.0,0.0,0.0,0.0,1466.0,284.0,34.0,0.0,0.0,4322.0,770.0,1300.0,130.0,0.0,0.0,0.0,0.0,1269900.0,,236.0,30908.0,33682.0,14646.0,6082.0,6640.0,6620.0,6982.0,53668.0,0.0,0.0,0.0,0.0
neg,28226,,102.0,,0.0,0.0,0.0,0.0,0.0,0.0,374.0,351606.0,1236836.0,359178.0,12122.0,0.0,1044738.0,0.0,202.0,0.0,0.0,0.0,1793938.0,1614942.0,303270.0,138488.0,0.0,0.0,0.0,0.0,130.0,40.0,0.0,0.0,0.0,0.0,0.0,2.0,904134.0,509044.0,546936.0,0.0,11986.0,5696.0,3676.0,9892.0,880176.0,1048686.0,4.0,0.0,0.0,0.0,737522.0,445406.0,192274.0,151150.0,136350.0,124938.0,95622.0,60500.0,15062.0,1292.0,2097622.0,34.0,108.0,262.0,102.0,1044738.0,22914.0,157154.0,144700.0,191060.0,1310700.0,1310700.0,1310700.0,1310700.0,1310700.0,1310700.0,1310700.0,107900.0,28225.81,2097622.0,2097622.0,2072080.0,11059.0,3630.0,85958.0,883120.0,1960116.0,1209600.0,77092.0,,,,1746104.64,0.0,211303.68,,,0.0,0.0,0.0,105632.0,885698.0,823716.0,122618.0,19700.0,2742.0,10.0,,10.0,2097622.0,,2704.0,342.0,74338.0,78000.0,85554.0,1444462.0,270670.0,4046.0,0.0,0.0,96.0,116.0,1522758.0,62250.0,4.0,236134.0,0.0,0.0,1590654.0,1632.0,84.0,0.0,0.0,0.0,0.0,0.0,0.0,0.0,0.0,11884.0,17200.0,5668.0,0.0,0.0,32592.0,4996.0,42560.0,12322.0,0.0,0.0,0.0,0.0,0.0,,,225366.0,352966.0,297178.0,221630.0,560488.0,255886.0,44392.0,2008.0,202.0,0.0,0.0,0.0
neg,40612,,220.0,192.0,0.0,0.0,0.0,0.0,0.0,0.0,27816.0,101098.0,1591544.0,575316.0,17574.0,30.0,1082380.0,0.0,0.0,0.0,0.0,0.0,2141046.0,1929096.0,295910.0,165478.0,0.0,0.0,0.0,0.0,290.0,84.0,0.0,0.0,0.0,0.0,0.0,1446.0,169962.0,689176.0,1452794.0,0.0,8040.0,5148.0,10934.0,83552.0,1685258.0,520428.0,14.0,2.0,0.0,2.0,591544.0,823672.0,347750.0,212924.0,128822.0,78256.0,61796.0,68030.0,584.0,0.0,2437470.0,210.0,204.0,352.0,12.0,1082380.0,23868.0,145184.0,149718.0,116900.0,172900.0,,,,,,,1360.0,40611.1,2437470.0,2437470.0,2444368.0,12627.0,3892.0,119934.0,12640.0,2313378.0,1209600.0,73516.0,4.0,80.0,0.0,2014211.52,0.0,297560.64,0.0,0.0,0.0,0.0,10114.0,68632.0,720604.0,1255424.0,236142.0,19528.0,2906.0,28.0,8.0,16.0,2437470.0,,3266.0,468.0,32878.0,201968.0,66486.0,1483496.0,514268.0,10406.0,142.0,0.0,338.0,218.0,1446138.0,111634.0,70.0,62204.0,0.0,6.0,2035536.0,1452.0,92.0,0.0,0.0,0.0,0.0,0.0,0.0,0.0,0.0,12458.0,40190.0,6654.0,0.0,0.0,60534.0,9390.0,2665920.0,297440.0,0.0,0.0,0.0,0.0,10611120.0,949.32,930.0,314738.0,315904.0,280430.0,174864.0,449328.0,388284.0,244572.0,104192.0,40270.0,796.0,0.0,0.0
neg,1626,,18.0,12.0,0.0,0.0,0.0,0.0,0.0,0.0,82.0,12492.0,53086.0,26002.0,52.0,0.0,39924.0,0.0,0.0,0.0,0.0,0.0,87000.0,78638.0,23516.0,5280.0,0.0,0.0,0.0,0.0,24.0,14.0,0.0,0.0,0.0,0.0,0.0,8640.0,65810.0,9658.0,7606.0,0.0,152.0,22.0,62.0,38.0,14396.0,76730.0,314.0,0.0,0.0,0.0,42828.0,33800.0,9758.0,4738.0,440.0,104.0,34.0,12.0,0.0,0.0,110522.0,0.0,444.0,132.0,0.0,39924.0,944.0,17606.0,5878.0,,,,,,,,,23260.0,1625.25,110522.0,110522.0,113774.0,354.0,298.0,10858.0,110180.0,91714.0,1209600.0,1662.0,0.0,4.0,0.0,85203.84,0.0,6413.76,0.0,0.0,0.0,0.0,0.0,248.0,52224.0,34702.0,4380.0,160.0,0.0,0.0,0.0,4.0,110522.0,,174.0,30.0,1922.0,1838.0,2828.0,66714.0,16832.0,1326.0,50.0,0.0,20.0,76.0,84618.0,53284.0,44.0,16.0,0.0,0.0,85612.0,80.0,72.0,0.0,0.0,0.0,0.0,0.0,0.0,0.0,0.0,526.0,452.0,138.0,0.0,0.0,1864.0,310.0,1200.0,192.0,0.0,0.0,0.0,0.0,625250.0,114.92,66.0,7092.0,8486.0,7326.0,3092.0,13660.0,52052.0,6.0,0.0,0.0,0.0,0.0,0.0
neg,16412,,132.0,100.0,0.0,0.0,0.0,0.0,0.0,41254.0,708212.0,189412.0,2316.0,0.0,0.0,0.0,390148.0,0.0,0.0,0.0,38528.0,56692.0,838160.0,786990.0,236752.0,63682.0,0.0,0.0,0.0,0.0,52.0,216.0,0.0,0.0,0.0,0.0,0.0,0.0,0.0,240240.0,700954.0,0.0,590.0,596.0,976.0,1726.0,415628.0,521678.0,0.0,0.0,0.0,0.0,149782.0,369704.0,197746.0,95240.0,46752.0,26668.0,17984.0,15040.0,14238.0,8040.0,1113726.0,416.0,800.0,348.0,6.0,390148.0,10126.0,163756.0,72598.0,,,,,,,,,234760.0,16411.31,1113726.0,1113726.0,1113290.0,5414.0,0.0,110252.0,1111300.0,941194.0,1209600.0,22672.0,2.0,30.0,0.0,826268.16,6.72,114394.56,4.0,204.0,0.0,1716.0,244102.0,622454.0,62074.0,7884.0,2604.0,360.0,0.0,0.0,112.0,124.0,1113726.0,,1646.0,130.0,68470.0,43012.0,637920.0,189940.0,76.0,0.0,0.0,0.0,96.0,312.0,834446.0,429526.0,0.0,5926.0,0.0,0.0,834822.0,924.0,164.0,0.0,0.0,0.0,8.0,0.0,0.0,0.0,0.0,6092.0,5098.0,934.0,1524322.0,172066.0,20422.0,3246.0,2410300.0,241162.0,1045088.0,7492.0,0.0,0.0,0.0,317.94,388.0,120778.0,132728.0,57662.0,26788.0,56356.0,70222.0,129588.0,327162.0,19910.0,0.0,0.0,0.0
neg,30182,,0.0,,0.0,0.0,0.0,0.0,0.0,0.0,1208.0,303928.0,1330772.0,309822.0,5418.0,0.0,914396.0,0.0,80.0,0.0,0.0,0.0,1794122.0,1646056.0,281588.0,113806.0,0.0,0.0,0.0,0.0,0.0,0.0,0.0,0.0,0.0,0.0,0.0,11808.0,669828.0,1150024.0,119488.0,0.0,3302.0,2954.0,4586.0,10782.0,645056.0,1284464.0,4.0,0.0,0.0,0.0,808946.0,247262.0,158728.0,124832.0,111116.0,176676.0,252990.0,70588.0,10.0,0.0,2076060.0,264.0,224.0,1830.0,106.0,914396.0,20420.0,163124.0,116844.0,163480.0,1310700.0,1310700.0,1310700.0,1310700.0,1310700.0,1310700.0,1310700.0,113940.0,30181.07,2076060.0,2076060.0,2055950.0,13024.0,953530.0,84264.0,861880.0,1951148.0,1209600.0,0.0,,,,1749407.04,0.0,197749.44,,,0.0,0.0,0.0,15828.0,849124.0,934424.0,138178.0,11764.0,1824.0,6.0,,0.0,2076060.0,,3260.0,310.0,99744.0,112258.0,290396.0,1350114.0,93228.0,1838.0,0.0,0.0,,,,,,,,,,1064.0,86.0,0.0,0.0,0.0,0.0,0.0,0.0,0.0,0.0,10128.0,18084.0,3724.0,0.0,0.0,56960.0,9540.0,3495560.0,508142.0,0.0,0.0,0.0,0.0,29181240.0,,,214898.0,382688.0,310006.0,146222.0,288664.0,237306.0,136322.0,69522.0,120844.0,44676.0,0.0,0.0
neg,29264,,1014.0,774.0,0.0,0.0,0.0,0.0,0.0,0.0,466.0,127392.0,1272306.0,390242.0,26328.0,2336.0,944564.0,0.0,190.0,0.0,0.0,0.0,1570620.0,1331676.0,329920.0,203524.0,0.0,0.0,2168.0,0.0,1932.0,442.0,0.0,0.0,0.0,0.0,0.0,126750.0,1204326.0,415576.0,72418.0,0.0,5630.0,2040.0,2864.0,179690.0,1351738.0,277066.0,42.0,0.0,0.0,0.0,586102.0,433444.0,147428.0,106216.0,85060.0,74158.0,104898.0,281052.0,712.0,0.0,1900854.0,174.0,1958.0,6106.0,2.0,944564.0,31848.0,155776.0,173342.0,216900.0,,,,,,,,109480.0,29263.91,1900854.0,1900854.0,1898792.0,13975.0,808.0,66386.0,687700.0,1819070.0,1209600.0,58050.0,0.0,62.0,0.0,1637472.0,0.0,178089.6,0.0,0.0,0.0,0.0,0.0,5262.0,613012.0,964242.0,215944.0,16878.0,3488.0,244.0,4.0,10.0,1900854.0,,4868.0,328.0,6990.0,98782.0,54180.0,817050.0,822424.0,14096.0,352.0,0.0,1468.0,1198.0,1636650.0,320748.0,0.0,240.0,0.0,0.0,1654412.0,1236.0,400.0,0.0,0.0,0.0,0.0,0.0,0.0,0.0,0.0,17776.0,21658.0,4836.0,0.0,0.0,55522.0,11482.0,23660.0,4564.0,1520166.0,1620.0,0.0,0.0,331350.0,829.22,796.0,192694.0,309932.0,242610.0,129638.0,291028.0,205318.0,249250.0,94598.0,100444.0,3558.0,0.0,0.0
pos,462228,0.0,,,,,0.0,0.0,125692.0,277522.0,237154.0,24430.0,0.0,0.0,0.0,0.0,13836998.0,0.0,0.0,,3460188.0,4354106.0,25160034.0,25635238.0,5194932.0,2628704.0,,0.0,0.0,0.0,,,0.0,0.0,0.0,0.0,0.0,0.0,2312.0,591804.0,70682.0,0.0,202.0,82.0,400.0,2862.0,60394.0,123372.0,349884.0,127602.0,0.0,0.0,298514.0,72738.0,65028.0,59002.0,37706.0,29656.0,21560.0,20318.0,9996.0,50280.0,33815356.0,,,,,13836998.0,331558.0,1696284.0,3489224.0,128800.0,141540.0,113640.0,125060.0,118400.0,95420.0,104740.0,112140.0,181200.0,462228.03,33815356.0,33815356.0,,3604.0,,,1132800.0,,1209600.0,,,,,24494282.88,2311037.76,6271889.28,52.0,64.0,6422.0,136954.0,172202.0,78522.0,54742.0,57912.0,95120.0,48660.0,11810.0,2454.0,,,33815356.0,0.0,164.0,22.0,48708.0,132520.0,44784.0,285084.0,151356.0,2160.0,0.0,0.0,3800.0,35790.0,19230896.0,4400000.0,678.0,71928.0,0.0,0.0,22365508.0,,,,,,,,,,,207210.0,,,,,,,,,,,,,,,52.0,226388.0,71140.0,40260.0,23016.0,70776.0,168990.0,53038.0,9870.0,1320.0,0.0,,
neg,42034,,102.0,88.0,0.0,0.0,0.0,0.0,0.0,0.0,552.0,190132.0,1805620.0,676286.0,14632.0,660.0,1294526.0,0.0,0.0,0.0,0.0,0.0,2531730.0,2291960.0,651100.0,189316.0,0.0,0.0,0.0,0.0,272.0,64.0,0.0,0.0,0.0,0.0,0.0,91898.0,1726230.0,698322.0,171432.0,0.0,1748.0,834.0,1668.0,18086.0,1680088.0,985408.0,50.0,0.0,0.0,0.0,920186.0,615428.0,341408.0,294384.0,236130.0,159314.0,89200.0,31832.0,0.0,0.0,3183266.0,34.0,178.0,64.0,4.0,1294526.0,32430.0,539416.0,111072.0,144660.0,385340.0,,,,,,,116500.0,42034.48,3183266.0,3183266.0,3187176.0,16402.0,1274.0,72686.0,758740.0,2687882.0,1209600.0,71766.0,0.0,74.0,0.0,2517143.04,0.0,169008.96,0.0,0.0,0.0,0.0,0.0,10334.0,835928.0,1608350.0,220430.0,10344.0,2458.0,38.0,34.0,40.0,3183266.0,,2944.0,434.0,33326.0,105258.0,98394.0,2139116.0,296098.0,12290.0,22.0,0.0,200.0,170.0,2509140.0,20906.0,46.0,762.0,0.0,0.0,2542672.0,1240.0,78.0,0.0,0.0,0.0,0.0,0.0,0.0,0.0,0.0,17536.0,37918.0,7208.0,0.0,0.0,70150.0,12948.0,34920.0,5560.0,0.0,0.0,0.0,0.0,2034490.0,799.76,930.0,181936.0,481308.0,501324.0,275642.0,651264.0,374376.0,155838.0,57952.0,8242.0,0.0,0.0,0.0
neg,39720,,460.0,430.0,0.0,0.0,0.0,0.0,0.0,0.0,17120.0,843536.0,1568496.0,191974.0,21182.0,740.0,1144836.0,0.0,0.0,0.0,0.0,0.0,2334408.0,1954982.0,639954.0,309924.0,0.0,0.0,0.0,0.0,1450.0,238.0,0.0,0.0,0.0,0.0,912.0,95528.0,1729914.0,387494.0,429200.0,0.0,3016.0,960.0,1684.0,210306.0,2010866.0,416202.0,14.0,0.0,0.0,0.0,788188.0,539906.0,187354.0,161718.0,148946.0,142964.0,216664.0,455168.0,2140.0,0.0,2975020.0,290.0,812.0,270.0,8.0,1144836.0,34868.0,395908.0,241940.0,256380.0,258640.0,,,,,,,118080.0,39720.22,2975020.0,2975020.0,2966116.0,21546.0,694.0,51056.0,547860.0,2643048.0,1209600.0,77444.0,2.0,54.0,0.0,2206504.32,0.0,433652.16,0.0,0.0,0.0,0.0,0.0,118910.0,1108574.0,1204112.0,192586.0,14260.0,4414.0,192.0,78.0,88.0,2975020.0,,5480.0,482.0,69798.0,187650.0,106440.0,1113978.0,1126390.0,32404.0,426.0,0.0,666.0,666.0,2190934.0,108328.0,0.0,19246.0,0.0,14.0,2230878.0,1974.0,188.0,0.0,0.0,0.0,0.0,0.0,0.0,0.0,0.0,21050.0,42396.0,16864.0,0.0,0.0,66198.0,11728.0,3087060.0,318360.0,0.0,0.0,0.0,0.0,9720260.0,1127.66,1238.0,458050.0,477620.0,309530.0,141210.0,261176.0,206044.0,214614.0,223590.0,348372.0,2842.0,0.0,0.0
neg,20676,4.0,46.0,,0.0,0.0,0.0,0.0,0.0,0.0,31690.0,1667750.0,816862.0,73894.0,18168.0,174.0,957808.0,0.0,0.0,0.0,392.0,710.0,2729194.0,2537030.0,251420.0,150126.0,0.0,0.0,0.0,0.0,30.0,12.0,0.0,0.0,0.0,0.0,0.0,0.0,0.0,260074.0,2348464.0,0.0,3494.0,478.0,1188.0,1688.0,2306.0,2258350.0,341034.0,0.0,0.0,0.0,1531820.0,387066.0,177532.0,132570.0,104694.0,70560.0,54204.0,57882.0,33972.0,58238.0,2981978.0,920.0,804.0,126.0,36.0,957808.0,30432.0,93208.0,157192.0,107540.0,87580.0,,,,,,,48080.0,20676.53,2981978.0,2981978.0,2966388.0,7731.0,7588.0,52956.0,553920.0,2611756.0,1209600.0,0.0,,,,1588874.88,687931.2,329770.56,14.0,236.0,0.0,0.0,3346.0,261938.0,1308408.0,828740.0,182278.0,20992.0,2752.0,84.0,,1218.0,2981978.0,0.0,7516.0,962.0,18796.0,548912.0,312004.0,1432234.0,276914.0,11200.0,0.0,0.0,,,,,,,,,,7582.0,64.0,0.0,0.0,1510.0,691218.0,0.0,0.0,0.0,0.0,14546.0,0.0,0.0,0.0,0.0,0.0,0.0,0.0,0.0,0.0,0.0,0.0,0.0,5619480.0,2202.12,1992.0,1052482.0,693640.0,300816.0,92388.0,142126.0,84930.0,69736.0,168858.0,3562.0,0.0,0.0,0.0
neg,39362,,0.0,,0.0,0.0,0.0,0.0,0.0,0.0,18868.0,779090.0,1909014.0,354652.0,13836.0,0.0,1441456.0,0.0,0.0,0.0,0.0,0.0,2677354.0,2336146.0,556258.0,285938.0,0.0,0.0,0.0,0.0,0.0,0.0,0.0,0.0,0.0,0.0,0.0,125068.0,1456166.0,1314490.0,179736.0,0.0,2018.0,642.0,978.0,116058.0,2042634.0,912820.0,308.0,2.0,0.0,0.0,1427202.0,544146.0,189390.0,131278.0,158080.0,360316.0,264744.0,304.0,0.0,0.0,3234328.0,0.0,26.0,210.0,242.0,1441456.0,48358.0,292350.0,263068.0,198700.0,227960.0,,,,,,,122680.0,39362.77,3234328.0,3234328.0,3233730.0,17689.0,186584.0,76802.0,807680.0,3075460.0,1209600.0,0.0,,,,2503660.8,0.0,567479.04,0.0,0.0,0.0,0.0,118.0,99222.0,1093710.0,1476526.0,370228.0,28770.0,6194.0,692.0,,0.0,3234328.0,,5364.0,670.0,130718.0,430486.0,238934.0,1492226.0,754318.0,22566.0,178.0,0.0,,,,,,,,,,2932.0,156.0,0.0,0.0,0.0,0.0,0.0,0.0,0.0,0.0,25106.0,52696.0,8722.0,0.0,0.0,109344.0,15418.0,4180260.0,800310.0,0.0,0.0,0.0,0.0,941320.0,1162.28,1578.0,596168.0,698704.0,456808.0,217236.0,402454.0,304740.0,167488.0,92846.0,133314.0,5702.0,0.0,0.0
neg,16666,,,,0.0,0.0,0.0,0.0,0.0,46954.0,589606.0,668638.0,246984.0,22386.0,0.0,0.0,608974.0,0.0,0.0,,89668.0,148144.0,1380586.0,1347128.0,274390.0,34794.0,,0.0,0.0,0.0,46.0,30.0,0.0,0.0,0.0,0.0,0.0,0.0,0.0,102322.0,1472246.0,0.0,10718.0,1520.0,1292.0,1410.0,19976.0,1539652.0,0.0,0.0,0.0,0.0,630878.0,553152.0,228098.0,97522.0,35330.0,16878.0,9926.0,2686.0,98.0,0.0,1745800.0,,,434.0,80.0,608974.0,15462.0,82350.0,191208.0,203700.0,0.0,0.0,0.0,0.0,0.0,0.0,0.0,62960.0,16666.03,1745800.0,1745800.0,1701980.0,4419.0,,,527060.0,1574568.0,1209600.0,66026.0,,,,1264856.64,0.0,305099.52,,,0.0,7612.0,236864.0,503462.0,512952.0,261330.0,48914.0,3028.0,406.0,0.0,,,1745800.0,,4148.0,582.0,1566.0,7782.0,106342.0,248958.0,1032348.0,172790.0,52.0,0.0,60.0,94.0,1125810.0,157140.0,1096.0,5336.0,0.0,0.0,1179852.0,2342.0,,,,,,,,,,10706.0,,,,,,,,,,,,,,,,344340.0,511750.0,247096.0,82320.0,94332.0,46628.0,48318.0,199170.0,238.0,376.0,,
pos,265174,0.0,4528.0,192.0,0.0,0.0,0.0,80.0,66506.0,1611060.0,6997764.0,8773508.0,4527510.0,1973314.0,522346.0,31458.0,13330060.0,0.0,0.0,0.0,667036.0,1144598.0,31334934.0,30578376.0,6353670.0,1173704.0,0.0,0.0,0.0,0.0,11434.0,980.0,0.0,0.0,0.0,0.0,0.0,0.0,0.0,12972220.0,11531326.0,0.0,19388.0,4954.0,5624.0,6874.0,1521752.0,19749320.0,1513558.0,1682054.0,22.0,0.0,13399392.0,5773640.0,1448140.0,877564.0,646608.0,517878.0,439278.0,362918.0,184362.0,853766.0,38358684.0,1318.0,1436.0,3574.0,54.0,13330060.0,417428.0,1900878.0,4440914.0,161940.0,180440.0,165240.0,169960.0,141820.0,157020.0,188420.0,194160.0,114480.0,265174.62,38358684.0,38358684.0,38257856.0,80784.0,2444.0,71506.0,822800.0,37217462.0,1209600.0,1164050.0,0.0,10.0,0.0,16101228.48,12505831.68,5336387.52,346.0,1466.0,14944.0,403416.0,2798212.0,5264656.0,8018502.0,5084988.0,1816118.0,914842.0,173600.0,14268.0,88.0,590.0,38358684.0,0.0,23130.0,3308.0,5362520.0,2697910.0,6056770.0,8828292.0,1477302.0,54066.0,248.0,0.0,310.0,10.0,1326082.0,33086.0,0.0,14.0,0.0,0.0,1333992.0,51372.0,12902.0,609520.0,2461084.0,120220.0,13046180.0,0.0,0.0,0.0,0.0,186646.0,92310.0,21730.0,58797552.0,10805262.0,1030182.0,240182.0,527520.0,61968.0,37544286.0,89504.0,0.0,0.0,38457900.0,6778.92,6344.0,13381370.0,3835168.0,1976062.0,465094.0,900850.0,1098942.0,1255152.0,1553500.0,37408.0,0.0,0.0,0.0
neg,35588,0.0,2130706452.0,146.0,0.0,0.0,0.0,0.0,0.0,0.0,53228.0,1106746.0,708268.0,60336.0,2664.0,54.0,902860.0,0.0,0.0,0.0,0.0,0.0,1761070.0,1574356.0,319222.0,153902.0,0.0,0.0,0.0,0.0,118.0,380.0,0.0,0.0,0.0,0.0,0.0,0.0,7192.0,689304.0,1234800.0,0.0,2310.0,2592.0,5220.0,6754.0,19240.0,1818770.0,76410.0,0.0,0.0,0.0,599930.0,466458.0,245586.0,181896.0,115854.0,78554.0,62756.0,77952.0,58762.0,43548.0,2080648.0,72.0,168.0,400.0,18.0,902860.0,24862.0,189828.0,128618.0,187800.0,,,,,,,,127720.0,35588.26,2080648.0,2080648.0,2062642.0,10504.0,0.0,84606.0,867320.0,1933022.0,1209600.0,61558.0,4.0,28.0,0.0,1785990.72,0.0,144552.0,76.0,402.0,0.0,0.0,8122.0,570952.0,1015638.0,301696.0,29730.0,4034.0,1060.0,64.0,128.0,134.0,2080648.0,0.0,3436.0,360.0,63584.0,81074.0,67744.0,1596564.0,112828.0,5656.0,50.0,0.0,118.0,670.0,1791404.0,317944.0,0.0,0.0,0.0,0.0,1792004.0,1164.0,82.0,0.0,0.0,0.0,0.0,0.0,0.0,0.0,0.0,11878.0,8686.0,4814.0,4222506.0,640054.0,55934.0,19344.0,9209340.0,921936.0,2018472.0,2356.0,0.0,0.0,0.0,8.32,772.0,155716.0,202882.0,196606.0,108374.0,241702.0,154066.0,207156.0,647094.0,17700.0,0.0,0.0,0.0
neg,5098,,2130706434.0,106.0,0.0,0.0,0.0,0.0,0.0,0.0,222.0,25230.0,188128.0,64242.0,0.0,0.0,124576.0,0.0,0.0,0.0,0.0,0.0,264306.0,248338.0,18346.0,12558.0,0.0,0.0,0.0,0.0,274.0,124.0,0.0,0.0,0.0,0.0,0.0,0.0,78502.0,197592.0,1728.0,0.0,1870.0,26.0,60.0,68.0,1260.0,274490.0,48.0,0.0,0.0,0.0,78702.0,150410.0,36676.0,10454.0,1194.0,276.0,110.0,0.0,0.0,0.0,282704.0,0.0,1226.0,212.0,0.0,124576.0,2388.0,9358.0,8930.0,,,,,,,,,17820.0,5097.28,282704.0,282704.0,286558.0,787.0,0.0,28026.0,282060.0,277822.0,1209600.0,5694.0,2.0,10.0,0.0,260157.12,0.0,15688.32,0.0,20.0,0.0,0.0,0.0,3706.0,92846.0,155070.0,24784.0,1236.0,180.0,0.0,0.0,6.0,282704.0,,2068.0,34.0,140.0,8584.0,4748.0,233874.0,27698.0,676.0,0.0,0.0,184.0,270.0,261592.0,178854.0,0.0,6.0,0.0,16.0,261602.0,172.0,84.0,0.0,0.0,0.0,0.0,0.0,0.0,0.0,0.0,1186.0,360.0,144.0,0.0,0.0,3646.0,998.0,1436140.0,143596.0,0.0,0.0,0.0,0.0,4097280.0,107.5,112.0,19148.0,24472.0,15782.0,8232.0,26986.0,182856.0,310.0,34.0,2.0,0.0,0.0,0.0
neg,1514,,16.0,10.0,0.0,0.0,0.0,0.0,0.0,2796.0,76666.0,16244.0,1874.0,0.0,0.0,0.0,44202.0,0.0,532.0,0.0,2372.0,4410.0,108478.0,100714.0,27492.0,3432.0,0.0,0.0,0.0,0.0,28.0,10.0,0.0,0.0,0.0,0.0,0.0,0.0,6354.0,55310.0,35916.0,0.0,1204.0,102.0,132.0,1764.0,960.0,92008.0,1410.0,0.0,0.0,0.0,31262.0,37590.0,23588.0,3218.0,842.0,256.0,230.0,474.0,116.0,4.0,138400.0,22.0,24.0,144.0,0.0,44202.0,922.0,18082.0,9366.0,,,,,,,,,26880.0,1513.17,138400.0,138400.0,138820.0,388.0,150.0,13486.0,137720.0,97580.0,1209600.0,1678.0,2.0,10.0,0.0,75477.12,0.0,20930.88,0.0,40.0,0.0,2418.0,36748.0,53088.0,3892.0,1318.0,102.0,14.0,0.0,0.0,12.0,16.0,138400.0,,1178.0,20.0,4048.0,3496.0,6292.0,79190.0,3356.0,0.0,0.0,0.0,10.0,8.0,70256.0,51018.0,0.0,6.0,0.0,0.0,77206.0,270.0,100.0,0.0,0.0,0.0,0.0,0.0,0.0,0.0,0.0,730.0,52.0,10.0,27162.0,7932.0,1132.0,176.0,7640.0,878.0,11424.0,260.0,0.0,0.0,513240.0,125.52,136.0,22524.0,11474.0,2810.0,2432.0,2594.0,3168.0,14460.0,37854.0,264.0,0.0,0.0,0.0
neg,88166,,0.0,,0.0,0.0,0.0,0.0,0.0,0.0,164564.0,2202256.0,2242522.0,221986.0,1838.0,0.0,2757928.0,0.0,0.0,0.0,416.0,762.0,5390506.0,4916248.0,700416.0,295400.0,0.0,0.0,0.0,0.0,0.0,0.0,0.0,0.0,0.0,0.0,0.0,40456.0,1112500.0,558232.0,3121978.0,0.0,3936.0,786.0,1900.0,4260.0,1296992.0,3412132.0,113156.0,4.0,0.0,0.0,1238590.0,1555892.0,753330.0,463600.0,456000.0,303720.0,61896.0,138.0,0.0,0.0,6093366.0,0.0,116.0,266.0,738.0,2757928.0,64362.0,375276.0,322826.0,128460.0,125560.0,131640.0,115760.0,178860.0,,,,2340.0,88165.53,6093366.0,6093366.0,5200286.0,19576.0,666088.0,113598.0,25300.0,4833166.0,1209600.0,0.0,,,,5013681.6,0.0,591930.24,0.0,0.0,0.0,0.0,9890.0,1047296.0,2170296.0,1224918.0,324014.0,44614.0,11844.0,294.0,,0.0,6093366.0,,10680.0,1484.0,4290.0,313312.0,218522.0,2507408.0,1726278.0,51192.0,0.0,0.0,,,,,,,,,,6518.0,356.0,0.0,0.0,0.0,0.0,0.0,0.0,0.0,0.0,33166.0,56314.0,11052.0,0.0,0.0,202334.0,30486.0,12088720.0,1667072.0,0.0,0.0,0.0,0.0,1157530.0,2728.92,3358.0,536288.0,875938.0,576124.0,289800.0,709450.0,749102.0,487276.0,309352.0,297066.0,2770.0,0.0,0.0
neg,90194,,0.0,,0.0,0.0,0.0,0.0,0.0,0.0,118856.0,2510320.0,2545142.0,370496.0,3588.0,0.0,2912394.0,7232.0,0.0,,0.0,0.0,4441698.0,3472114.0,1287016.0,871734.0,0.0,0.0,0.0,0.0,0.0,0.0,0.0,0.0,0.0,0.0,0.0,107956.0,1538236.0,2826576.0,1075634.0,0.0,10476.0,5954.0,7610.0,21104.0,2641278.0,2856550.0,5430.0,0.0,0.0,0.0,1909898.0,1053342.0,460092.0,334512.0,272382.0,263698.0,396322.0,789698.0,68414.0,44.0,5729226.0,36.0,88.0,320.0,346.0,2912394.0,112324.0,498366.0,784218.0,281740.0,276280.0,214200.0,282680.0,0.0,0.0,0.0,0.0,222580.0,90193.86,5729226.0,5729226.0,,42345.0,2847946.0,,881640.0,,1209600.0,0.0,,,,4746974.4,0.0,789613.44,,,0.0,0.0,4728.0,882248.0,2930630.0,1521738.0,179746.0,23518.0,5656.0,138.0,,0.0,5729226.0,,5314.0,704.0,297158.0,423536.0,206138.0,3758182.0,845616.0,11742.0,12.0,0.0,,,,,,,,,,4008.0,122.0,,,,,,,,,66200.0,64058.0,14610.0,0.0,0.0,216074.0,42840.0,4051260.0,3510908.0,0.0,0.0,0.0,0.0,,,,826814.0,744934.0,638592.0,309100.0,693464.0,621056.0,664460.0,477590.0,565446.0,6946.0,0.0,0.0
neg,96178,,2130706432.0,216.0,0.0,0.0,0.0,0.0,0.0,0.0,8168.0,936596.0,3636842.0,961816.0,42484.0,1790.0,2367556.0,0.0,0.0,0.0,0.0,78.0,5000738.0,4330984.0,925788.0,569170.0,0.0,0.0,0.0,0.0,516.0,152.0,0.0,0.0,0.0,0.0,0.0,94726.0,2044272.0,966980.0,2481718.0,0.0,5432.0,4796.0,10554.0,36204.0,436254.0,5094278.0,178.0,0.0,0.0,0.0,1573124.0,1679476.0,589202.0,391950.0,277276.0,218060.0,345988.0,512620.0,0.0,0.0,5927400.0,1214.0,1564.0,1396.0,12.0,2367556.0,70132.0,570680.0,351528.0,189080.0,192520.0,193560.0,186260.0,,,,,154280.0,96177.27,5927400.0,5927400.0,5929610.0,36734.0,5044.0,102500.0,1077680.0,5587696.0,1209600.0,145432.0,4.0,114.0,0.0,4971062.4,0.0,615135.36,136.0,1762.0,0.0,0.0,80.0,164918.0,2249686.0,2715270.0,430674.0,22548.0,4322.0,198.0,80.0,86.0,5927400.0,,7640.0,1064.0,234100.0,240612.0,227822.0,3767714.0,1079730.0,28652.0,362.0,0.0,456.0,320.0,4889394.0,348436.0,0.0,44186.0,0.0,10.0,5018242.0,3580.0,752.0,0.0,0.0,0.0,0.0,0.0,0.0,0.0,0.0,38574.0,79130.0,33892.0,0.0,0.0,156186.0,32220.0,11768520.0,1190984.0,0.0,0.0,0.0,0.0,5315980.0,1877.18,2156.0,654076.0,677164.0,580998.0,319426.0,739048.0,765262.0,732650.0,547028.0,565632.0,6412.0,0.0,0.0
pos,1203452,2.0,66.0,7028.0,0.0,0.0,0.0,228998.0,2874746.0,15582776.0,29736762.0,29846520.0,11696534.0,2590932.0,270436.0,5294.0,41524554.0,21628.0,0.0,,5657148.0,8864248.0,74883838.0,69506078.0,59926166.0,9069354.0,0.0,0.0,0.0,0.0,148.0,22.0,0.0,0.0,0.0,0.0,0.0,0.0,16650.0,33577052.0,59239288.0,8.0,282660.0,323104.0,493542.0,680938.0,1698968.0,57758058.0,17134502.0,14329452.0,131686.0,88.0,41626620.0,11689016.0,7820358.0,6141142.0,4729730.0,3572080.0,2676600.0,2274174.0,1199686.0,11103592.0,140462850.0,2190.0,3152.0,442.0,0.0,41524554.0,951936.0,44937496.0,14961688.0,585300.0,572320.0,502500.0,581020.0,544800.0,535900.0,519760.0,552100.0,45860.0,1203451.0,140462850.0,140462850.0,139858982.0,545687.0,0.0,,85860.0,93010156.0,1209600.0,66768.0,21216.0,2104.0,0.0,64856436.48,0.0,28064937.6,28894.0,63852.0,1016650.0,3384988.0,8874102.0,11337846.0,19142032.0,17170718.0,10849546.0,11813446.0,7176046.0,2067624.0,31662.0,38.0,140462850.0,0.0,135540.0,18376.0,5195554.0,19587624.0,4609302.0,30828726.0,32076072.0,379504.0,2274.0,26.0,7752.0,82244.0,58175548.0,30259784.0,108682.0,44856.0,0.0,0.0,60779292.0,6992.0,422.0,0.0,0.0,0.0,0.0,0.0,0.0,0.0,0.0,662408.0,10586.0,3526.0,0.0,0.0,73536.0,10246.0,7300.0,1280.0,0.0,0.0,0.0,0.0,0.0,77698.46,37890.0,28610588.0,12198784.0,5783754.0,2508102.0,5062020.0,8738984.0,26809754.0,2521316.0,599458.0,238.0,0.0,0.0
neg,1370,2.0,52.0,,0.0,0.0,0.0,0.0,0.0,580.0,16690.0,76484.0,42672.0,4666.0,0.0,0.0,68294.0,0.0,0.0,0.0,0.0,0.0,163462.0,140366.0,282010.0,12934.0,0.0,0.0,0.0,0.0,24.0,64.0,0.0,0.0,0.0,0.0,0.0,0.0,0.0,55402.0,85690.0,0.0,1332.0,1332.0,590.0,1812.0,424.0,128392.0,7210.0,0.0,0.0,0.0,90298.0,24854.0,12136.0,4518.0,2426.0,2056.0,2396.0,1620.0,334.0,454.0,445556.0,18.0,2.0,58.0,0.0,68294.0,1524.0,266042.0,15614.0,,,,,,,,,281180.0,1370.32,445556.0,445556.0,443222.0,534.0,0.0,43926.0,444680.0,141932.0,1209600.0,4294.0,,,,76674.24,12426.24,51365.76,12.0,72.0,0.0,0.0,4998.0,29780.0,58032.0,41292.0,5404.0,1280.0,260.0,46.0,,142.0,445556.0,0.0,1410.0,40.0,44.0,8288.0,22378.0,43070.0,63088.0,2768.0,6.0,0.0,,,,,,,,,,570.0,110.0,0.0,0.0,0.0,12550.0,0.0,0.0,0.0,0.0,1138.0,0.0,0.0,0.0,0.0,0.0,0.0,0.0,0.0,0.0,0.0,0.0,0.0,370370.0,2.2,150.0,66644.0,18450.0,9574.0,3224.0,6234.0,6668.0,8162.0,6880.0,12952.0,2304.0,0.0,0.0
neg,29112,,808.0,,0.0,0.0,0.0,0.0,0.0,0.0,50164.0,1506272.0,569840.0,34942.0,1130.0,0.0,947894.0,0.0,0.0,0.0,0.0,0.0,1806438.0,1427054.0,548600.0,327088.0,0.0,0.0,0.0,0.0,0.0,0.0,0.0,0.0,0.0,0.0,0.0,141690.0,1450024.0,553020.0,17614.0,0.0,4450.0,326.0,814.0,169786.0,1378506.0,601164.0,7302.0,0.0,0.0,0.0,727806.0,472504.0,129924.0,100230.0,83178.0,73550.0,95458.0,280690.0,196422.0,2586.0,2355634.0,34.0,162.0,238.0,0.0,947894.0,35030.0,316044.0,231186.0,302940.0,,,,,,,,240280.0,29112.41,2355634.0,2355634.0,2358456.0,17092.0,30924.0,110232.0,1140220.0,2162348.0,1209600.0,0.0,,,,1805265.6,0.0,352417.92,0.0,0.0,0.0,0.0,32.0,277756.0,1222732.0,611656.0,37106.0,9510.0,3398.0,158.0,,5714.0,2355634.0,,7060.0,538.0,40644.0,187570.0,97118.0,1009934.0,790854.0,28422.0,208.0,0.0,,,,,,,,,,1678.0,82.0,0.0,0.0,0.0,0.0,0.0,0.0,0.0,0.0,20602.0,29230.0,5778.0,0.0,0.0,91696.0,13090.0,2742220.0,448776.0,0.0,0.0,0.0,0.0,0.0,964.3,1192.0,368766.0,452572.0,329314.0,148800.0,309126.0,283464.0,235378.0,32900.0,1942.0,86.0,0.0,0.0
neg,50710,,116.0,0.0,0.0,0.0,0.0,0.0,0.0,0.0,4734.0,640138.0,2473510.0,394034.0,29910.0,964.0,1754846.0,0.0,0.0,0.0,0.0,0.0,2789202.0,1975482.0,920892.0,719054.0,0.0,0.0,508.0,0.0,322.0,72.0,0.0,0.0,0.0,0.0,0.0,118136.0,1227320.0,522164.0,1675670.0,0.0,2384.0,582.0,932.0,29708.0,1984006.0,1523770.0,1908.0,0.0,0.0,0.0,1043410.0,855124.0,486728.0,368676.0,267426.0,216058.0,265146.0,40722.0,0.0,0.0,3710734.0,144.0,68.0,540.0,30.0,1754846.0,76812.0,351704.0,565188.0,317180.0,280360.0,298720.0,,,,,,17300.0,50709.58,3710734.0,3710734.0,3693404.0,22179.0,7086.0,1350.0,74480.0,3543290.0,1209600.0,107020.0,0.0,0.0,0.0,3072253.44,0.0,468148.8,0.0,0.0,0.0,0.0,0.0,61212.0,1775928.0,1455942.0,227948.0,18414.0,3750.0,96.0,0.0,12.0,3710734.0,,4626.0,658.0,2280.0,263384.0,184290.0,2686552.0,383122.0,18240.0,138.0,0.0,0.0,0.0,0.0,0.0,0.0,0.0,0.0,0.0,0.0,2608.0,438.0,0.0,0.0,0.0,0.0,0.0,0.0,0.0,0.0,38734.0,59542.0,11034.0,0.0,0.0,112986.0,20614.0,849180.0,140192.0,0.0,0.0,0.0,0.0,5149420.0,1354.06,1546.0,497958.0,660254.0,484774.0,281628.0,651200.0,640796.0,280232.0,43630.0,2818.0,0.0,0.0,0.0
neg,42380,,0.0,,0.0,0.0,0.0,0.0,0.0,0.0,724.0,212104.0,1719584.0,647056.0,34636.0,0.0,1140354.0,0.0,0.0,0.0,0.0,0.0,2571698.0,2318186.0,383128.0,198256.0,0.0,0.0,0.0,0.0,0.0,0.0,0.0,0.0,0.0,0.0,0.0,211538.0,2228364.0,174202.0,0.0,0.0,1596.0,374.0,698.0,7156.0,1805834.0,791996.0,6436.0,10.0,2.0,2.0,1023014.0,392320.0,176872.0,153896.0,306396.0,521020.0,40586.0,0.0,0.0,0.0,2955534.0,0.0,66.0,92.0,0.0,1140354.0,29302.0,246750.0,135678.0,134440.0,163100.0,,,,,,,79940.0,42380.03,2955534.0,2955534.0,2965196.0,12885.0,1513618.0,50462.0,528060.0,2614104.0,1209600.0,0.0,,,,2157765.12,0.0,453765.12,0.0,0.0,0.0,0.0,0.0,3946.0,514224.0,1382286.0,644648.0,59146.0,9070.0,784.0,,0.0,2955534.0,,3866.0,496.0,10760.0,364250.0,147772.0,1075662.0,1002892.0,8406.0,0.0,0.0,,,,,,,,,,1808.0,68.0,0.0,0.0,0.0,8.0,0.0,0.0,0.0,0.0,16618.0,0.0,0.0,0.0,0.0,0.0,0.0,0.0,0.0,0.0,0.0,0.0,0.0,2380040.0,979.44,1228.0,475480.0,367530.0,261550.0,121698.0,220750.0,198118.0,209514.0,180928.0,530516.0,48020.0,0.0,0.0
neg,28026,,0.0,,0.0,0.0,0.0,0.0,0.0,0.0,1368.0,200054.0,1298672.0,488130.0,2462.0,0.0,938958.0,0.0,56.0,0.0,0.0,0.0,1754186.0,1540998.0,360568.0,163416.0,0.0,0.0,0.0,0.0,0.0,0.0,0.0,0.0,0.0,0.0,0.0,93830.0,1029430.0,866228.0,1198.0,0.0,3396.0,1654.0,1794.0,4604.0,592770.0,1386358.0,108.0,2.0,0.0,0.0,837838.0,240920.0,148966.0,134368.0,143796.0,217674.0,226822.0,40302.0,0.0,0.0,2115270.0,108.0,168.0,1286.0,170.0,938958.0,19822.0,157476.0,200178.0,247860.0,1310700.0,1310700.0,1310700.0,1310700.0,1310700.0,1310700.0,1310700.0,107440.0,28026.97,2115270.0,2115270.0,2076546.0,13105.0,720390.0,86300.0,900460.0,1990686.0,1209600.0,0.0,,,,1728633.6,0.0,258272.64,,,0.0,0.0,0.0,60996.0,624214.0,1087238.0,202122.0,13462.0,2628.0,26.0,,0.0,2115270.0,,3132.0,332.0,52096.0,123844.0,220684.0,1454270.0,133712.0,2608.0,8.0,0.0,,,,,,,,,,1440.0,68.0,0.0,0.0,0.0,0.0,0.0,0.0,0.0,0.0,12822.0,28648.0,4862.0,0.0,0.0,58358.0,7784.0,4846480.0,568456.0,0.0,0.0,0.0,0.0,405860.0,,,269752.0,422060.0,315580.0,156464.0,360866.0,260050.0,110022.0,46326.0,48436.0,1130.0,0.0,0.0
pos,120642,,,,0.0,0.0,0.0,0.0,175334.0,1556324.0,4001336.0,4269836.0,1675736.0,317670.0,25016.0,0.0,4484912.0,692.0,0.0,,649410.0,932366.0,9085006.0,8222226.0,3183068.0,1266828.0,0.0,0.0,0.0,0.0,1510.0,350.0,0.0,0.0,0.0,0.0,0.0,0.0,462.0,2347154.0,9673636.0,0.0,42518.0,22734.0,36244.0,84912.0,675036.0,11159782.0,26.0,0.0,0.0,0.0,4949302.0,3977148.0,1465360.0,592504.0,320354.0,194688.0,139820.0,221220.0,147940.0,12916.0,12919392.0,3810.0,3470.0,570.0,0.0,4484912.0,153040.0,1252336.0,1919556.0,412600.0,400780.0,400260.0,278500.0,236960.0,235640.0,166240.0,192700.0,245640.0,120642.64,12919392.0,12919392.0,12883882.0,52370.0,1522.0,,802840.0,12021252.0,1209600.0,366030.0,,,,7781928.0,2756675.52,1474334.4,,,12764.0,955896.0,2659570.0,3748024.0,3220152.0,1314012.0,96880.0,12274.0,1658.0,22.0,,96.0,12919392.0,,9480.0,1906.0,2065520.0,1919152.0,1408352.0,6544704.0,72138.0,0.0,0.0,0.0,850.0,2032.0,6811668.0,1087064.0,0.0,6890.0,0.0,0.0,7139756.0,10928.0,394.0,,,,,,,,,93470.0,53754.0,14262.0,513284910.0,2975530.0,612692.0,87060.0,741060.0,95898.0,11900262.0,12104.0,0.0,0.0,,,,4308454.0,2068414.0,1294060.0,670460.0,1375236.0,2242060.0,50870.0,11554.0,144.0,0.0,0.0,0.0
neg,60,,24.0,16.0,0.0,0.0,0.0,0.0,0.0,0.0,94.0,7060.0,9558.0,0.0,0.0,0.0,6468.0,0.0,0.0,0.0,0.0,0.0,11538.0,7180.0,21460.0,1782.0,0.0,0.0,0.0,0.0,90.0,28.0,0.0,0.0,0.0,0.0,0.0,0.0,14742.0,0.0,1970.0,0.0,2116.0,92.0,124.0,242.0,1322.0,12812.0,4.0,0.0,0.0,0.0,14070.0,1468.0,552.0,154.0,78.0,278.0,112.0,0.0,0.0,0.0,33026.0,2.0,8.0,0.0,0.0,6468.0,372.0,15364.0,5992.0,,,,,,,,,21120.0,59.62,33026.0,33026.0,40192.0,37.0,46.0,3094.0,32780.0,16712.0,1209600.0,720.0,0.0,6.0,0.0,6826.56,0.0,7845.12,4.0,24.0,0.0,0.0,0.0,5738.0,9890.0,1032.0,52.0,0.0,0.0,0.0,0.0,4.0,33026.0,,2144.0,14.0,36.0,466.0,516.0,2836.0,8382.0,2234.0,84.0,0.0,40.0,98.0,6928.0,42.0,0.0,2.0,0.0,0.0,8062.0,96.0,30.0,0.0,0.0,0.0,0.0,0.0,0.0,0.0,0.0,278.0,14.0,4.0,0.0,0.0,458.0,112.0,580.0,58.0,0.0,0.0,0.0,0.0,0.0,87.56,60.0,10444.0,4410.0,548.0,188.0,224.0,172.0,358.0,122.0,240.0,6.0,0.0,0.0
neg,49852,,2130706434.0,146.0,0.0,0.0,0.0,0.0,0.0,0.0,248.0,378070.0,2763854.0,816098.0,72520.0,1266.0,1736266.0,0.0,0.0,0.0,0.0,0.0,3417170.0,2791450.0,869796.0,567000.0,0.0,0.0,6036.0,0.0,342.0,152.0,0.0,0.0,0.0,0.0,0.0,8446.0,991642.0,1692932.0,1339036.0,0.0,3330.0,1486.0,2784.0,2606.0,217374.0,3804224.0,252.0,0.0,0.0,0.0,1166574.0,1021874.0,303746.0,236474.0,218928.0,221226.0,359696.0,503530.0,8.0,0.0,4287346.0,66.0,48.0,84.0,18.0,1736266.0,61268.0,518650.0,348996.0,250040.0,223380.0,260940.0,,,,,,130140.0,49852.98,4287346.0,4287346.0,4275832.0,29265.0,556.0,61714.0,653040.0,4032056.0,1209600.0,132248.0,2.0,76.0,0.0,3376617.6,0.0,652272.0,0.0,792.0,0.0,0.0,0.0,60970.0,1104056.0,2308746.0,536414.0,18236.0,3502.0,132.0,58.0,68.0,4287346.0,,5298.0,416.0,128932.0,329072.0,196188.0,2625786.0,728236.0,17940.0,188.0,0.0,278.0,338.0,3367512.0,9848.0,0.0,53444.0,0.0,12.0,3415766.0,2062.0,198.0,0.0,0.0,0.0,0.0,0.0,0.0,0.0,0.0,34306.0,64454.0,19152.0,0.0,0.0,114220.0,18516.0,7977840.0,802644.0,0.0,0.0,0.0,0.0,9852980.0,894.82,1028.0,674490.0,959812.0,834044.0,436828.0,640708.0,246320.0,111608.0,53468.0,72712.0,2066.0,0.0,0.0
neg,39284,,58.0,38.0,0.0,0.0,0.0,0.0,0.0,0.0,69110.0,1327124.0,1205384.0,110996.0,7378.0,0.0,1282210.0,0.0,0.0,0.0,0.0,0.0,2405644.0,2072020.0,508042.0,220404.0,0.0,0.0,0.0,0.0,68.0,24.0,0.0,0.0,0.0,0.0,0.0,0.0,71486.0,13328.0,2635178.0,0.0,3376.0,1408.0,1832.0,6028.0,984460.0,1722024.0,862.0,2.0,0.0,0.0,988784.0,688342.0,346310.0,229230.0,156914.0,119964.0,138644.0,51804.0,0.0,0.0,2915056.0,382.0,494.0,856.0,0.0,1282210.0,36386.0,155532.0,350120.0,201680.0,210160.0,,,,,,,84960.0,39284.12,2915056.0,2915056.0,2878482.0,14404.0,412.0,41216.0,483560.0,2719992.0,1209600.0,64332.0,0.0,176.0,0.0,2124615.36,0.0,592122.24,0.0,0.0,0.0,0.0,28060.0,503698.0,1613788.0,498600.0,62302.0,11980.0,1564.0,0.0,4.0,14.0,2915056.0,,7778.0,1134.0,11002.0,199950.0,140528.0,1260644.0,1062992.0,35824.0,140.0,0.0,110.0,102.0,2068726.0,184932.0,20.0,2558.0,0.0,0.0,2177756.0,3716.0,1316.0,0.0,0.0,0.0,0.0,0.0,0.0,0.0,0.0,22022.0,38098.0,7430.0,0.0,0.0,64462.0,10186.0,20880.0,3284.0,0.0,0.0,0.0,0.0,445550.0,2119.9,2356.0,635728.0,407298.0,147206.0,80026.0,239466.0,366658.0,397498.0,344272.0,101812.0,28.0,0.0,0.0
neg,44404,,348.0,290.0,0.0,0.0,0.0,0.0,0.0,0.0,11880.0,690388.0,1921858.0,661256.0,47808.0,858.0,1400006.0,0.0,0.0,0.0,0.0,0.0,3116314.0,2824210.0,511046.0,222152.0,0.0,0.0,0.0,0.0,326.0,234.0,0.0,0.0,0.0,0.0,0.0,172564.0,1953112.0,646798.0,561574.0,0.0,2316.0,738.0,1320.0,17986.0,1980970.0,1326842.0,3876.0,0.0,0.0,0.0,1261146.0,784580.0,379092.0,235846.0,183242.0,182696.0,297196.0,10250.0,0.0,0.0,3628018.0,722.0,550.0,1520.0,38.0,1400006.0,27568.0,307118.0,200236.0,161780.0,181140.0,,,,,,,160980.0,44403.16,3628018.0,3628018.0,3594008.0,18875.0,14928.0,116706.0,1200280.0,3334048.0,1209600.0,94686.0,2.0,90.0,0.0,2823852.48,0.0,507813.12,0.0,0.0,0.0,0.0,0.0,71892.0,1073132.0,1699454.0,465532.0,20068.0,3844.0,126.0,26.0,48.0,3628018.0,,4384.0,590.0,49576.0,291734.0,143446.0,2257106.0,561710.0,25416.0,86.0,0.0,488.0,628.0,2688356.0,361818.0,0.0,18868.0,0.0,14.0,2863484.0,2212.0,180.0,0.0,0.0,0.0,0.0,0.0,0.0,0.0,0.0,16592.0,26644.0,6624.0,0.0,0.0,99392.0,18762.0,361700.0,76734.0,0.0,0.0,0.0,0.0,43403260.0,1393.0,1402.0,538516.0,647454.0,591862.0,256612.0,648342.0,512750.0,128680.0,8852.0,976.0,4.0,0.0,0.0
neg,1230,2.0,20.0,12.0,0.0,0.0,0.0,0.0,0.0,2332.0,41880.0,33516.0,7864.0,0.0,0.0,0.0,39632.0,0.0,0.0,0.0,1352.0,2196.0,94902.0,88868.0,12636.0,3200.0,0.0,0.0,0.0,0.0,18.0,20.0,0.0,0.0,0.0,0.0,0.0,4766.0,19012.0,33592.0,28222.0,0.0,310.0,54.0,60.0,616.0,626.0,70178.0,13748.0,0.0,0.0,0.0,39716.0,14520.0,10270.0,7624.0,5966.0,4764.0,2516.0,216.0,0.0,0.0,108970.0,10.0,20.0,18.0,4.0,39632.0,860.0,7592.0,4980.0,,,,,,,,,12100.0,1230.48,108970.0,108970.0,109128.0,317.0,26.0,10620.0,108300.0,85758.0,1209600.0,2810.0,2.0,6.0,0.0,70116.48,0.0,14298.24,4.0,38.0,0.0,0.0,7990.0,21418.0,36982.0,15776.0,2784.0,606.0,36.0,0.0,0.0,22.0,108970.0,0.0,1500.0,36.0,82.0,3860.0,1516.0,24350.0,51538.0,2684.0,26.0,0.0,20.0,36.0,71210.0,38.0,0.0,766.0,0.0,0.0,71370.0,194.0,116.0,0.0,0.0,0.0,0.0,0.0,0.0,0.0,0.0,656.0,0.0,0.0,0.0,0.0,0.0,0.0,0.0,0.0,0.0,0.0,0.0,0.0,230520.0,229.56,142.0,16568.0,12694.0,9856.0,6148.0,11284.0,8974.0,9204.0,10366.0,498.0,0.0,0.0,0.0
neg,38512,,266.0,254.0,0.0,0.0,0.0,0.0,0.0,0.0,582.0,177990.0,1461872.0,341846.0,25132.0,2466.0,868224.0,0.0,0.0,0.0,0.0,0.0,1844914.0,1644304.0,332240.0,168552.0,0.0,0.0,0.0,0.0,290.0,70.0,0.0,0.0,0.0,0.0,0.0,0.0,1025762.0,885210.0,98916.0,0.0,6262.0,4836.0,8604.0,100684.0,1176298.0,710022.0,3132.0,24.0,6.0,20.0,654804.0,592842.0,207966.0,140024.0,99146.0,76870.0,94972.0,143264.0,0.0,0.0,2177408.0,52.0,408.0,70.0,4.0,868224.0,19004.0,196922.0,134332.0,208360.0,,,,,,,,120780.0,38511.53,2177408.0,2177408.0,2162346.0,12049.0,28396.0,94562.0,964740.0,2009888.0,1209600.0,42234.0,2.0,42.0,0.0,1768574.4,19.2,238779.84,0.0,0.0,0.0,0.0,0.0,18898.0,723462.0,997026.0,256016.0,12314.0,2070.0,102.0,64.0,72.0,2177408.0,,3604.0,302.0,55096.0,153008.0,111612.0,1348202.0,324474.0,13432.0,158.0,0.0,480.0,192.0,190254.0,83584.0,0.0,360.0,0.0,16.0,1780916.0,1138.0,214.0,0.0,0.0,0.0,18.0,0.0,0.0,0.0,0.0,10662.0,19826.0,4076.0,0.0,0.0,59288.0,10248.0,5565120.0,726856.0,0.0,0.0,0.0,0.0,458470.0,693.2,796.0,252596.0,319548.0,201458.0,89978.0,252982.0,355128.0,228596.0,145274.0,164312.0,16.0,0.0,0.0
neg,40938,,864.0,752.0,0.0,0.0,0.0,0.0,0.0,0.0,166364.0,2163232.0,1174356.0,84004.0,0.0,0.0,1462382.0,0.0,0.0,0.0,0.0,0.0,3079288.0,2562672.0,721320.0,402800.0,0.0,0.0,0.0,0.0,1762.0,284.0,0.0,0.0,0.0,0.0,0.0,0.0,2985204.0,594784.0,7968.0,0.0,3960.0,742.0,1226.0,5884.0,1115102.0,2428294.0,32748.0,0.0,0.0,0.0,1711068.0,940414.0,385160.0,222926.0,143416.0,123400.0,61572.0,0.0,0.0,0.0,3801752.0,0.0,1258.0,730.0,70.0,1462382.0,50774.0,260604.0,458354.0,260500.0,207780.0,206540.0,,,,,,36660.0,40937.53,3801752.0,3801752.0,3788406.0,14574.0,730.0,9552.0,161400.0,3587956.0,1209600.0,132786.0,0.0,262.0,0.0,2811861.12,0.0,772032.96,0.0,0.0,0.0,0.0,21970.0,871762.0,1839530.0,709300.0,122188.0,17658.0,5258.0,290.0,30.0,36.0,3801752.0,,8242.0,914.0,137374.0,514418.0,239998.0,1499396.0,1157572.0,29916.0,126.0,0.0,1248.0,808.0,2895806.0,339652.0,0.0,13966.0,0.0,28.0,2898876.0,3298.0,228.0,0.0,0.0,0.0,0.0,0.0,0.0,0.0,0.0,25616.0,17498.0,5322.0,0.0,0.0,122130.0,24832.0,7000.0,1024.0,0.0,0.0,0.0,0.0,937550.0,1797.98,2012.0,843862.0,1022072.0,330804.0,159320.0,338262.0,318366.0,349206.0,107446.0,115444.0,3174.0,0.0,0.0
pos,341282,0.0,1842.0,1496.0,0.0,0.0,0.0,0.0,0.0,0.0,0.0,0.0,0.0,0.0,0.0,0.0,14543172.0,249298.0,0.0,0.0,1484700.0,2171528.0,25703296.0,21318332.0,13150436.0,5344162.0,34.0,0.0,209502.0,0.0,4476.0,1024.0,0.0,0.0,0.0,0.0,0.0,0.0,0.0,0.0,0.0,0.0,0.0,0.0,0.0,0.0,0.0,0.0,0.0,0.0,0.0,0.0,0.0,0.0,0.0,0.0,0.0,0.0,0.0,0.0,0.0,0.0,40341600.0,4798.0,12512.0,20366.0,0.0,14543172.0,497240.0,4254874.0,8886922.0,299000.0,324580.0,266780.0,205040.0,178920.0,190160.0,161060.0,172160.0,127040.0,341282.46,40341600.0,40341600.0,40066134.0,0.0,930.0,11864.0,388180.0,36954874.0,1209600.0,982180.0,1204.0,716.0,0.0,20421396.48,8016388.8,8497372.8,0.0,0.0,0.0,0.0,0.0,0.0,0.0,0.0,0.0,0.0,0.0,0.0,516.0,544.0,40341600.0,0.0,0.0,0.0,0.0,0.0,0.0,0.0,0.0,0.0,0.0,0.0,3746.0,1868.0,19594512.0,5390736.0,300.0,248282.0,0.0,0.0,20170828.0,36750.0,1026.0,0.0,0.0,33660.0,8042720.0,0.0,0.0,0.0,0.0,363172.0,92162.0,19942.0,0.0,0.0,1027432.0,175466.0,172540.0,21304.0,0.0,0.0,0.0,0.0,54682900.0,0.0,0.0,0.0,0.0,0.0,0.0,0.0,0.0,0.0,0.0,0.0,0.0,0.0,0.0
neg,242080,,0.0,,0.0,0.0,0.0,0.0,0.0,0.0,95588.0,2684972.0,10376226.0,4393242.0,76416.0,2.0,9389996.0,834.0,0.0,,1256.0,1938.0,14156468.0,10460614.0,4467454.0,3036290.0,0.0,0.0,0.0,0.0,0.0,0.0,0.0,0.0,0.0,0.0,0.0,0.0,1304948.0,16320224.0,1270.0,0.0,30178.0,13102.0,19566.0,30582.0,4127914.0,13290146.0,114942.0,10.0,2.0,0.0,7715500.0,3149036.0,1273458.0,899274.0,763130.0,941930.0,2542098.0,342016.0,0.0,0.0,18632512.0,304.0,2612.0,1056.0,4494.0,9389996.0,330940.0,1413232.0,3019100.0,350740.0,349300.0,325300.0,301540.0,288100.0,359940.0,274140.0,319260.0,121080.0,242079.76,18632512.0,18632512.0,18085344.0,111588.0,5919694.0,,409280.0,17626436.0,1209600.0,0.0,,,,14648876.16,0.0,2944965.12,,,0.0,0.0,8346.0,877976.0,5514842.0,8485770.0,2245812.0,364918.0,121406.0,7372.0,,0.0,18632512.0,,36342.0,6744.0,1565208.0,1347596.0,1263890.0,9588826.0,3658548.0,159270.0,18.0,0.0,,,,,,,,,,23610.0,388.0,,,,,,,,,231270.0,203566.0,50828.0,0.0,0.0,975134.0,182818.0,13980500.0,8615174.0,0.0,0.0,0.0,0.0,,,,3169436.0,4921094.0,1676838.0,674326.0,1319924.0,1148378.0,1196154.0,701240.0,2436624.0,382428.0,0.0,0.0
neg,650,0.0,2130706432.0,42.0,0.0,0.0,0.0,0.0,0.0,0.0,31270.0,16394.0,3488.0,0.0,0.0,0.0,19326.0,0.0,0.0,0.0,766.0,1704.0,54474.0,47772.0,12358.0,2882.0,0.0,0.0,0.0,0.0,42.0,36.0,0.0,0.0,0.0,0.0,0.0,0.0,62.0,37802.0,13288.0,0.0,188.0,16.0,20.0,814.0,168.0,30402.0,19544.0,0.0,0.0,0.0,27478.0,7922.0,6536.0,3710.0,2350.0,1096.0,882.0,560.0,248.0,370.0,67650.0,54.0,0.0,76.0,0.0,19326.0,644.0,5350.0,6974.0,,,,,,,,,11860.0,650.31,67650.0,67650.0,65930.0,237.0,0.0,6440.0,66980.0,51390.0,1209600.0,1430.0,8.0,8.0,0.0,35566.08,4914.24,9853.44,0.0,38.0,0.0,0.0,5266.0,12488.0,21070.0,10034.0,2052.0,238.0,4.0,0.0,2.0,8.0,67650.0,0.0,1134.0,50.0,300.0,2326.0,638.0,8988.0,35314.0,2332.0,68.0,2.0,68.0,76.0,37016.0,17004.0,0.0,6.0,0.0,0.0,37132.0,166.0,60.0,0.0,0.0,0.0,4918.0,0.0,0.0,0.0,0.0,570.0,18.0,12.0,0.0,0.0,782.0,156.0,45660.0,4556.0,58062.0,188.0,0.0,0.0,0.0,1.8,650.0,16430.0,7260.0,2270.0,1944.0,1688.0,4604.0,6066.0,10890.0,0.0,0.0,0.0,0.0
neg,52416,2.0,408.0,352.0,0.0,0.0,0.0,0.0,0.0,80102.0,1042158.0,1606376.0,334750.0,9244.0,646.0,0.0,1362164.0,0.0,0.0,0.0,34752.0,53320.0,2765120.0,2501212.0,404084.0,234640.0,0.0,0.0,0.0,0.0,212.0,576.0,0.0,0.0,0.0,0.0,39206.0,334572.0,952720.0,1538424.0,208354.0,0.0,2008.0,318.0,452.0,2490.0,1752.0,2744628.0,311238.0,10390.0,0.0,0.0,1045796.0,822118.0,374544.0,221908.0,164308.0,127684.0,109390.0,113828.0,51584.0,42116.0,3204802.0,592.0,46.0,102.0,34.0,1362164.0,33864.0,166310.0,236510.0,143440.0,165120.0,,,,,,,88700.0,52416.35,3204802.0,3204802.0,3171794.0,18406.0,3414.0,73708.0,778040.0,3075130.0,1209600.0,68668.0,4.0,60.0,0.0,2772018.24,0.0,298412.16,12.0,164.0,0.0,1100.0,175838.0,652462.0,1317990.0,702172.0,189990.0,32970.0,750.0,4.0,506.0,510.0,3204802.0,0.0,4668.0,386.0,104794.0,160456.0,769036.0,2013190.0,20742.0,4.0,0.0,0.0,240.0,1006.0,154018.0,119032.0,0.0,796.0,0.0,0.0,2795694.0,2834.0,140.0,0.0,0.0,0.0,0.0,0.0,0.0,0.0,0.0,18244.0,49950.0,8586.0,8896040.0,942534.0,98020.0,11994.0,50696060.0,5175938.0,3013134.0,58540.0,0.0,0.0,12416360.0,1614.86,1566.0,311772.0,348552.0,421470.0,213932.0,448786.0,345068.0,540284.0,422028.0,21372.0,12.0,0.0,0.0
pos,182052,2.0,526.0,426.0,0.0,0.0,0.0,0.0,0.0,21238.0,962386.0,907328.0,276012.0,63350.0,7552.0,252.0,,,,,,,,,,,0.0,,,,5124.0,778.0,0.0,0.0,0.0,0.0,0.0,0.0,0.0,114854.0,2123264.0,0.0,8798.0,7316.0,17784.0,25770.0,24316.0,1937790.0,216344.0,0.0,0.0,0.0,694246.0,392270.0,217990.0,197312.0,145816.0,107670.0,88802.0,74636.0,41274.0,278102.0,,5938.0,6404.0,2202.0,4.0,,,,,,,,,,,,,,182052.81,,,14822236.0,91316.0,14888.0,,,13514442.0,,373622.0,0.0,396.0,0.0,10392697.92,1140271.68,1969438.08,3764.0,7804.0,0.0,612.0,63358.0,360614.0,640678.0,485704.0,398742.0,231288.0,46018.0,11104.0,42.0,46.0,,0.0,2130.0,286.0,194196.0,217284.0,197376.0,1452236.0,168624.0,5984.0,2.0,0.0,756.0,1692.0,6993696.0,1292686.0,0.0,240506.0,0.0,0.0,10234004.0,17756.0,10826.0,250900.0,1437292.0,0.0,0.0,0.0,0.0,0.0,0.0,,61406.0,12910.0,0.0,0.0,498332.0,62554.0,8155100.0,1191208.0,0.0,0.0,0.0,0.0,14763740.0,,5108.0,502546.0,398760.0,304946.0,130266.0,289348.0,287580.0,310822.0,13828.0,22.0,0.0,0.0,0.0
neg,49614,,740.0,688.0,0.0,0.0,0.0,0.0,0.0,0.0,4576.0,1227806.0,2066472.0,322866.0,31524.0,1322.0,1680234.0,15604.0,0.0,0.0,0.0,0.0,3051194.0,2443914.0,789786.0,538748.0,0.0,0.0,0.0,0.0,808.0,258.0,0.0,0.0,0.0,0.0,0.0,214290.0,1355840.0,966538.0,1117898.0,0.0,3182.0,930.0,1332.0,232560.0,2431320.0,985160.0,82.0,0.0,0.0,0.0,1219086.0,970486.0,325096.0,222474.0,175710.0,153000.0,212110.0,366496.0,10108.0,0.0,3841526.0,64.0,56.0,182.0,20.0,1680234.0,67036.0,420422.0,367896.0,255840.0,238680.0,250580.0,,,,,,38840.0,49613.68,3841526.0,3841526.0,3838992.0,23069.0,878.0,16524.0,206400.0,3654566.0,1209600.0,149540.0,0.0,96.0,0.0,3242162.88,0.0,409136.64,0.0,0.0,0.0,0.0,0.0,130792.0,1696982.0,1610262.0,195614.0,16888.0,3836.0,192.0,0.0,4.0,3841526.0,,5352.0,670.0,105084.0,228962.0,161166.0,2530250.0,607530.0,15382.0,170.0,0.0,1228.0,596.0,3197222.0,16902.0,0.0,118040.0,0.0,54.0,3274816.0,2304.0,390.0,0.0,0.0,0.0,0.0,0.0,0.0,0.0,0.0,34312.0,41530.0,7686.0,0.0,0.0,119578.0,23356.0,27520.0,3762.0,0.0,0.0,0.0,0.0,48613630.0,1258.26,1268.0,453376.0,907346.0,644134.0,321418.0,592756.0,362332.0,199204.0,95100.0,77680.0,1220.0,0.0,0.0
neg,406,0.0,2130706434.0,52.0,0.0,2.0,0.0,0.0,0.0,0.0,21662.0,4556.0,3628.0,0.0,0.0,0.0,13840.0,0.0,0.0,0.0,1558.0,3104.0,27872.0,22886.0,19058.0,2502.0,0.0,0.0,0.0,0.0,12.0,18.0,0.0,0.0,0.0,0.0,0.0,0.0,0.0,2168.0,27678.0,0.0,120.0,38.0,42.0,768.0,296.0,28582.0,0.0,0.0,0.0,0.0,20116.0,7208.0,866.0,476.0,202.0,514.0,220.0,180.0,34.0,30.0,48518.0,12.0,12.0,10.0,0.0,13840.0,394.0,11946.0,6600.0,,,,,,,,,18560.0,405.64,48518.0,48518.0,48496.0,151.0,0.0,4586.0,48020.0,29998.0,1209600.0,910.0,2.0,4.0,0.0,21553.92,19.2,7376.64,0.0,22.0,0.0,0.0,15390.0,8156.0,5102.0,1002.0,188.0,8.0,0.0,0.0,0.0,0.0,48518.0,0.0,1062.0,10.0,26.0,2416.0,2612.0,23174.0,546.0,0.0,0.0,0.0,148.0,26.0,21914.0,13122.0,0.0,0.0,0.0,0.0,22100.0,108.0,52.0,0.0,20.0,0.0,0.0,0.0,0.0,0.0,0.0,466.0,0.0,0.0,6172.0,2334.0,340.0,74.0,162160.0,16238.0,8074.0,4.0,0.0,0.0,0.0,1.28,82.0,8794.0,4616.0,1790.0,300.0,360.0,1060.0,854.0,12072.0,0.0,0.0,0.0,0.0
neg,18,,4.0,0.0,2.0,2.0,0.0,0.0,0.0,0.0,4628.0,4002.0,1226.0,0.0,0.0,0.0,2980.0,0.0,90.0,0.0,1152.0,1612.0,13034.0,12232.0,6122.0,132.0,0.0,0.0,0.0,0.0,14.0,28.0,0.0,0.0,0.0,0.0,0.0,0.0,0.0,1568.0,8288.0,0.0,1028.0,10.0,6.0,12.0,1014.0,7786.0,0.0,0.0,0.0,0.0,8146.0,694.0,102.0,268.0,128.0,50.0,282.0,180.0,6.0,0.0,20344.0,0.0,18.0,0.0,0.0,2980.0,168.0,4574.0,1536.0,,,,,,,,,5960.0,17.32,20344.0,20344.0,21356.0,26.0,2.0,1940.0,20200.0,9856.0,1209600.0,316.0,0.0,8.0,0.0,2547.84,0.0,6374.4,0.0,10.0,0.0,0.0,2632.0,5052.0,1516.0,470.0,186.0,0.0,0.0,0.0,0.0,8.0,20344.0,,1018.0,12.0,28.0,22.0,48.0,3742.0,4078.0,880.0,28.0,0.0,2.0,50.0,1724.0,164.0,0.0,0.0,0.0,0.0,2926.0,38.0,54.0,0.0,0.0,0.0,0.0,0.0,0.0,0.0,0.0,152.0,0.0,0.0,914.0,456.0,70.0,20.0,2320.0,232.0,0.0,4.0,0.0,0.0,0.0,126.92,34.0,7522.0,1876.0,92.0,24.0,62.0,78.0,64.0,138.0,0.0,0.0,0.0,0.0
neg,464,,2130706434.0,64.0,0.0,0.0,0.0,0.0,0.0,0.0,54.0,70.0,40276.0,4246.0,0.0,0.0,16264.0,0.0,0.0,0.0,0.0,0.0,42008.0,37882.0,6366.0,2958.0,0.0,0.0,0.0,0.0,92.0,18.0,0.0,0.0,0.0,0.0,0.0,0.0,20234.0,2836.0,21576.0,0.0,38.0,8.0,18.0,32.0,10412.0,34136.0,2.0,0.0,0.0,0.0,18214.0,22992.0,2818.0,426.0,102.0,60.0,30.0,4.0,0.0,0.0,48386.0,0.0,6.0,30.0,0.0,16264.0,438.0,2330.0,4020.0,,,,,,,,,6240.0,464.95,48386.0,48386.0,50546.0,121.0,420.0,4762.0,48280.0,44646.0,1209600.0,970.0,2.0,0.0,0.0,36183.36,0.0,8414.4,0.0,12.0,0.0,0.0,0.0,0.0,22670.0,21330.0,634.0,12.0,0.0,0.0,0.0,8.0,48386.0,,78.0,12.0,2780.0,3544.0,1186.0,6368.0,26536.0,4096.0,46.0,0.0,78.0,38.0,23986.0,6490.0,0.0,10.0,0.0,40.0,36820.0,80.0,50.0,0.0,0.0,0.0,0.0,0.0,0.0,0.0,0.0,230.0,22.0,34.0,0.0,0.0,844.0,182.0,33160.0,242148.0,0.0,0.0,0.0,0.0,0.0,27.46,32.0,8844.0,15226.0,10348.0,678.0,4666.0,4818.0,52.0,14.0,0.0,0.0,0.0,0.0
pos,396690,,0.0,,0.0,0.0,0.0,0.0,0.0,2780.0,521362.0,5701268.0,13994752.0,4013454.0,8740.0,0.0,11932136.0,27346.0,150.0,,17280.0,29942.0,22274072.0,20582628.0,2895954.0,1368936.0,0.0,0.0,0.0,0.0,0.0,0.0,0.0,0.0,0.0,0.0,0.0,422786.0,8254150.0,9490396.0,6075024.0,0.0,28382.0,28314.0,63434.0,90154.0,6105010.0,17907592.0,19460.0,10.0,0.0,0.0,9645994.0,3715248.0,2683130.0,2208108.0,1860612.0,1743092.0,1703472.0,677498.0,5202.0,0.0,25190058.0,1002.0,1440.0,2668.0,236.0,11932136.0,268750.0,1666796.0,1195490.0,149700.0,133320.0,203600.0,191860.0,135160.0,159160.0,144400.0,159560.0,219380.0,396690.4,25190058.0,25190058.0,24977478.0,146218.0,5543872.0,,949460.0,24242356.0,1209600.0,0.0,,,,22417931.52,0.0,1805753.28,,,0.0,0.0,126106.0,2851246.0,11131504.0,9236430.0,793276.0,86396.0,17082.0,316.0,,0.0,25190058.0,,17454.0,3254.0,636578.0,994274.0,2083842.0,18233474.0,2219078.0,54388.0,14.0,0.0,,,,,,,,,,10204.0,228.0,0.0,0.0,0.0,0.0,0.0,0.0,0.0,0.0,134132.0,432032.0,84460.0,0.0,0.0,984926.0,141538.0,57600240.0,7081054.0,0.0,0.0,0.0,0.0,25150900.0,,,1902146.0,3953116.0,3695016.0,1897532.0,4212994.0,3928426.0,2852630.0,1102338.0,696712.0,1446.0,0.0,0.0
pos,286924,,,,,,0.0,0.0,0.0,0.0,78.0,507332.0,1450732.0,93604.0,0.0,0.0,36323926.0,25150.0,306.0,,0.0,0.0,59656560.0,37604536.0,41353400.0,20481294.0,,0.0,39556.0,0.0,,,0.0,0.0,0.0,0.0,0.0,0.0,0.0,1612748.0,438998.0,0.0,1504.0,782.0,2530.0,541798.0,1363954.0,141174.0,4.0,0.0,0.0,0.0,1132006.0,348236.0,61518.0,53850.0,66840.0,108002.0,152808.0,127028.0,1458.0,0.0,101016440.0,,,,,36323926.0,1646298.0,9023288.0,32278150.0,648600.0,656140.0,629840.0,593900.0,572080.0,611100.0,524340.0,552140.0,258560.0,286924.89,101016440.0,101016440.0,2076826.0,11341.0,,,488620.0,2051746.0,1209600.0,,,,,61771457.28,3891832.32,33068939.52,124928.0,,0.0,0.0,0.0,3158.0,134708.0,977982.0,814136.0,115866.0,5678.0,218.0,,,101016440.0,,876.0,216.0,530520.0,240174.0,310028.0,793570.0,175282.0,1080.0,0.0,0.0,,,,,,,,,,,,,,,,,,,,1313676.0,,,,,,,,,,,,,,0.0,0.0,734250.0,1316730.0,766.0,0.0,0.0,0.0,0.0,0.0,0.0,0.0,,
neg,35576,0.0,482.0,456.0,0.0,0.0,0.0,0.0,0.0,81048.0,1714182.0,176158.0,5780.0,276.0,0.0,0.0,636892.0,0.0,34.0,0.0,126396.0,186886.0,1701464.0,1655498.0,439934.0,107158.0,0.0,0.0,0.0,0.0,346.0,1170.0,0.0,0.0,0.0,0.0,0.0,3744.0,36232.0,1081252.0,856216.0,0.0,1636.0,1136.0,1784.0,1964.0,2760.0,349462.0,1558502.0,58212.0,1988.0,0.0,944254.0,368430.0,174766.0,121036.0,97934.0,68952.0,46644.0,37750.0,21442.0,96236.0,2268292.0,1630.0,1472.0,348.0,0.0,636892.0,18572.0,299208.0,139556.0,259480.0,,,,,,,,176220.0,35576.81,2268292.0,2268292.0,2252196.0,10261.0,70.0,103480.0,1053940.0,1978674.0,1209600.0,43796.0,2.0,46.0,0.0,1841079.36,0.0,134828.16,16.0,734.0,0.0,2374.0,120326.0,339114.0,851798.0,402418.0,158030.0,102088.0,1296.0,0.0,0.0,6.0,2268292.0,0.0,3668.0,402.0,48476.0,76938.0,31342.0,1353898.0,443086.0,19552.0,82.0,0.0,200.0,2628.0,1848716.0,985080.0,0.0,1400.0,0.0,0.0,1853136.0,1594.0,738.0,0.0,0.0,0.0,0.0,0.0,0.0,0.0,0.0,12594.0,15458.0,2086.0,3083684.0,326972.0,45676.0,4954.0,10048420.0,1005536.0,2220116.0,15320.0,0.0,0.0,7576820.0,949.56,972.0,142588.0,285544.0,158686.0,77764.0,172150.0,165588.0,861880.0,112264.0,980.0,0.0,0.0,0.0
neg,38246,4.0,1314.0,1132.0,0.0,0.0,0.0,0.0,0.0,34964.0,1334732.0,959608.0,82306.0,8478.0,0.0,0.0,1100504.0,0.0,0.0,0.0,81170.0,130932.0,2229812.0,2042146.0,740270.0,207328.0,0.0,0.0,0.0,0.0,366.0,1260.0,0.0,0.0,0.0,0.0,0.0,0.0,165976.0,1425708.0,828404.0,0.0,2636.0,1450.0,2690.0,3660.0,4084.0,2168724.0,215220.0,21624.0,0.0,0.0,1076786.0,433166.0,221678.0,143378.0,116330.0,86042.0,69588.0,55086.0,28508.0,189526.0,3051806.0,1624.0,1660.0,4974.0,4.0,1100504.0,26924.0,522452.0,216612.0,271900.0,327840.0,,,,,,,136000.0,38245.59,3051806.0,3051806.0,3026282.0,13068.0,52.0,60116.0,627680.0,2421394.0,1209600.0,95576.0,2.0,104.0,0.0,2126986.56,39868.8,252449.28,552.0,1108.0,0.0,1532.0,81900.0,377124.0,851100.0,720632.0,252640.0,114358.0,19962.0,840.0,0.0,102.0,3051806.0,0.0,5176.0,732.0,147294.0,123546.0,99120.0,1756830.0,275596.0,11746.0,48.0,0.0,566.0,2304.0,1998720.0,576926.0,0.0,6848.0,0.0,0.0,2144704.0,2318.0,850.0,0.0,0.0,680.0,40110.0,0.0,0.0,0.0,0.0,15936.0,28960.0,5290.0,6410238.0,694608.0,94412.0,11968.0,12884600.0,1291268.0,1583418.0,55972.0,0.0,0.0,0.0,1922.72,1840.0,306394.0,426742.0,319860.0,114680.0,222576.0,272394.0,249242.0,488942.0,19236.0,22.0,0.0,0.0
neg,39022,,0.0,,0.0,0.0,0.0,0.0,0.0,0.0,38582.0,1592860.0,1591888.0,623934.0,41144.0,0.0,1804476.0,0.0,80.0,0.0,0.0,0.0,3522726.0,3207882.0,481904.0,231788.0,0.0,0.0,0.0,0.0,0.0,0.0,0.0,26.0,3912.0,4822.0,8752.0,12088.0,108402.0,1378572.0,2371834.0,0.0,2350.0,554.0,844.0,1314.0,6318.0,3876980.0,48.0,0.0,0.0,0.0,1965338.0,612974.0,313294.0,241934.0,216518.0,184730.0,131702.0,92002.0,90446.0,39470.0,4005430.0,884.0,184.0,1066.0,0.0,1804476.0,41770.0,86586.0,394274.0,139480.0,146840.0,132640.0,,,,,,55040.0,39022.36,4005430.0,4005430.0,3947100.0,14241.0,1421878.0,31334.0,368380.0,3888408.0,1209600.0,0.0,,,,2473372.8,0.0,1410193.92,4.0,580.0,0.0,0.0,0.0,467722.0,1743672.0,1234302.0,415922.0,24262.0,2528.0,0.0,,736.0,4005430.0,,2748.0,620.0,2630.0,1065630.0,440144.0,1735718.0,631316.0,9588.0,14.0,0.0,,,,,,,,,,5674.0,266.0,0.0,0.0,0.0,0.0,0.0,0.0,0.0,0.0,20504.0,15992.0,2844.0,0.0,0.0,74166.0,12602.0,5809500.0,1498092.0,0.0,0.0,0.0,0.0,5738580.0,1526.48,1734.0,1454146.0,727202.0,321310.0,154836.0,276474.0,350480.0,204036.0,387810.0,12082.0,32.0,0.0,0.0
neg,40722,,0.0,,0.0,0.0,0.0,0.0,0.0,0.0,4300.0,665790.0,3038242.0,1167900.0,102982.0,262.0,1811168.0,0.0,0.0,0.0,0.0,0.0,4078788.0,3377560.0,1124892.0,623098.0,0.0,0.0,0.0,0.0,0.0,0.0,0.0,0.0,0.0,0.0,0.0,13530.0,165418.0,98450.0,4702078.0,0.0,2630.0,488.0,810.0,3294.0,2035434.0,2934322.0,2484.0,12.0,2.0,0.0,2709096.0,1120690.0,464302.0,268600.0,155972.0,124512.0,121584.0,14720.0,0.0,0.0,5204484.0,28.0,34.0,212.0,0.0,1811168.0,88210.0,422592.0,700266.0,246060.0,283400.0,269080.0,242760.0,,,,,74920.0,40722.85,5204484.0,5204484.0,5217558.0,17745.0,5436.0,30924.0,357040.0,4979476.0,1209600.0,0.0,,,,3523884.48,67624.32,1384361.28,0.0,0.0,0.0,0.0,0.0,266882.0,1476230.0,2517266.0,679944.0,33190.0,5916.0,48.0,,0.0,5204484.0,,7190.0,1006.0,384640.0,1345240.0,612608.0,2155000.0,458320.0,15382.0,90.0,0.0,,,,,,,,,,5706.0,352.0,0.0,0.0,1390.0,67978.0,0.0,0.0,0.0,0.0,32900.0,0.0,0.0,0.0,0.0,0.0,0.0,0.0,0.0,0.0,6516.0,0.0,0.0,722850.0,1794.44,2028.0,1488870.0,1928970.0,459638.0,156200.0,271362.0,244354.0,259902.0,126292.0,43888.0,0.0,0.0,0.0
neg,3866,,92.0,64.0,0.0,0.0,0.0,13454.0,25212.0,33586.0,155132.0,66686.0,8564.0,0.0,0.0,0.0,105840.0,0.0,0.0,0.0,52784.0,73118.0,210076.0,221490.0,157298.0,20982.0,4.0,0.0,0.0,0.0,300.0,60.0,0.0,0.0,0.0,0.0,0.0,0.0,0.0,60142.0,241960.0,532.0,1950.0,630.0,848.0,2774.0,8242.0,288184.0,6.0,0.0,0.0,0.0,111844.0,59390.0,44146.0,40086.0,20978.0,11146.0,6140.0,4636.0,3062.0,1206.0,420274.0,6.0,4.0,24.0,2.0,105840.0,3268.0,100818.0,54570.0,,,,,,,,,155100.0,3865.55,420274.0,420274.0,413340.0,1710.0,0.0,40782.0,418460.0,302634.0,1209600.0,5902.0,0.0,8.0,0.0,192461.76,15803.52,93076.8,12.0,78.0,27212.0,34278.0,74386.0,132532.0,31220.0,2126.0,832.0,48.0,0.0,0.0,8.0,14.0,420274.0,,1312.0,70.0,21672.0,22950.0,25518.0,220788.0,10324.0,0.0,0.0,0.0,126.0,106.0,192608.0,19430.0,0.0,34.0,0.0,0.0,198306.0,404.0,258.0,350.0,31512.0,130.0,29578.0,0.0,0.0,0.0,0.0,3268.0,788.0,152.0,0.0,0.0,4946.0,964.0,1720.0,172.0,0.0,0.0,0.0,0.0,2784880.0,267.9,324.0,111900.0,26578.0,10998.0,5294.0,12472.0,33208.0,36636.0,64590.0,958.0,0.0,0.0,0.0
neg,938,,26.0,12.0,0.0,0.0,0.0,0.0,0.0,0.0,82.0,0.0,32330.0,28840.0,0.0,0.0,26764.0,0.0,0.0,0.0,0.0,0.0,55080.0,47758.0,12308.0,4864.0,0.0,0.0,0.0,0.0,10.0,8.0,0.0,0.0,0.0,0.0,0.0,0.0,28438.0,22746.0,10064.0,0.0,82.0,36.0,66.0,92.0,45246.0,15724.0,2.0,0.0,0.0,0.0,35040.0,21412.0,3914.0,678.0,122.0,28.0,52.0,0.0,0.0,0.0,67414.0,4.0,232.0,182.0,0.0,26764.0,874.0,5792.0,6484.0,,,,,,,,,12120.0,938.54,67414.0,67414.0,69916.0,184.0,54.0,6572.0,67140.0,61264.0,1209600.0,1490.0,0.0,6.0,0.0,52947.84,35.52,8179.2,0.0,0.0,0.0,0.0,0.0,0.0,10750.0,43702.0,6600.0,168.0,28.0,0.0,0.0,4.0,67414.0,,142.0,28.0,38.0,3742.0,1604.0,12980.0,41618.0,1056.0,38.0,0.0,36.0,54.0,52380.0,15232.0,86.0,14.0,0.0,0.0,53610.0,90.0,40.0,0.0,0.0,0.0,36.0,0.0,0.0,0.0,0.0,422.0,148.0,48.0,0.0,0.0,1332.0,550.0,1840.0,344.0,0.0,0.0,0.0,0.0,0.0,55.3,58.0,9190.0,9278.0,3358.0,1686.0,7752.0,29944.0,40.0,0.0,0.0,0.0,0.0,0.0
neg,36650,,184.0,178.0,0.0,0.0,0.0,0.0,0.0,0.0,2392.0,30358.0,1604158.0,789652.0,41788.0,2632.0,1005386.0,0.0,0.0,0.0,0.0,0.0,2232742.0,1970576.0,417014.0,223930.0,0.0,0.0,0.0,0.0,272.0,94.0,0.0,0.0,0.0,0.0,0.0,61320.0,890888.0,1449238.0,69530.0,0.0,1282.0,650.0,1344.0,200530.0,1875760.0,390268.0,1142.0,0.0,0.0,0.0,886828.0,696432.0,246390.0,155690.0,110794.0,91896.0,162690.0,120256.0,0.0,0.0,2650234.0,100.0,502.0,208.0,4.0,1005386.0,24288.0,228908.0,187202.0,176240.0,200980.0,,,,,,,35040.0,36649.82,2650234.0,2650234.0,2652748.0,14413.0,520.0,20242.0,226180.0,2470996.0,1209600.0,67498.0,2.0,60.0,0.0,2112983.04,0.0,356076.48,0.0,0.0,0.0,0.0,0.0,2836.0,383828.0,1473258.0,574150.0,31234.0,5454.0,216.0,4.0,10.0,2650234.0,,3536.0,496.0,24920.0,236180.0,103648.0,1686290.0,406346.0,9466.0,94.0,0.0,264.0,256.0,2118710.0,71588.0,0.0,1186.0,0.0,24.0,2123126.0,1800.0,132.0,0.0,0.0,0.0,0.0,0.0,0.0,0.0,0.0,14266.0,23404.0,3866.0,0.0,0.0,59656.0,11918.0,26340.0,3562.0,0.0,0.0,0.0,0.0,425400.0,876.24,1030.0,368482.0,417824.0,364368.0,193854.0,397306.0,315986.0,175762.0,98572.0,131522.0,7300.0,0.0,0.0
neg,56,0.0,8.0,2.0,0.0,0.0,0.0,0.0,0.0,6180.0,6842.0,10960.0,2100.0,0.0,0.0,0.0,8236.0,0.0,136.0,0.0,4250.0,12642.0,22082.0,15264.0,29442.0,3650.0,2.0,0.0,0.0,0.0,34.0,12.0,0.0,0.0,0.0,0.0,0.0,0.0,6356.0,15450.0,4276.0,0.0,1684.0,26.0,10.0,36.0,38.0,14164.0,1514.0,8610.0,0.0,0.0,22912.0,1450.0,424.0,466.0,604.0,130.0,92.0,4.0,0.0,0.0,55844.0,6.0,14.0,10.0,0.0,8236.0,446.0,18438.0,10698.0,,,,,,,,,28780.0,55.74,55844.0,55844.0,54946.0,76.0,410.0,5044.0,55160.0,26228.0,1209600.0,960.0,20.0,20.0,0.0,7413.12,5976.0,11552.64,8.0,40.0,0.0,3750.0,8018.0,3632.0,10112.0,520.0,46.0,4.0,0.0,0.0,2.0,12.0,55844.0,0.0,1452.0,46.0,80.0,702.0,2682.0,4206.0,15780.0,1098.0,36.0,0.0,4.0,24.0,6636.0,60.0,0.0,0.0,0.0,0.0,8890.0,198.0,68.0,0.0,0.0,60.0,6082.0,0.0,0.0,0.0,0.0,670.0,20.0,2.0,3834.0,776.0,290.0,78.0,460.0,580.0,12724.0,22.0,0.0,0.0,0.0,216.56,146.0,19142.0,4862.0,1344.0,246.0,306.0,148.0,34.0,0.0,0.0,0.0,0.0,0.0
neg,50,0.0,2130706448.0,28.0,0.0,0.0,0.0,0.0,0.0,0.0,160.0,10998.0,3314.0,0.0,0.0,0.0,5834.0,0.0,0.0,0.0,150.0,232.0,15220.0,5628.0,27016.0,1396.0,0.0,0.0,0.0,0.0,8.0,22.0,0.0,0.0,0.0,0.0,0.0,0.0,0.0,10632.0,3840.0,0.0,262.0,64.0,110.0,592.0,762.0,4626.0,8056.0,0.0,0.0,0.0,11660.0,1026.0,414.0,254.0,138.0,150.0,88.0,446.0,126.0,170.0,42524.0,0.0,2.0,0.0,0.0,5834.0,510.0,20166.0,6398.0,,,,,,,,,26020.0,50.09,42524.0,42524.0,43274.0,48.0,422.0,3638.0,41540.0,14636.0,1209600.0,806.0,2.0,4.0,0.0,5285.76,9.6,8237.76,0.0,32.0,0.0,0.0,140.0,8120.0,4506.0,1202.0,504.0,0.0,0.0,0.0,0.0,4.0,42524.0,0.0,1286.0,56.0,52.0,412.0,686.0,926.0,9764.0,1234.0,56.0,0.0,22.0,62.0,6610.0,48.0,0.0,0.0,0.0,0.0,7004.0,106.0,42.0,0.0,0.0,0.0,10.0,0.0,0.0,0.0,0.0,692.0,0.0,0.0,2850.0,710.0,370.0,64.0,18360.0,2990.0,754.0,134.0,0.0,0.0,0.0,1.78,138.0,9526.0,3074.0,598.0,254.0,304.0,264.0,306.0,146.0,0.0,0.0,0.0,0.0
pos,365194,,2730.0,1212.0,0.0,0.0,0.0,0.0,0.0,23420.0,655164.0,6414828.0,11141902.0,2697046.0,161246.0,7522.0,10834020.0,0.0,206.0,0.0,7502.0,11034.0,18207874.0,15274688.0,4637262.0,2570014.0,2.0,0.0,0.0,0.0,5702.0,1946.0,0.0,0.0,0.0,0.0,0.0,781068.0,12591756.0,6564428.0,1163876.0,0.0,17054.0,15498.0,25828.0,53998.0,1780386.0,19206830.0,1534.0,0.0,0.0,0.0,5744854.0,5317140.0,1681682.0,1258450.0,1088266.0,1095764.0,1740944.0,3128710.0,45254.0,64.0,22855946.0,1432.0,2360.0,2426.0,12.0,10834020.0,401210.0,2948262.0,1681426.0,223860.0,269660.0,199240.0,264980.0,231920.0,245440.0,263300.0,293640.0,209620.0,365194.83,22855946.0,22855946.0,22865326.0,164847.0,120440.0,81392.0,1042980.0,21101128.0,1209600.0,597790.0,0.0,120.0,0.0,19380783.36,0.0,1704205.44,178.0,3128.0,0.0,280.0,81666.0,2135876.0,7700978.0,8593994.0,2440306.0,124516.0,22154.0,1358.0,36.0,58.0,22855946.0,,26174.0,3724.0,536356.0,761818.0,943958.0,15251948.0,3477096.0,98156.0,1898.0,0.0,2334.0,1970.0,9295734.0,51184.0,0.0,45830.0,0.0,0.0,10015888.0,11990.0,1774.0,0.0,0.0,0.0,0.0,0.0,0.0,0.0,0.0,219638.0,382392.0,82350.0,0.0,0.0,873158.0,199122.0,2644220.0,761886.0,0.0,0.0,0.0,0.0,53295420.0,6431.04,7988.0,1827936.0,2565504.0,2896762.0,1539286.0,3372908.0,3232088.0,3091642.0,1633778.0,902646.0,38578.0,0.0,0.0
neg,1082,,74.0,72.0,0.0,0.0,0.0,0.0,0.0,0.0,68.0,27772.0,35950.0,1724.0,0.0,0.0,26986.0,0.0,0.0,0.0,0.0,0.0,68474.0,63466.0,8788.0,3076.0,0.0,0.0,0.0,0.0,58.0,26.0,0.0,0.0,0.0,0.0,0.0,0.0,51526.0,13984.0,0.0,0.0,104.0,14.0,20.0,36.0,12620.0,52714.0,2.0,0.0,0.0,0.0,24128.0,29620.0,7944.0,3304.0,396.0,68.0,20.0,28.0,0.0,0.0,77278.0,0.0,190.0,34.0,0.0,26986.0,532.0,5066.0,3708.0,,,,,,,,,8620.0,1082.2,77278.0,77278.0,81264.0,228.0,0.0,7586.0,77080.0,65526.0,1209600.0,1352.0,0.0,6.0,0.0,56153.28,0.0,9281.28,0.0,0.0,0.0,0.0,0.0,6948.0,46384.0,11900.0,204.0,52.0,22.0,0.0,0.0,4.0,77278.0,,142.0,16.0,2416.0,1404.0,1088.0,7420.0,50818.0,2110.0,94.0,0.0,110.0,170.0,57016.0,40744.0,0.0,0.0,0.0,18.0,57084.0,68.0,56.0,0.0,0.0,0.0,0.0,0.0,0.0,0.0,0.0,304.0,314.0,106.0,0.0,0.0,702.0,128.0,300.0,30.0,0.0,0.0,0.0,0.0,82270.0,83.5,48.0,10066.0,5796.0,1980.0,1236.0,5432.0,40952.0,32.0,14.0,2.0,0.0,0.0,0.0
neg,8,,6.0,6.0,0.0,0.0,0.0,0.0,0.0,0.0,1018.0,2618.0,2020.0,0.0,0.0,0.0,2008.0,0.0,126.0,0.0,42.0,124.0,5970.0,3520.0,7636.0,302.0,0.0,0.0,0.0,0.0,28.0,14.0,0.0,0.0,0.0,0.0,0.0,0.0,0.0,0.0,5656.0,0.0,976.0,30.0,22.0,14.0,2440.0,2174.0,0.0,0.0,0.0,0.0,4348.0,560.0,82.0,248.0,30.0,20.0,54.0,250.0,38.0,26.0,13670.0,0.0,2.0,0.0,0.0,2008.0,182.0,5718.0,1896.0,,,,,,,,,7400.0,8.93,13670.0,13670.0,13540.0,17.0,102.0,1196.0,13500.0,5656.0,1209600.0,328.0,0.0,14.0,0.0,2293.44,0.0,2417.28,0.0,10.0,0.0,0.0,460.0,3124.0,1476.0,292.0,304.0,0.0,0.0,0.0,6.0,16.0,13670.0,,956.0,14.0,22.0,10.0,14.0,394.0,3974.0,270.0,2.0,0.0,8.0,12.0,1242.0,60.0,0.0,0.0,0.0,0.0,2626.0,54.0,58.0,0.0,0.0,0.0,0.0,0.0,0.0,0.0,0.0,184.0,0.0,0.0,464.0,134.0,54.0,18.0,1560.0,158.0,0.0,20.0,0.0,0.0,0.0,131.94,54.0,3780.0,1712.0,46.0,16.0,24.0,14.0,26.0,38.0,0.0,0.0,0.0,0.0
neg,45594,,238.0,206.0,0.0,0.0,0.0,0.0,0.0,0.0,290.0,331112.0,1921088.0,651782.0,102958.0,13586.0,1359144.0,0.0,0.0,0.0,0.0,0.0,2645770.0,2276078.0,596008.0,329846.0,0.0,0.0,0.0,0.0,630.0,200.0,0.0,0.0,0.0,0.0,0.0,386.0,2970474.0,49956.0,0.0,0.0,2604.0,2566.0,4734.0,78116.0,1962834.0,969816.0,146.0,0.0,0.0,0.0,1237666.0,614916.0,261368.0,176216.0,127396.0,116258.0,477036.0,9960.0,0.0,0.0,3242048.0,1308.0,4756.0,1410.0,8.0,1359144.0,38632.0,298512.0,293822.0,235320.0,222360.0,,,,,,,134180.0,45593.38,3242048.0,3242048.0,3248620.0,18755.0,6228.0,79592.0,818560.0,3020816.0,1209600.0,91052.0,6.0,96.0,0.0,2547824.64,13562.88,457834.56,0.0,0.0,0.0,0.0,0.0,15574.0,1013550.0,1390030.0,544890.0,49998.0,6396.0,378.0,10.0,14.0,3242048.0,,3206.0,398.0,36500.0,542366.0,95208.0,1006396.0,1317656.0,18888.0,194.0,4.0,282.0,490.0,2153486.0,706778.0,0.0,17708.0,0.0,22.0,2579278.0,1908.0,172.0,0.0,0.0,370.0,13770.0,0.0,0.0,0.0,0.0,19692.0,43518.0,6734.0,0.0,0.0,83256.0,12262.0,1890940.0,242110.0,0.0,0.0,0.0,0.0,5593410.0,786.52,896.0,486450.0,593344.0,303936.0,153920.0,349054.0,350024.0,275138.0,191816.0,279852.0,37282.0,0.0,0.0
neg,32,0.0,42.0,,0.0,0.0,0.0,0.0,0.0,0.0,708.0,11570.0,12564.0,1836.0,0.0,0.0,11560.0,0.0,0.0,0.0,0.0,0.0,24188.0,12184.0,26922.0,2794.0,0.0,0.0,0.0,0.0,16.0,2.0,0.0,0.0,0.0,0.0,0.0,0.0,0.0,19038.0,7640.0,0.0,680.0,54.0,92.0,364.0,838.0,9682.0,14968.0,0.0,0.0,0.0,24302.0,1174.0,352.0,130.0,500.0,100.0,52.0,60.0,8.0,0.0,51246.0,4.0,2.0,16.0,0.0,11560.0,786.0,16376.0,10384.0,,,,,,,,,25780.0,32.13,51246.0,51246.0,45598.0,68.0,32.0,4288.0,50020.0,27036.0,1209600.0,0.0,,,,10156.8,1397.76,14118.72,0.0,22.0,0.0,0.0,358.0,7108.0,15098.0,3424.0,678.0,12.0,0.0,0.0,,6.0,51246.0,0.0,1804.0,98.0,66.0,338.0,446.0,4358.0,15164.0,3780.0,588.0,36.0,,,,,,,,,,440.0,38.0,0.0,0.0,0.0,0.0,0.0,0.0,0.0,1398.0,864.0,0.0,0.0,0.0,0.0,0.0,0.0,0.0,0.0,0.0,0.0,0.0,0.0,0.0,344.66,280.0,18246.0,7750.0,528.0,74.0,74.0,6.0,0.0,0.0,0.0,0.0,0.0,0.0
pos,1326236,,,15620.0,0.0,0.0,0.0,3080.0,289610.0,7829094.0,26022500.0,25480030.0,13105144.0,1980800.0,132916.0,6878.0,38736760.0,17772.0,0.0,,3163782.0,5625382.0,54653100.0,42126388.0,42827268.0,13700620.0,0.0,0.0,5772.0,0.0,18264.0,8924.0,0.0,0.0,0.0,0.0,272100.0,2910472.0,28607348.0,37758484.0,5301648.0,0.0,171286.0,101400.0,164618.0,705458.0,31795876.0,41911364.0,14.0,2.0,20.0,14.0,16012732.0,26527784.0,12770316.0,6056410.0,3259222.0,1977542.0,1610536.0,2896314.0,2216650.0,1522546.0,100649366.0,15764.0,90156.0,177616.0,1604.0,38736760.0,1367654.0,29784334.0,12999088.0,591100.0,632480.0,659580.0,628160.0,581320.0,551560.0,597960.0,511820.0,87220.0,1326236.51,100649366.0,100649366.0,100386466.0,389133.0,962254.0,,145180.0,74850052.0,1209600.0,1848478.0,3310.0,126.0,0.0,67576188.48,0.0,7228245.12,1208.0,17456.0,20768.0,1737270.0,15560774.0,26185274.0,19318488.0,9534112.0,2059180.0,343730.0,82990.0,7466.0,1720.0,5070.0,100649366.0,,64558.0,16648.0,3844558.0,2769188.0,9591038.0,53759992.0,4641808.0,162262.0,0.0,0.0,8546.0,19918.0,25753598.0,10575880.0,0.0,473158.0,178.0,0.0,26860524.0,57522.0,3602.0,,,,,,,,,929678.0,169056.0,53988.0,3251625012.0,17221552.0,3261536.0,614062.0,1672160.0,4215596.0,94373000.0,1097262.0,0.0,0.0,,36228.16,29396.0,7601908.0,7636200.0,8319386.0,5002372.0,9962248.0,7161628.0,7120604.0,21828632.0,217074.0,0.0,0.0,0.0
neg,276,4.0,2130706480.0,126.0,0.0,0.0,0.0,0.0,0.0,0.0,14.0,26412.0,5398.0,0.0,0.0,0.0,12348.0,0.0,0.0,0.0,0.0,0.0,45868.0,37782.0,20906.0,2676.0,0.0,0.0,0.0,0.0,106.0,166.0,0.0,0.0,0.0,0.0,0.0,0.0,0.0,634.0,31190.0,0.0,274.0,80.0,82.0,932.0,1062.0,11624.0,17770.0,0.0,0.0,0.0,22432.0,5346.0,1614.0,1174.0,428.0,188.0,506.0,128.0,8.0,0.0,66850.0,78.0,24.0,128.0,0.0,12348.0,682.0,14262.0,6538.0,,,,,,,,,20340.0,276.47,66850.0,66850.0,56180.0,108.0,0.0,6296.0,66180.0,31952.0,1209600.0,1504.0,2.0,6.0,0.0,16440.0,0.0,16871.04,0.0,50.0,0.0,0.0,0.0,17304.0,13084.0,1250.0,178.0,8.0,0.0,0.0,0.0,10.0,66850.0,0.0,1124.0,18.0,42.0,3260.0,3622.0,20658.0,3082.0,18.0,0.0,0.0,220.0,368.0,17618.0,5258.0,0.0,2.0,0.0,0.0,18130.0,154.0,152.0,0.0,0.0,0.0,0.0,0.0,0.0,0.0,0.0,538.0,0.0,6.0,13930.0,3166.0,562.0,102.0,99640.0,9954.0,47972.0,34.0,0.0,0.0,0.0,175.16,120.0,16832.0,6134.0,2010.0,780.0,1444.0,1410.0,350.0,2864.0,0.0,0.0,0.0,0.0
neg,12,2.0,36.0,24.0,0.0,0.0,0.0,0.0,0.0,0.0,550.0,1504.0,3338.0,0.0,0.0,0.0,1614.0,0.0,0.0,0.0,402.0,762.0,9590.0,8168.0,4686.0,688.0,0.0,0.0,0.0,0.0,0.0,0.0,0.0,0.0,0.0,0.0,0.0,0.0,0.0,228.0,5164.0,0.0,62.0,10.0,6.0,476.0,678.0,732.0,3428.0,0.0,0.0,0.0,3934.0,390.0,112.0,262.0,76.0,540.0,72.0,6.0,0.0,0.0,14688.0,0.0,2.0,2.0,0.0,1614.0,90.0,3008.0,1654.0,,,,,,,,,4580.0,11.91,14688.0,14688.0,19368.0,23.0,0.0,1424.0,14620.0,5424.0,1209600.0,236.0,2.0,2.0,0.0,1720.32,0.0,2553.6,0.0,18.0,0.0,0.0,510.0,1136.0,3612.0,134.0,0.0,0.0,0.0,0.0,0.0,2.0,14688.0,0.0,1166.0,6.0,8.0,320.0,106.0,1690.0,1940.0,130.0,26.0,0.0,26.0,0.0,1898.0,102.0,0.0,0.0,0.0,0.0,2048.0,28.0,40.0,0.0,0.0,0.0,0.0,0.0,0.0,0.0,0.0,110.0,0.0,0.0,956.0,140.0,44.0,20.0,9320.0,926.0,6262.0,8.0,0.0,0.0,0.0,79.38,32.0,3764.0,1208.0,290.0,52.0,54.0,18.0,6.0,0.0,0.0,0.0,0.0,0.0
neg,29818,,0.0,,0.0,0.0,0.0,0.0,0.0,0.0,2458.0,176050.0,1490940.0,403888.0,9016.0,0.0,991548.0,0.0,58.0,,0.0,0.0,1965602.0,1812022.0,228926.0,102990.0,0.0,0.0,720.0,0.0,0.0,0.0,0.0,0.0,0.0,0.0,0.0,50226.0,1133786.0,492510.0,405830.0,0.0,5330.0,2862.0,2638.0,3152.0,1061000.0,1007360.0,10.0,0.0,0.0,0.0,988700.0,269632.0,166616.0,121874.0,110078.0,135798.0,209364.0,78694.0,1596.0,0.0,2195104.0,36.0,754.0,336.0,44.0,991548.0,17754.0,118920.0,108764.0,146380.0,0.0,0.0,0.0,0.0,0.0,0.0,0.0,76260.0,29818.83,2195104.0,2195104.0,,12963.0,67614.0,,977640.0,,1209600.0,0.0,,,,1893113.28,0.0,182823.36,,,0.0,0.0,0.0,5236.0,765626.0,1115916.0,157160.0,28208.0,9940.0,266.0,,0.0,2195104.0,,3964.0,436.0,96368.0,92866.0,223866.0,1509198.0,147654.0,7992.0,8.0,0.0,,,,,,,,,,1622.0,100.0,,,,,,,,,11210.0,36234.0,6338.0,0.0,0.0,73384.0,9306.0,4641260.0,583108.0,0.0,0.0,0.0,0.0,,,,199790.0,474274.0,364032.0,184644.0,421492.0,319670.0,82442.0,26014.0,9994.0,0.0,0.0,0.0
pos,1277864,,,,,,0.0,25116.0,533458.0,13817782.0,34831328.0,28529586.0,11034566.0,2049936.0,112530.0,296.0,31054380.0,350322.0,538.0,,4967716.0,9469766.0,50776322.0,41184926.0,42026784.0,13562854.0,,0.0,0.0,0.0,,,0.0,0.0,0.0,0.0,0.0,0.0,136.0,28311106.0,62623356.0,0.0,356558.0,359892.0,545176.0,633498.0,58680098.0,30359196.0,180.0,0.0,0.0,0.0,18493304.0,21002904.0,16888586.0,10469330.0,7488158.0,4814304.0,3236420.0,3813434.0,2757872.0,1970286.0,97777156.0,,,,,31054380.0,812486.0,9899188.0,32093334.0,571340.0,564400.0,605360.0,566960.0,531300.0,523580.0,516440.0,509460.0,588440.0,1277864.99,97777156.0,97777156.0,97820258.0,476763.0,,,906020.0,90936604.0,1209600.0,,,,,69460800.0,0.0,21439626.24,,,330.0,1494358.0,17741250.0,25594834.0,27438790.0,16040508.0,2436156.0,174092.0,14190.0,90.0,,,97777156.0,,69324.0,18572.0,10829492.0,10563804.0,7167492.0,59495808.0,2766382.0,23724.0,0.0,0.0,6132.0,24092.0,31817676.0,11955640.0,3930.0,7998.0,0.0,0.0,36480354.0,,,,,,,,,,,589082.0,,,,,,,,,,,,,,,,22211262.0,12629956.0,6997138.0,3167662.0,7395116.0,9366984.0,28276990.0,763770.0,125720.0,0.0,,
neg,270,4.0,12.0,0.0,0.0,0.0,0.0,0.0,0.0,0.0,23702.0,13594.0,8552.0,0.0,0.0,0.0,15074.0,0.0,46.0,0.0,480.0,1052.0,52162.0,44494.0,53686.0,2446.0,0.0,0.0,0.0,0.0,14.0,4.0,0.0,0.0,0.0,0.0,0.0,0.0,0.0,612.0,45236.0,0.0,11106.0,52.0,70.0,276.0,2436.0,17618.0,14290.0,0.0,0.0,0.0,31404.0,5790.0,2118.0,1034.0,858.0,632.0,278.0,2440.0,1162.0,132.0,106406.0,30.0,34.0,0.0,0.0,15074.0,628.0,44086.0,9244.0,,,,,,,,,53180.0,269.75,106406.0,106406.0,105470.0,269.0,58.0,10234.0,105880.0,45988.0,1209600.0,916.0,0.0,2.0,0.0,17256.0,0.0,21508.8,28.0,76.0,0.0,0.0,15070.0,17442.0,6822.0,4524.0,1990.0,0.0,0.0,0.0,0.0,22.0,106406.0,0.0,6888.0,16.0,586.0,1488.0,5390.0,29722.0,1746.0,12.0,0.0,0.0,0.0,2.0,14516.0,8380.0,0.0,0.0,0.0,0.0,15570.0,138.0,218.0,0.0,0.0,0.0,0.0,0.0,0.0,0.0,0.0,544.0,40.0,4.0,0.0,0.0,478.0,78.0,2440.0,320.0,0.0,0.0,0.0,0.0,0.0,203.26,138.0,28806.0,5938.0,892.0,272.0,594.0,2094.0,6870.0,354.0,28.0,0.0,0.0,0.0
neg,40222,,2130706432.0,354.0,0.0,0.0,0.0,0.0,0.0,0.0,37784.0,1145408.0,1831562.0,220726.0,2624.0,0.0,1345640.0,0.0,0.0,0.0,1190.0,2262.0,2706490.0,2139594.0,1003946.0,497804.0,0.0,0.0,0.0,0.0,130.0,92.0,0.0,0.0,0.0,0.0,0.0,48710.0,1468688.0,1258650.0,462056.0,0.0,2036.0,750.0,1362.0,194812.0,2519806.0,519332.0,6.0,0.0,0.0,0.0,1280368.0,818774.0,249586.0,165280.0,147610.0,296570.0,279916.0,0.0,0.0,0.0,3712212.0,0.0,570.0,360.0,18.0,1345640.0,42680.0,559978.0,439202.0,264180.0,336640.0,374800.0,,,,,,21560.0,40221.19,3712212.0,3712212.0,3697826.0,17730.0,106196.0,2862.0,76840.0,3238104.0,1209600.0,107850.0,2.0,100.0,0.0,2469720.0,0.0,765542.4,0.0,0.0,0.0,0.0,9390.0,206672.0,1212664.0,1448018.0,335320.0,20042.0,5536.0,462.0,840.0,852.0,3712212.0,,4796.0,694.0,44432.0,465766.0,216026.0,1378596.0,1104900.0,22692.0,202.0,0.0,644.0,204.0,744790.0,83408.0,0.0,6614.0,0.0,62.0,2494674.0,2938.0,148.0,0.0,0.0,0.0,0.0,0.0,0.0,0.0,0.0,26194.0,48426.0,18038.0,0.0,0.0,70588.0,12636.0,14131440.0,2324984.0,0.0,0.0,0.0,0.0,221220.0,1282.08,1514.0,794596.0,655540.0,342842.0,172492.0,366578.0,396262.0,339034.0,128528.0,42048.0,184.0,0.0,0.0
neg,73998,,2130706434.0,5024.0,0.0,0.0,0.0,0.0,0.0,0.0,380.0,261168.0,4138442.0,2071684.0,231044.0,38608.0,2752872.0,0.0,0.0,0.0,0.0,0.0,6027866.0,5301396.0,1013078.0,630654.0,0.0,0.0,9452.0,0.0,21950.0,878.0,0.0,0.0,0.0,0.0,0.0,8836.0,173464.0,1417892.0,5141134.0,0.0,3056.0,1148.0,3082.0,792818.0,5395916.0,545272.0,34.0,0.0,0.0,0.0,2223852.0,2019148.0,1015432.0,655074.0,393396.0,227882.0,138502.0,68026.0,14.0,0.0,7041810.0,48.0,22.0,370.0,16.0,2752872.0,73264.0,500216.0,509062.0,225760.0,148400.0,132800.0,161720.0,160360.0,,,,173900.0,73998.29,7041810.0,7041810.0,7003750.0,35073.0,124534.0,92586.0,981980.0,6741326.0,1209600.0,292922.0,2.0,158.0,0.0,5578124.16,115699.2,1043353.92,0.0,0.0,0.0,0.0,0.0,60330.0,1781418.0,3802648.0,1001648.0,80380.0,14430.0,472.0,624.0,692.0,7041810.0,,8200.0,1160.0,191156.0,792902.0,303782.0,3823582.0,1595364.0,25086.0,94.0,0.0,9676.0,3306.0,2979440.0,10288.0,0.0,1348.0,0.0,22.0,5618676.0,5280.0,332.0,0.0,0.0,0.0,115748.0,0.0,0.0,0.0,0.0,40514.0,35298.0,17006.0,0.0,0.0,145554.0,22038.0,73194980.0,8036338.0,0.0,0.0,0.0,0.0,11766250.0,2064.66,2220.0,1181724.0,2393934.0,1162474.0,399392.0,657472.0,390806.0,240250.0,130722.0,171522.0,13030.0,0.0,0.0
neg,0,,0.0,0.0,0.0,0.0,0.0,0.0,0.0,0.0,4.0,2922.0,1136.0,0.0,0.0,0.0,816.0,0.0,0.0,0.0,0.0,0.0,3156.0,2238.0,3140.0,400.0,0.0,0.0,0.0,0.0,2.0,0.0,0.0,0.0,0.0,0.0,0.0,0.0,2926.0,0.0,1136.0,0.0,1196.0,4.0,8.0,8.0,40.0,2806.0,0.0,0.0,0.0,0.0,3260.0,76.0,302.0,32.0,88.0,304.0,0.0,0.0,0.0,0.0,6292.0,0.0,0.0,0.0,0.0,816.0,46.0,1692.0,1446.0,,,,,,,,,3120.0,0.73,6292.0,6292.0,9116.0,13.0,0.0,602.0,6280.0,4062.0,1209600.0,42.0,2.0,0.0,0.0,493.44,0.0,2421.12,0.0,12.0,0.0,0.0,0.0,1210.0,2776.0,76.0,0.0,0.0,0.0,0.0,0.0,8.0,6292.0,,1172.0,10.0,16.0,12.0,66.0,1848.0,900.0,38.0,0.0,0.0,0.0,0.0,564.0,0.0,0.0,0.0,0.0,12.0,564.0,22.0,80.0,0.0,0.0,0.0,0.0,0.0,0.0,0.0,0.0,46.0,0.0,0.0,0.0,0.0,2.0,2.0,480.0,48.0,0.0,0.0,0.0,0.0,0.0,61.76,16.0,3680.0,382.0,0.0,0.0,0.0,0.0,0.0,0.0,0.0,0.0,0.0,0.0
neg,38380,,0.0,,0.0,0.0,0.0,0.0,0.0,0.0,1180.0,451926.0,1525132.0,550574.0,38280.0,4982.0,1379078.0,0.0,0.0,0.0,0.0,0.0,2186198.0,1850372.0,458236.0,298750.0,0.0,0.0,0.0,0.0,0.0,0.0,0.0,0.0,0.0,0.0,0.0,63236.0,1686166.0,548596.0,274076.0,0.0,3628.0,1974.0,2596.0,5132.0,33776.0,2519504.0,5464.0,0.0,0.0,0.0,726652.0,549470.0,175154.0,153924.0,162014.0,183402.0,220520.0,381512.0,19426.0,0.0,2644810.0,112.0,580.0,294.0,148.0,1379078.0,46042.0,228398.0,228824.0,210300.0,193800.0,,,,,,,49940.0,38380.88,2644810.0,2644810.0,2651334.0,22312.0,453780.0,19470.0,221340.0,2572074.0,1209600.0,0.0,,,,2245549.44,0.0,323646.72,36.0,332.0,0.0,0.0,0.0,7192.0,566200.0,1515918.0,459744.0,18952.0,3794.0,274.0,,182.0,2644810.0,,4512.0,416.0,98820.0,191048.0,116664.0,1800332.0,352112.0,8156.0,14.0,0.0,,,,,,,,,,1502.0,44.0,0.0,0.0,0.0,0.0,0.0,0.0,0.0,0.0,25828.0,57218.0,9002.0,0.0,0.0,90034.0,16958.0,3165680.0,1188998.0,0.0,0.0,0.0,0.0,9121250.0,939.2,914.0,339520.0,567326.0,343910.0,152270.0,284118.0,270362.0,192052.0,153744.0,267640.0,1132.0,0.0,0.0
neg,936,0.0,12.0,,0.0,0.0,0.0,0.0,0.0,12924.0,35050.0,29948.0,4934.0,0.0,0.0,0.0,31376.0,0.0,0.0,0.0,6912.0,13734.0,64288.0,57318.0,39132.0,5640.0,4.0,0.0,0.0,0.0,120.0,42.0,0.0,0.0,0.0,0.0,0.0,0.0,0.0,5120.0,77736.0,0.0,1330.0,104.0,96.0,124.0,232.0,63388.0,1650.0,15932.0,0.0,0.0,44140.0,20072.0,7898.0,3518.0,2224.0,1226.0,1262.0,692.0,222.0,1602.0,110436.0,18.0,20.0,68.0,0.0,31376.0,848.0,20852.0,17832.0,,,,,,,,,38440.0,936.63,110436.0,110436.0,112122.0,338.0,4184.0,10518.0,109660.0,82986.0,1209600.0,0.0,,,,48675.84,0.0,33234.24,2.0,56.0,0.0,6060.0,19572.0,10472.0,16300.0,14734.0,14324.0,1372.0,22.0,0.0,,0.0,110436.0,0.0,1250.0,44.0,2838.0,1586.0,6620.0,22898.0,44438.0,3090.0,92.0,0.0,,,,,,,,,,214.0,96.0,0.0,0.0,0.0,0.0,0.0,0.0,0.0,0.0,936.0,268.0,60.0,0.0,0.0,886.0,136.0,138320.0,18556.0,0.0,0.0,0.0,0.0,0.0,213.22,142.0,35112.0,8464.0,2768.0,1218.0,3322.0,4182.0,12318.0,15232.0,240.0,0.0,0.0,0.0
neg,42,0.0,0.0,70.0,0.0,0.0,0.0,0.0,0.0,0.0,6656.0,26960.0,11152.0,4.0,0.0,0.0,17426.0,0.0,52.0,0.0,1076.0,1602.0,45782.0,33666.0,28934.0,1432.0,0.0,0.0,0.0,0.0,0.0,0.0,0.0,0.0,0.0,0.0,0.0,0.0,0.0,0.0,44772.0,0.0,730.0,226.0,414.0,1594.0,3544.0,36294.0,1970.0,0.0,0.0,0.0,39968.0,3034.0,540.0,238.0,206.0,196.0,432.0,48.0,14.0,96.0,75996.0,0.0,0.0,0.0,0.0,17426.0,1236.0,17958.0,10810.0,,,,,,,,,27340.0,42.78,75996.0,75996.0,69606.0,96.0,0.0,6572.0,74280.0,45166.0,1209600.0,0.0,2.0,30.0,0.0,13868.16,0.0,29851.2,6.0,68.0,0.0,0.0,5646.0,19294.0,18682.0,1120.0,30.0,0.0,0.0,0.0,30.0,0.0,75996.0,0.0,2162.0,84.0,156.0,118.0,1686.0,4984.0,30864.0,4272.0,446.0,0.0,64.0,436.0,14630.0,54.0,0.0,0.0,0.0,0.0,15502.0,0.0,0.0,0.0,0.0,0.0,0.0,0.0,0.0,0.0,0.0,1132.0,0.0,0.0,0.0,0.0,0.0,0.0,0.0,0.0,144.0,0.0,0.0,0.0,0.0,4.62,868.0,32410.0,11982.0,168.0,30.0,52.0,38.0,88.0,4.0,0.0,0.0,0.0,0.0
neg,259140,,1114.0,630.0,0.0,0.0,0.0,0.0,83712.0,717830.0,4626128.0,6815032.0,2464600.0,200924.0,5520.0,0.0,7525774.0,0.0,30.0,0.0,435502.0,610038.0,12685608.0,11539838.0,2763266.0,1198074.0,46.0,0.0,0.0,0.0,734.0,366.0,0.0,0.0,0.0,0.0,0.0,1458.0,115626.0,6056216.0,8740446.0,0.0,9134.0,2346.0,6830.0,9726.0,3218978.0,11666722.0,10.0,0.0,0.0,0.0,2929326.0,5090938.0,2603758.0,1542248.0,791370.0,514992.0,422990.0,465614.0,304032.0,248478.0,15888130.0,24156.0,22692.0,672.0,0.0,7525774.0,228492.0,1376548.0,1378786.0,245040.0,206380.0,239580.0,232840.0,229280.0,188200.0,198600.0,188900.0,22400.0,259139.52,15888130.0,15888130.0,15889982.0,79367.0,16982.0,112112.0,124540.0,14913746.0,1209600.0,491300.0,836.0,3828.0,0.0,13399438.08,0.0,1496808.96,14.0,998.0,7344.0,537654.0,2682812.0,6669914.0,3719914.0,1088646.0,175848.0,28984.0,2616.0,14.0,220.0,226.0,15888130.0,,15156.0,2992.0,835468.0,720144.0,1207324.0,11314148.0,786696.0,31814.0,4.0,0.0,664.0,516.0,12192350.0,4512162.0,0.0,10836.0,0.0,0.0,13446448.0,10980.0,270.0,0.0,0.0,0.0,0.0,0.0,0.0,0.0,0.0,121598.0,136594.0,20248.0,41511808.0,4640828.0,720886.0,82874.0,2332660.0,247462.0,15546074.0,391006.0,0.0,0.0,0.0,7509.94,6314.0,1620840.0,2198554.0,1587342.0,595680.0,1058326.0,892304.0,1279724.0,5659364.0,21612.0,0.0,0.0,0.0
neg,30324,,0.0,,0.0,0.0,0.0,0.0,0.0,0.0,538.0,12370.0,1432894.0,491456.0,6568.0,0.0,895930.0,0.0,0.0,,0.0,0.0,1763074.0,1602136.0,244360.0,127596.0,0.0,0.0,0.0,0.0,0.0,0.0,0.0,0.0,0.0,0.0,0.0,0.0,331024.0,1101602.0,511200.0,0.0,5348.0,4482.0,5660.0,10714.0,944262.0,973358.0,2.0,0.0,0.0,0.0,757210.0,414050.0,233828.0,151698.0,106654.0,101820.0,144434.0,34132.0,0.0,0.0,2007718.0,18.0,176.0,462.0,50.0,895930.0,19070.0,105944.0,137144.0,156440.0,0.0,0.0,0.0,0.0,0.0,0.0,0.0,84360.0,30323.03,2007718.0,2007718.0,,11491.0,303972.0,,793940.0,,1209600.0,0.0,,,,1764515.52,0.0,175312.32,,,0.0,0.0,0.0,274.0,777396.0,1055904.0,94188.0,12490.0,3486.0,88.0,,0.0,2007718.0,,3746.0,366.0,77412.0,99630.0,160022.0,1494466.0,106200.0,1984.0,0.0,0.0,,,,,,,,,,1244.0,72.0,,,,,,,,,10112.0,21898.0,3684.0,0.0,0.0,52760.0,7996.0,5623260.0,717088.0,0.0,0.0,0.0,0.0,,,,186312.0,334500.0,264352.0,163740.0,482702.0,318624.0,100922.0,39392.0,48776.0,4506.0,0.0,0.0
neg,455844,,0.0,,0.0,0.0,0.0,0.0,0.0,0.0,814522.0,17426004.0,27150468.0,11752946.0,1342374.0,33660.0,29036332.0,111496.0,200.0,0.0,3554.0,8182.0,36414420.0,17339144.0,23801316.0,17834950.0,0.0,0.0,111800.0,0.0,0.0,0.0,0.0,0.0,0.0,0.0,0.0,0.0,139554.0,58380366.0,54.0,0.0,44598.0,10210.0,15678.0,556190.0,44387616.0,13505584.0,78.0,14.0,4.0,2.0,20662858.0,11745284.0,4241740.0,3444908.0,2893786.0,2693898.0,3088704.0,6382286.0,3240374.0,126136.0,60227746.0,0.0,5276.0,286.0,670.0,29036332.0,2350822.0,6545560.0,17228896.0,391160.0,427820.0,398220.0,388760.0,371540.0,375420.0,377920.0,493380.0,303340.0,455843.56,60227746.0,60227746.0,59193840.0,370263.0,1334990.0,107610.0,857420.0,58519974.0,1209600.0,0.0,,,,45275820.48,0.0,13177798.08,0.0,0.0,0.0,0.0,20396.0,2892322.0,20241864.0,23893308.0,10116596.0,1242662.0,110444.0,2382.0,,6794.0,60227746.0,,45990.0,14390.0,4967314.0,7928636.0,20207010.0,25039124.0,313998.0,3512.0,0.0,0.0,,,,,,,,,,17772.0,850.0,0.0,0.0,0.0,0.0,0.0,0.0,0.0,0.0,2116394.0,33776.0,9776.0,0.0,0.0,405532.0,53356.0,22828880.0,4404344.0,0.0,0.0,0.0,0.0,85081410.0,25253.94,23538.0,13509596.0,27994512.0,8150552.0,2521348.0,5302330.0,1040126.0,1502.0,8.0,0.0,0.0,0.0,0.0
neg,9720,,112.0,326.0,0.0,0.0,0.0,0.0,0.0,0.0,730.0,548446.0,728150.0,138196.0,5056.0,0.0,546046.0,0.0,0.0,0.0,0.0,0.0,1231510.0,1032018.0,407212.0,149754.0,0.0,0.0,0.0,0.0,174.0,22.0,0.0,0.0,0.0,0.0,0.0,0.0,1402520.0,0.0,18058.0,0.0,19864.0,544.0,648.0,2046.0,499254.0,892354.0,5858.0,10.0,0.0,0.0,925348.0,280676.0,96792.0,53850.0,39040.0,23922.0,950.0,0.0,0.0,0.0,1639164.0,0.0,64.0,118.0,2.0,546046.0,23804.0,229208.0,177490.0,300940.0,,,,,,,,102060.0,9719.92,1639164.0,1639164.0,1648768.0,3211.0,0.0,39432.0,424680.0,1420578.0,1209600.0,20738.0,0.0,124.0,0.0,984248.64,0.0,416415.36,0.0,0.0,0.0,0.0,0.0,121552.0,580234.0,567240.0,137636.0,11318.0,2468.0,130.0,34.0,4.0,1639164.0,,21122.0,360.0,1788.0,348072.0,119664.0,685866.0,234576.0,9130.0,0.0,0.0,520.0,338.0,975044.0,6572.0,26.0,386.0,0.0,0.0,1014392.0,328.0,12.0,0.0,0.0,0.0,0.0,0.0,0.0,0.0,0.0,10924.0,1060.0,246.0,0.0,0.0,23918.0,4198.0,40.0,4.0,0.0,0.0,0.0,0.0,0.0,999.62,990.0,477514.0,558054.0,199020.0,54376.0,63856.0,36396.0,18656.0,7988.0,4718.0,0.0,0.0,0.0
pos,94322,,728.0,496.0,0.0,0.0,0.0,0.0,1060.0,76534.0,265378.0,4133494.0,3107102.0,220734.0,8338.0,846.0,3508428.0,7896.0,204.0,0.0,5798.0,8870.0,7055170.0,6402318.0,1480766.0,505206.0,0.0,0.0,0.0,0.0,7340.0,788.0,462934.0,31962.0,44966.0,84700.0,43062.0,150858.0,258564.0,2171110.0,4565330.0,0.0,5126.0,3196.0,6142.0,7716.0,190764.0,7600376.0,158.0,8.0,0.0,0.0,2504294.0,2247414.0,1116390.0,829716.0,552582.0,316684.0,180350.0,66044.0,12.0,0.0,8542826.0,928.0,374.0,2614.0,122.0,3508428.0,81720.0,786722.0,689450.0,177520.0,217000.0,198340.0,138040.0,148040.0,130980.0,443360.0,,15880.0,94321.75,8542826.0,8542826.0,8177450.0,36929.0,59474.0,64186.0,60260.0,7813486.0,1209600.0,277984.0,260.0,638.0,0.0,6105337.92,0.0,1111006.08,38.0,1538.0,0.0,9072.0,74726.0,1477986.0,5024860.0,1132470.0,79438.0,12856.0,2072.0,6.0,18.0,68.0,8542826.0,,8068.0,1070.0,58832.0,658370.0,419126.0,4483502.0,2153990.0,30388.0,140.0,0.0,916.0,1882.0,1227078.0,292674.0,46.0,126716.0,0.0,0.0,6791538.0,5140.0,302.0,0.0,0.0,0.0,0.0,0.0,0.0,0.0,0.0,41726.0,23230.0,3862.0,0.0,0.0,204748.0,41302.0,24119380.0,3272030.0,3750196.0,46852.0,0.0,0.0,27989310.0,2318.12,2552.0,1181034.0,2393142.0,1287354.0,610274.0,1045054.0,688370.0,387756.0,126258.0,91474.0,2770.0,0.0,0.0
pos,1592234,,,,,,0.0,0.0,0.0,34878.0,1282596.0,23627388.0,61578064.0,16503232.0,247358.0,1256.0,37103888.0,7842.0,0.0,,29488.0,54316.0,84129764.0,73838172.0,20561316.0,9876334.0,,0.0,346.0,0.0,,,0.0,0.0,0.0,0.0,0.0,4354818.0,45759356.0,42387542.0,10773056.0,0.0,90222.0,86038.0,128868.0,480382.0,60024292.0,42024010.0,440598.0,302.0,56.0,4.0,33621532.0,18286654.0,9770314.0,8829570.0,8724670.0,9136050.0,10557432.0,4205170.0,142184.0,1196.0,104739282.0,,,,,37103888.0,1069700.0,9047390.0,11455298.0,387940.0,366040.0,417780.0,379380.0,391580.0,354980.0,299940.0,323440.0,144840.0,1592233.38,104739282.0,104739282.0,104788056.0,745620.0,,,457680.0,103274772.0,1209600.0,,,,,34012376.64,0.0,5184840.0,0.0,0.0,0.0,776.0,179736.0,6880418.0,37506360.0,47048584.0,10661548.0,824730.0,159000.0,13620.0,,,104739282.0,,96814.0,21682.0,4526530.0,5173306.0,22551010.0,65687914.0,5157002.0,60510.0,4.0,0.0,,,,,,,,,,,,,,,,,,,,579564.0,,,,,,,,,,,,,,35736.0,48318.0,11209698.0,21363318.0,15732376.0,7367142.0,14161014.0,10869268.0,8299898.0,5134012.0,8301692.0,836354.0,,
neg,29132,,0.0,,0.0,0.0,0.0,0.0,0.0,0.0,1840.0,96858.0,1563564.0,359084.0,12494.0,0.0,1148480.0,0.0,0.0,,0.0,0.0,1864850.0,1678626.0,256696.0,138664.0,0.0,0.0,452.0,0.0,0.0,0.0,0.0,0.0,0.0,0.0,0.0,24594.0,839572.0,974894.0,194780.0,0.0,3608.0,3262.0,5826.0,7692.0,635316.0,1372186.0,5948.0,2.0,0.0,0.0,837426.0,243846.0,176130.0,173234.0,168268.0,165492.0,201354.0,67622.0,466.0,2.0,2122120.0,68.0,484.0,104.0,204.0,1148480.0,20868.0,108554.0,146704.0,164880.0,0.0,0.0,0.0,0.0,0.0,0.0,0.0,85940.0,29131.71,2122120.0,2122120.0,,14266.0,44064.0,,906340.0,,1209600.0,0.0,,,,1802653.44,17296.32,208951.68,,,0.0,0.0,0.0,10690.0,880476.0,985982.0,127162.0,22868.0,6528.0,134.0,,0.0,2122120.0,,2278.0,508.0,129056.0,106350.0,430650.0,1281730.0,80778.0,2490.0,0.0,0.0,,,,,,,,,,1982.0,138.0,,,,,,,,,12932.0,24062.0,4088.0,0.0,0.0,53226.0,8336.0,4110340.0,593776.0,0.0,0.0,0.0,0.0,,,,241324.0,484776.0,303724.0,150808.0,302538.0,272258.0,119988.0,60780.0,95512.0,2132.0,0.0,0.0
neg,10534,0.0,386.0,,0.0,0.0,0.0,0.0,0.0,0.0,63012.0,802222.0,749294.0,31736.0,0.0,0.0,714522.0,0.0,0.0,0.0,2226.0,3632.0,1545014.0,1371642.0,326920.0,123990.0,0.0,0.0,0.0,0.0,0.0,0.0,0.0,0.0,0.0,0.0,0.0,0.0,0.0,6022.0,1640242.0,0.0,7556.0,1802.0,2788.0,5580.0,15300.0,1488844.0,124394.0,0.0,0.0,0.0,1036424.0,214010.0,115044.0,86078.0,49622.0,30792.0,28022.0,64022.0,20984.0,1266.0,1875258.0,306.0,18.0,34.0,0.0,714522.0,26180.0,129846.0,194972.0,225640.0,,,,,,,,92320.0,10534.21,1875258.0,1875258.0,1841568.0,4862.0,29462.0,62110.0,656240.0,1648564.0,1209600.0,0.0,,,,754225.92,443996.16,445272.96,88.0,450.0,0.0,0.0,12068.0,186908.0,656384.0,544098.0,190092.0,47800.0,8556.0,358.0,,116.0,1875258.0,0.0,7636.0,998.0,234016.0,515408.0,107396.0,231002.0,499248.0,49732.0,828.0,0.0,,,,,,,,,,5234.0,302.0,0.0,0.0,49230.0,467020.0,0.0,0.0,0.0,0.0,14632.0,5496.0,606.0,0.0,0.0,45510.0,8094.0,1426160.0,183148.0,0.0,0.0,0.0,0.0,0.0,2119.54,2106.0,913564.0,269914.0,146978.0,44038.0,72004.0,44258.0,34090.0,121348.0,70.0,0.0,0.0,0.0
neg,44608,,346.0,308.0,0.0,0.0,0.0,0.0,0.0,0.0,355164.0,1155058.0,1157512.0,289500.0,26872.0,2610.0,1319818.0,0.0,0.0,0.0,6386.0,10308.0,2620856.0,2214698.0,574100.0,353088.0,0.0,0.0,0.0,0.0,732.0,202.0,0.0,0.0,0.0,0.0,0.0,88168.0,1206200.0,1239364.0,452984.0,0.0,1926.0,646.0,1114.0,133236.0,1769308.0,1052360.0,28118.0,6.0,2.0,0.0,739686.0,756624.0,285686.0,233146.0,194114.0,168458.0,241160.0,351756.0,16086.0,0.0,3202022.0,56.0,998.0,298.0,16.0,1319818.0,42172.0,372534.0,199016.0,200100.0,210780.0,,,,,,,156380.0,44607.32,3202022.0,3202022.0,3189282.0,22661.0,30060.0,74142.0,775480.0,2986716.0,1209600.0,95480.0,0.0,102.0,0.0,2734270.08,0.0,250236.48,0.0,0.0,0.0,0.0,26268.0,559392.0,1011558.0,1068226.0,299440.0,18990.0,2740.0,102.0,78.0,82.0,3202022.0,,4430.0,576.0,82116.0,113744.0,95530.0,1913904.0,729584.0,45990.0,842.0,0.0,558.0,530.0,2088902.0,115700.0,0.0,42214.0,0.0,22.0,2765526.0,1736.0,258.0,0.0,0.0,0.0,0.0,0.0,0.0,0.0,0.0,24504.0,40912.0,8182.0,0.0,0.0,104120.0,14856.0,1390820.0,320590.0,0.0,0.0,0.0,0.0,6096310.0,1216.6,1358.0,271322.0,580766.0,528146.0,282486.0,629980.0,514622.0,149190.0,22160.0,6940.0,1104.0,0.0,0.0
neg,38,,8.0,8.0,0.0,0.0,0.0,0.0,0.0,0.0,44.0,8882.0,4122.0,0.0,0.0,0.0,4710.0,0.0,194.0,0.0,0.0,0.0,22766.0,19872.0,20316.0,258.0,0.0,0.0,0.0,0.0,4.0,10.0,0.0,0.0,0.0,0.0,0.0,0.0,0.0,10438.0,2610.0,0.0,888.0,76.0,96.0,90.0,1558.0,10340.0,0.0,0.0,0.0,0.0,11632.0,764.0,58.0,190.0,20.0,22.0,70.0,248.0,28.0,16.0,43102.0,0.0,2.0,2.0,0.0,4710.0,188.0,17858.0,2378.0,,,,,,,,,20120.0,37.69,43102.0,43102.0,43354.0,20.0,0.0,4170.0,42900.0,13048.0,1209600.0,360.0,0.0,0.0,0.0,3660.48,0.0,8546.88,,,0.0,0.0,0.0,3072.0,8332.0,1308.0,336.0,0.0,0.0,0.0,4.0,8.0,43102.0,,860.0,18.0,48.0,3190.0,852.0,5014.0,2852.0,212.0,2.0,0.0,10.0,42.0,1816.0,132.0,0.0,0.0,0.0,0.0,3944.0,66.0,130.0,0.0,0.0,0.0,0.0,0.0,0.0,0.0,0.0,192.0,60.0,8.0,288.0,102.0,52.0,12.0,9360.0,2508.0,0.0,18.0,0.0,0.0,0.0,,,9594.0,2008.0,430.0,90.0,134.0,158.0,180.0,302.0,2.0,150.0,0.0,0.0
neg,10,0.0,26.0,18.0,12.0,12.0,0.0,0.0,0.0,0.0,2556.0,2026.0,1664.0,0.0,0.0,0.0,2576.0,0.0,0.0,0.0,300.0,762.0,11474.0,10016.0,5652.0,882.0,0.0,0.0,0.0,0.0,20.0,36.0,0.0,0.0,0.0,0.0,0.0,0.0,0.0,1426.0,4820.0,0.0,36.0,4.0,12.0,646.0,346.0,566.0,4636.0,0.0,0.0,0.0,4922.0,396.0,110.0,56.0,32.0,14.0,16.0,382.0,86.0,232.0,17430.0,4.0,4.0,0.0,0.0,2576.0,88.0,3834.0,1784.0,,,,,,,,,5540.0,10.74,17430.0,17430.0,22604.0,23.0,0.0,1684.0,17360.0,6272.0,1209600.0,280.0,2.0,2.0,0.0,1929.6,0.0,3342.72,0.0,16.0,0.0,0.0,1062.0,2280.0,2016.0,222.0,666.0,0.0,0.0,0.0,0.0,0.0,17430.0,0.0,1012.0,8.0,6.0,12.0,340.0,1014.0,3612.0,242.0,0.0,0.0,34.0,80.0,2094.0,32.0,0.0,0.0,0.0,0.0,2142.0,46.0,50.0,0.0,0.0,0.0,0.0,0.0,0.0,0.0,0.0,88.0,0.0,0.0,1124.0,322.0,74.0,22.0,6300.0,614.0,14746.0,22.0,0.0,0.0,0.0,55.38,28.0,4548.0,1414.0,212.0,34.0,28.0,10.0,0.0,0.0,0.0,0.0,0.0,0.0
neg,41554,,156.0,98.0,0.0,0.0,0.0,0.0,0.0,0.0,22162.0,832140.0,1569730.0,299446.0,16012.0,646.0,1209392.0,0.0,0.0,0.0,0.0,0.0,2460180.0,2142576.0,432084.0,254608.0,0.0,0.0,0.0,0.0,236.0,136.0,0.0,0.0,0.0,0.0,0.0,19522.0,1378584.0,1059340.0,282690.0,0.0,2066.0,1168.0,1602.0,43062.0,1436054.0,1255072.0,1112.0,0.0,0.0,0.0,1116282.0,655550.0,242328.0,160364.0,112496.0,82906.0,79470.0,269124.0,21616.0,0.0,2892898.0,28.0,42.0,514.0,4.0,1209392.0,34014.0,206224.0,223874.0,163000.0,198280.0,,,,,,,64560.0,41553.36,2892898.0,2892898.0,2888996.0,15695.0,10512.0,43142.0,466480.0,2740136.0,1209600.0,70772.0,0.0,180.0,0.0,2365414.08,25393.92,347232.0,0.0,0.0,0.0,0.0,720.0,225728.0,1154452.0,1167186.0,175658.0,13160.0,3080.0,152.0,6.0,14.0,2892898.0,,4194.0,572.0,39088.0,257578.0,112042.0,1732078.0,578768.0,15712.0,104.0,0.0,294.0,438.0,1105240.0,46464.0,52.0,78662.0,0.0,0.0,2385352.0,2740.0,150.0,0.0,0.0,130.0,25472.0,0.0,0.0,0.0,0.0,18092.0,27958.0,5502.0,0.0,0.0,89364.0,13670.0,4184920.0,498478.0,0.0,0.0,0.0,0.0,1868070.0,1095.96,1300.0,395588.0,465616.0,277750.0,151686.0,507922.0,473166.0,239802.0,123112.0,105486.0,8.0,0.0,0.0
neg,109114,,1978.0,1668.0,0.0,0.0,0.0,0.0,0.0,0.0,7384.0,317352.0,4219178.0,1628946.0,41990.0,74.0,2881984.0,0.0,0.0,0.0,0.0,0.0,5689628.0,5145616.0,649384.0,480304.0,0.0,0.0,0.0,0.0,846.0,966.0,0.0,0.0,0.0,0.0,0.0,15022.0,661466.0,3925226.0,1613210.0,0.0,2450.0,752.0,1526.0,439894.0,5192740.0,577536.0,26.0,0.0,0.0,0.0,1475734.0,1941854.0,1072430.0,599872.0,399332.0,445906.0,279796.0,0.0,0.0,0.0,6339576.0,0.0,10.0,1092.0,24.0,2881984.0,71024.0,324180.0,322742.0,116640.0,106880.0,116740.0,119960.0,152380.0,,,,28940.0,109113.61,6339576.0,6339576.0,6351248.0,38466.0,366.0,24078.0,282420.0,6214924.0,1209600.0,161974.0,2.0,74.0,0.0,5656670.4,0.0,555153.6,0.0,0.0,0.0,0.0,0.0,23886.0,1312382.0,3395748.0,1428486.0,43520.0,9588.0,1314.0,2162.0,2172.0,6339576.0,,6646.0,778.0,201876.0,253844.0,297372.0,4564664.0,868682.0,20920.0,142.0,0.0,1528.0,2684.0,5702960.0,1658396.0,0.0,96.0,0.0,52.0,5706146.0,2772.0,198.0,0.0,0.0,0.0,0.0,0.0,0.0,0.0,0.0,34082.0,49522.0,17762.0,0.0,0.0,186812.0,32604.0,9112880.0,913258.0,0.0,0.0,0.0,0.0,761810.0,1340.46,1720.0,588762.0,769264.0,603634.0,311234.0,717270.0,828364.0,2115204.0,215918.0,64838.0,436.0,0.0,0.0
neg,617820,,,,0.0,0.0,0.0,2684.0,61020.0,3136280.0,13630934.0,13756586.0,5806190.0,1490680.0,158334.0,578.0,13856896.0,7542.0,0.0,,1689644.0,3075450.0,27568758.0,23653466.0,18509512.0,4806482.0,,0.0,0.0,0.0,7500.0,3888.0,0.0,0.0,0.0,0.0,0.0,526952.0,7984064.0,27157386.0,2374884.0,0.0,320000.0,14168.0,17284.0,45620.0,21214446.0,16431722.0,46.0,0.0,0.0,0.0,7331636.0,9203022.0,6965288.0,4024708.0,2721504.0,1756788.0,1240688.0,1297866.0,1352684.0,2149102.0,47766960.0,,,6820.0,0.0,13856896.0,587312.0,12438410.0,6053102.0,399720.0,405520.0,463920.0,509700.0,566340.0,321640.0,468420.0,487140.0,166080.0,617819.38,47766960.0,47766960.0,47405034.0,206782.0,,,566260.0,38043372.0,1209600.0,0.0,,,,31514404.8,0.0,6500441.28,,,4868.0,547846.0,5372294.0,10972824.0,11273006.0,7499464.0,2126006.0,218132.0,26910.0,1936.0,,,47766960.0,,27988.0,5366.0,4288868.0,2729072.0,4975706.0,24648986.0,1345526.0,21742.0,32.0,0.0,,,,,,,,,,34204.0,,,,,,,,,,361238.0,,,,,,,,,,,,,,,,6677666.0,4082872.0,4880884.0,1867652.0,2825908.0,2269214.0,2314062.0,12392232.0,732796.0,0.0,,
neg,164,0.0,2.0,2.0,0.0,0.0,0.0,0.0,0.0,0.0,15050.0,3984.0,1762.0,0.0,0.0,0.0,7426.0,0.0,0.0,0.0,632.0,1144.0,30346.0,28416.0,9162.0,936.0,0.0,0.0,0.0,0.0,24.0,44.0,0.0,0.0,0.0,0.0,0.0,0.0,0.0,0.0,20796.0,0.0,1442.0,8.0,10.0,8.0,6.0,14486.0,4836.0,0.0,0.0,0.0,11402.0,6234.0,1684.0,460.0,310.0,624.0,70.0,12.0,0.0,0.0,40164.0,0.0,0.0,52.0,0.0,7426.0,322.0,6898.0,2242.0,,,,,,,,,8940.0,163.42,40164.0,40164.0,41766.0,53.0,382.0,3932.0,39940.0,20852.0,1209600.0,780.0,0.0,8.0,0.0,11856.0,0.0,7751.04,0.0,24.0,0.0,0.0,3902.0,7702.0,4234.0,4910.0,44.0,4.0,0.0,0.0,12.0,214.0,40164.0,0.0,1314.0,16.0,32.0,1866.0,3360.0,3932.0,9576.0,700.0,0.0,0.0,2.0,56.0,11668.0,4580.0,0.0,0.0,0.0,0.0,12752.0,46.0,154.0,0.0,0.0,0.0,0.0,0.0,0.0,0.0,0.0,210.0,0.0,0.0,0.0,0.0,460.0,92.0,100.0,490.0,0.0,0.0,0.0,0.0,0.0,271.64,60.0,9392.0,4756.0,1410.0,120.0,318.0,598.0,3646.0,556.0,0.0,0.0,0.0,0.0
neg,40888,,120.0,110.0,0.0,0.0,0.0,0.0,0.0,0.0,2284.0,283708.0,1870988.0,638730.0,27212.0,1044.0,1165610.0,0.0,0.0,0.0,0.0,0.0,2512136.0,2172348.0,485902.0,271778.0,0.0,0.0,0.0,0.0,248.0,70.0,0.0,0.0,0.0,0.0,0.0,326610.0,1615902.0,784042.0,97412.0,0.0,2562.0,1770.0,1696.0,121648.0,1986252.0,709988.0,50.0,0.0,0.0,0.0,1143018.0,591866.0,242274.0,176152.0,134944.0,118662.0,221786.0,195264.0,0.0,0.0,2998720.0,48.0,66.0,546.0,12.0,1165610.0,27442.0,243412.0,239486.0,185440.0,207600.0,,,,,,,85940.0,40888.8,2998720.0,2998720.0,2952788.0,17425.0,3396.0,52328.0,572300.0,2823966.0,1209600.0,90872.0,2.0,40.0,0.0,2516322.24,0.0,305129.28,0.0,0.0,0.0,0.0,0.0,26974.0,647720.0,1368650.0,720814.0,52432.0,6914.0,462.0,82.0,104.0,2998720.0,,5106.0,618.0,32436.0,167662.0,146752.0,2046274.0,416390.0,8604.0,124.0,0.0,192.0,238.0,2429230.0,84856.0,0.0,372.0,0.0,36.0,2543328.0,1920.0,362.0,0.0,0.0,0.0,0.0,0.0,0.0,0.0,0.0,17308.0,46596.0,7126.0,0.0,0.0,85954.0,10714.0,164120.0,17894.0,0.0,0.0,0.0,0.0,1727240.0,1229.64,1484.0,324722.0,592044.0,484096.0,278656.0,499928.0,330418.0,138228.0,67162.0,102158.0,6554.0,0.0,0.0
pos,301486,,0.0,,0.0,0.0,0.0,0.0,0.0,0.0,106758.0,4243934.0,34765612.0,13670930.0,618642.0,2396.0,22489798.0,1693102.0,1486.0,6586.0,0.0,0.0,31585574.0,16437592.0,25084546.0,12983246.0,0.0,0.0,1384.0,0.0,0.0,0.0,0.0,0.0,0.0,0.0,0.0,13742.0,1359234.0,1757192.0,50278104.0,0.0,228522.0,156700.0,298408.0,570454.0,9893208.0,42230172.0,30534.0,238.0,22.0,14.0,33792874.0,9454728.0,3354138.0,1903034.0,1450276.0,1760664.0,1562916.0,129642.0,0.0,0.0,56691482.0,0.0,952.0,2450.0,15336.0,22489798.0,1306358.0,4953572.0,20051318.0,585840.0,648380.0,702260.0,707060.0,641860.0,684260.0,679120.0,742680.0,446280.0,301486.4,56691482.0,56691482.0,54853004.0,157197.0,3855056.0,28296.0,840740.0,53408272.0,1209600.0,0.0,,,,33468450.24,0.0,19836734.4,0.0,0.0,0.0,0.0,1078.0,350452.0,10688668.0,30923508.0,10161882.0,1041530.0,234422.0,6732.0,,0.0,56691482.0,,92894.0,23658.0,17071018.0,6669706.0,10149634.0,18100708.0,1286860.0,13786.0,8.0,0.0,,,,,,,,,,94080.0,6088.0,0.0,0.0,0.0,2.0,0.0,0.0,0.0,0.0,1025118.0,127372.0,24084.0,0.0,0.0,2072628.0,353208.0,91750840.0,14983260.0,0.0,0.0,0.0,0.0,126998490.0,38456.92,45696.0,20817634.0,22173866.0,4906354.0,1581970.0,2270448.0,873306.0,390150.0,196030.0,195650.0,2864.0,0.0,0.0
neg,774,,36.0,18.0,0.0,0.0,0.0,0.0,0.0,0.0,70.0,37452.0,17698.0,0.0,0.0,0.0,23836.0,0.0,0.0,0.0,0.0,0.0,49084.0,43944.0,15394.0,2940.0,0.0,0.0,0.0,0.0,18.0,10.0,0.0,0.0,0.0,0.0,0.0,0.0,39094.0,14916.0,1210.0,0.0,1314.0,14.0,30.0,28.0,198.0,53632.0,4.0,0.0,0.0,0.0,30150.0,19126.0,4370.0,1016.0,310.0,138.0,100.0,10.0,0.0,0.0,64502.0,0.0,218.0,28.0,0.0,23836.0,550.0,9494.0,5850.0,,,,,,,,,15180.0,774.55,64502.0,64502.0,65392.0,149.0,0.0,6290.0,64300.0,55220.0,1209600.0,1302.0,0.0,2.0,0.0,41550.72,0.0,12391.68,0.0,16.0,0.0,0.0,0.0,16064.0,36644.0,2156.0,318.0,38.0,0.0,0.0,0.0,4.0,64502.0,,1374.0,14.0,306.0,1904.0,2030.0,9646.0,39130.0,804.0,12.0,0.0,76.0,60.0,41486.0,26916.0,0.0,12.0,0.0,0.0,42386.0,64.0,30.0,0.0,0.0,0.0,0.0,0.0,0.0,0.0,0.0,318.0,106.0,52.0,0.0,0.0,842.0,194.0,380.0,40.0,0.0,0.0,0.0,0.0,0.0,88.5,50.0,14428.0,6720.0,1606.0,520.0,1842.0,30050.0,54.0,0.0,0.0,0.0,0.0,0.0
neg,43624,,382.0,330.0,0.0,0.0,0.0,0.0,0.0,0.0,10242.0,687328.0,1919910.0,221204.0,13054.0,218.0,1396386.0,0.0,0.0,0.0,0.0,0.0,2655650.0,2436460.0,388648.0,168320.0,0.0,0.0,0.0,0.0,436.0,118.0,0.0,0.0,0.0,0.0,0.0,14152.0,1019916.0,353642.0,1464246.0,0.0,3568.0,2732.0,3096.0,152906.0,2064370.0,625278.0,6.0,0.0,0.0,0.0,881968.0,799904.0,320378.0,226018.0,173408.0,142150.0,149658.0,157676.0,796.0,0.0,3044750.0,356.0,1186.0,170.0,0.0,1396386.0,33426.0,249704.0,137208.0,129420.0,172360.0,,,,,,,81300.0,43623.43,3044750.0,3044750.0,3053052.0,17497.0,1748.0,59620.0,619600.0,2851956.0,1209600.0,72914.0,0.0,114.0,0.0,2590375.68,0.0,259869.12,0.0,0.0,0.0,0.0,2862.0,125520.0,1326652.0,1279146.0,108134.0,8232.0,1398.0,12.0,28.0,50.0,3044750.0,,3492.0,424.0,10852.0,132062.0,75022.0,1828496.0,772772.0,28524.0,312.0,0.0,588.0,440.0,2519012.0,232590.0,86.0,168.0,0.0,0.0,2617500.0,1544.0,224.0,0.0,0.0,0.0,0.0,0.0,0.0,0.0,0.0,16020.0,34294.0,8378.0,0.0,0.0,83354.0,13106.0,299000.0,39346.0,1752648.0,3034.0,0.0,0.0,4888440.0,907.54,1000.0,283734.0,484388.0,378072.0,241966.0,753336.0,609968.0,92004.0,7766.0,722.0,0.0,0.0,0.0
neg,33434,,0.0,,0.0,0.0,0.0,0.0,0.0,0.0,6528.0,749118.0,1471294.0,233996.0,660.0,0.0,1204862.0,0.0,0.0,0.0,0.0,0.0,2134344.0,1825972.0,697914.0,270022.0,0.0,0.0,0.0,0.0,0.0,0.0,0.0,0.0,0.0,0.0,0.0,152.0,1108636.0,874270.0,478538.0,0.0,2902.0,1546.0,4182.0,5466.0,569940.0,1877300.0,254.0,6.0,0.0,0.0,1271406.0,304840.0,154634.0,112746.0,88246.0,86504.0,149866.0,245672.0,47028.0,654.0,2832518.0,276.0,268.0,2506.0,62.0,1204862.0,43994.0,354026.0,342650.0,262340.0,365260.0,1310700.0,1310700.0,1310700.0,1310700.0,1310700.0,1310700.0,67240.0,33434.44,2832518.0,2832518.0,2816772.0,14120.0,82152.0,38998.0,409720.0,2461596.0,1209600.0,0.0,,,,1861111.68,0.0,597468.48,,,0.0,0.0,0.0,234576.0,1253408.0,890094.0,74574.0,7550.0,1388.0,6.0,,0.0,2832518.0,,2700.0,294.0,96694.0,140368.0,206390.0,1817524.0,193870.0,3734.0,22.0,0.0,,,,,,,,,,1042.0,58.0,0.0,0.0,0.0,0.0,0.0,0.0,0.0,0.0,24436.0,35208.0,6436.0,0.0,0.0,67040.0,15184.0,2353380.0,384080.0,0.0,0.0,0.0,0.0,32434450.0,,,613446.0,409554.0,240966.0,107212.0,219396.0,225650.0,307800.0,153488.0,174618.0,9466.0,0.0,0.0
pos,1075762,,,,,,6554.0,9978.0,16198.0,108230.0,5934954.0,29328020.0,28342042.0,5594538.0,52210.0,0.0,24526136.0,3642.0,0.0,,147580.0,232758.0,57759620.0,52125806.0,12258228.0,5413110.0,,0.0,0.0,0.0,,,0.0,0.0,0.0,0.0,394.0,976956.0,14808966.0,37347830.0,16258574.0,0.0,39700.0,22346.0,29012.0,58732.0,11118120.0,57923460.0,201208.0,58.0,22.0,62.0,20124230.0,16735068.0,8232538.0,6779546.0,5644704.0,5205418.0,4541004.0,1988792.0,134140.0,7280.0,70182178.0,,,,,24526136.0,630084.0,5187926.0,7027464.0,271560.0,232620.0,180000.0,156460.0,159700.0,180280.0,221200.0,171960.0,211140.0,1075762.35,70182178.0,70182178.0,70225366.0,435766.0,,,1033420.0,69392740.0,,,,,,63122695.68,0.0,6220608.0,0.0,0.0,0.0,2036.0,1776302.0,21829716.0,29217220.0,14769844.0,1556150.0,204492.0,36662.0,298.0,,,70182178.0,,74630.0,16772.0,2587766.0,3226166.0,18380250.0,43037410.0,2047438.0,22288.0,0.0,0.0,,,,,,,,,,,,,,,,,,,,352948.0,,,,,,,,,,,,,,26229.46,41360.0,6593310.0,13548090.0,8525504.0,4988240.0,14003954.0,11854450.0,5670372.0,2248744.0,1949620.0,10436.0,,
pos,480340,,0.0,,0.0,0.0,0.0,0.0,0.0,0.0,281180.0,7012294.0,20267512.0,3848570.0,32114.0,0.0,16458606.0,17578.0,58.0,0.0,442.0,624.0,26587666.0,22367428.0,6216010.0,3792366.0,0.0,0.0,0.0,0.0,0.0,0.0,0.0,0.0,0.0,0.0,0.0,244334.0,20191228.0,5593238.0,5412870.0,0.0,44208.0,46006.0,88548.0,133850.0,12209710.0,18919238.0,94.0,12.0,4.0,0.0,12044676.0,3681246.0,1945292.0,1578120.0,1367756.0,1576694.0,3265172.0,5627066.0,353228.0,2420.0,32807808.0,1204.0,1070.0,3850.0,4680.0,16458606.0,475376.0,2918514.0,3279312.0,342040.0,350040.0,293580.0,220260.0,221440.0,221380.0,223060.0,174020.0,39360.0,480339.36,32807808.0,32807808.0,32493350.0,261114.0,3648808.0,100714.0,99680.0,31441670.0,1209600.0,0.0,,,,26853373.44,0.0,4561220.16,,,0.0,0.0,20926.0,1841666.0,12363934.0,15346950.0,1704572.0,130362.0,32530.0,730.0,,0.0,32807808.0,,21020.0,4568.0,1270448.0,2629502.0,2856398.0,22862750.0,1726730.0,70138.0,116.0,0.0,,,,,,,,,,21684.0,810.0,0.0,0.0,0.0,4.0,0.0,0.0,0.0,0.0,302332.0,542674.0,106620.0,0.0,0.0,911536.0,153036.0,18336740.0,7250124.0,0.0,0.0,0.0,0.0,299251610.0,,,4684638.0,5436356.0,3843474.0,1941078.0,4397706.0,3970712.0,2994482.0,1706140.0,2428416.0,38668.0,0.0,0.0
neg,148174,,0.0,,0.0,0.0,0.0,0.0,0.0,0.0,56532.0,2401320.0,6580160.0,1165060.0,5646.0,0.0,5107716.0,0.0,62.0,0.0,1374.0,2502.0,8838140.0,7600534.0,1714262.0,1042072.0,0.0,0.0,0.0,0.0,0.0,0.0,0.0,0.0,0.0,0.0,0.0,266930.0,3641168.0,5593772.0,706848.0,0.0,10972.0,6406.0,9240.0,19842.0,3743462.0,6417576.0,1206.0,10.0,4.0,0.0,3969334.0,1514196.0,748988.0,615978.0,582214.0,676786.0,1009504.0,945220.0,145872.0,626.0,10555776.0,586.0,1200.0,1014.0,1426.0,5107716.0,133852.0,734272.0,970562.0,174160.0,184500.0,257820.0,194400.0,191000.0,174680.0,184860.0,198240.0,131380.0,148174.36,10555776.0,10555776.0,10395688.0,72735.0,1472524.0,70626.0,854800.0,10208718.0,1209600.0,0.0,,,,8998553.28,0.0,1196862.72,,,0.0,0.0,9226.0,991830.0,4862574.0,4022532.0,274896.0,40290.0,7260.0,110.0,,0.0,10555776.0,,10710.0,1480.0,482448.0,541030.0,954470.0,7373496.0,831644.0,13440.0,0.0,0.0,,,,,,,,,,6696.0,280.0,0.0,0.0,0.0,0.0,0.0,0.0,0.0,0.0,82308.0,124824.0,23622.0,0.0,0.0,299330.0,39682.0,13539160.0,3529936.0,0.0,0.0,0.0,0.0,7377270.0,,,1247562.0,2117412.0,1707948.0,821150.0,1674174.0,1416376.0,624058.0,276316.0,316278.0,7444.0,0.0,0.0
pos,1206594,,,,,,0.0,40456.0,1434120.0,11771014.0,27381866.0,27559114.0,8491028.0,1267364.0,181506.0,6384.0,31304196.0,247456.0,0.0,,3910928.0,7320264.0,51007804.0,42264680.0,24309334.0,11873172.0,,0.0,1716.0,0.0,,,0.0,0.0,0.0,0.0,0.0,0.0,1822.0,47025954.0,31105076.0,0.0,125634.0,70734.0,140148.0,243560.0,33551804.0,44000958.0,14.0,0.0,0.0,0.0,17946798.0,17078678.0,9691614.0,9337854.0,6737144.0,4425488.0,3370594.0,4411462.0,3386756.0,1746464.0,79230650.0,,,,,31304196.0,1346478.0,7298814.0,16988366.0,536440.0,435420.0,366900.0,451260.0,611380.0,598460.0,542920.0,398380.0,204480.0,1206593.71,79230650.0,79230650.0,79877082.0,695497.0,,,537440.0,78132852.0,1209600.0,,,,,61511059.2,2.88,16629302.4,,,373104.0,1592670.0,9163126.0,27054100.0,24672134.0,12188072.0,2927240.0,146614.0,15346.0,446.0,,,79230650.0,,34228.0,8870.0,11880894.0,6676974.0,25295008.0,34197020.0,39858.0,0.0,0.0,0.0,,,,,,,,,,,,,,,,,,,,855208.0,,,,,,,,,,,,,,,,16939454.0,7546942.0,6680234.0,3335844.0,8326242.0,9441772.0,9574658.0,15840500.0,447112.0,94.0,,
pos,981154,0.0,3214.0,2330.0,0.0,0.0,6604.0,484922.0,2677844.0,6523270.0,7690028.0,4246908.0,1239828.0,625188.0,289690.0,47394.0,39167008.0,1182.0,326.0,598.0,8088470.0,11532572.0,62621568.0,57627032.0,21808562.0,11566564.0,10.0,0.0,34642.0,0.0,23516.0,5224.0,0.0,0.0,0.0,0.0,0.0,0.0,11564.0,8275242.0,15544870.0,0.0,10716.0,6204.0,10400.0,25182.0,82996.0,11513278.0,2647936.0,9534824.0,140.0,0.0,8102202.0,5880186.0,2181440.0,1708418.0,1236810.0,908238.0,721636.0,649632.0,406084.0,2037030.0,92521998.0,7910.0,10624.0,3774.0,18.0,39167008.0,1030908.0,3925280.0,17869426.0,224420.0,204360.0,201020.0,249260.0,256560.0,308600.0,317000.0,263760.0,123360.0,981154.34,92521998.0,92521998.0,92089764.0,136332.0,112856.0,5206.0,540040.0,91265476.0,1209600.0,610962.0,0.0,172.0,0.0,60255191.04,18989889.6,11974969.92,1208.0,1772.0,1336346.0,2307644.0,2959008.0,3213174.0,4393632.0,3496198.0,1867550.0,1641054.0,1636878.0,980192.0,50.0,58.0,92521998.0,0.0,9164.0,1898.0,3593274.0,799924.0,5559950.0,11926596.0,1923396.0,17428.0,46.0,0.0,3204.0,9510.0,14830078.0,2956610.0,0.0,164800.0,0.0,0.0,15743668.0,24942.0,5334.0,0.0,0.0,780.0,5036074.0,0.0,0.0,0.0,0.0,738230.0,91932.0,15202.0,0.0,0.0,679448.0,121746.0,3513860.0,691104.0,0.0,0.0,0.0,0.0,251434340.0,3650.92,3690.0,8306296.0,3848594.0,2930346.0,1294724.0,2487898.0,3683978.0,1086604.0,191096.0,2140.0,0.0,0.0,0.0
neg,93352,0.0,2130706432.0,1806.0,0.0,0.0,0.0,0.0,0.0,0.0,71102.0,2234094.0,1687860.0,564336.0,108614.0,11746.0,3338784.0,0.0,82.0,0.0,10556.0,17156.0,6431464.0,5045574.0,2679444.0,1236184.0,0.0,0.0,0.0,0.0,1708.0,1886.0,0.0,0.0,0.0,0.0,0.0,0.0,998.0,1654586.0,3022168.0,0.0,2930.0,2076.0,3508.0,5740.0,83630.0,4546404.0,33464.0,0.0,0.0,0.0,2715046.0,788730.0,355066.0,189168.0,133356.0,104662.0,78336.0,67452.0,49476.0,196460.0,9122664.0,6062.0,2580.0,8182.0,6.0,3338784.0,116124.0,1265306.0,1404702.0,357500.0,350800.0,353840.0,359960.0,355420.0,362020.0,339540.0,,184640.0,93351.04,9122664.0,9122664.0,5259706.0,17490.0,496.0,54430.0,641700.0,4687674.0,1209600.0,173582.0,20.0,182.0,0.0,5689974.72,397284.48,1926057.6,238.0,944.0,0.0,0.0,50.0,159528.0,983934.0,1622044.0,1019646.0,562406.0,316462.0,13682.0,0.0,68.0,9122664.0,0.0,4594.0,1032.0,749132.0,721300.0,293238.0,2572736.0,326800.0,8850.0,70.0,0.0,1354.0,7518.0,5745592.0,2329980.0,0.0,145098.0,0.0,0.0,5779986.0,8112.0,312.0,0.0,0.0,23880.0,286024.0,0.0,8.0,0.0,0.0,65102.0,5030.0,1488.0,10381510.0,1351924.0,136532.0,21766.0,11941000.0,1211824.0,5246966.0,33888.0,0.0,0.0,0.0,19.98,2086.0,1497160.0,795998.0,581898.0,356874.0,331916.0,274970.0,508460.0,329818.0,658.0,0.0,0.0,0.0
neg,923308,0.0,698.0,666.0,0.0,0.0,0.0,0.0,0.0,0.0,1638542.0,6183308.0,1479440.0,112630.0,6844.0,292.0,34730208.0,44122.0,0.0,0.0,455474.0,820074.0,49880068.0,40387950.0,18166854.0,9171854.0,0.0,0.0,0.0,0.0,2002.0,134.0,0.0,0.0,0.0,0.0,0.0,0.0,31620.0,7452546.0,1936890.0,0.0,1464.0,102.0,108.0,2970.0,91912.0,9201456.0,123044.0,0.0,0.0,0.0,4954578.0,1708614.0,556280.0,401744.0,352472.0,332786.0,346694.0,381380.0,257486.0,129022.0,68504290.0,242.0,4.0,64.0,2.0,34730208.0,1202104.0,4169974.0,13976826.0,379140.0,374600.0,347120.0,347940.0,337880.0,402640.0,334820.0,369680.0,231200.0,923307.71,68504290.0,68504290.0,9673592.0,57183.0,3402.0,13784.0,717200.0,9422690.0,1209600.0,290212.0,2.0,38.0,0.0,53557451.52,821420.16,11700800.64,34.0,270.0,0.0,0.0,303212.0,2546102.0,4609174.0,1653132.0,277324.0,27940.0,3996.0,176.0,12.0,12.0,68504290.0,0.0,2852.0,450.0,558078.0,1222362.0,3660592.0,3933702.0,43004.0,16.0,0.0,0.0,480.0,320.0,5915344.0,6364.0,0.0,83028.0,0.0,0.0,7789650.0,10448.0,1354.0,0.0,0.0,2060.0,115858.0,0.0,0.0,0.0,0.0,589232.0,91136.0,15710.0,27537462.0,3384468.0,366794.0,42048.0,7702460.0,893688.0,9114096.0,91788.0,0.0,0.0,18401370.0,1162.22,1350.0,1736864.0,1733344.0,1354542.0,612986.0,797462.0,525018.0,1028436.0,1602532.0,29858.0,14.0,0.0,0.0
neg,11778,,0.0,,0.0,0.0,0.0,0.0,0.0,24.0,45020.0,313370.0,339826.0,137232.0,302.0,0.0,366454.0,0.0,0.0,0.0,0.0,0.0,860982.0,820724.0,218410.0,23868.0,0.0,0.0,0.0,0.0,0.0,0.0,36276.0,14936.0,11488.0,16396.0,7550.0,91194.0,196912.0,327454.0,133568.0,0.0,618.0,290.0,476.0,4480.0,325634.0,503380.0,896.0,0.0,0.0,0.0,366698.0,390616.0,57666.0,15904.0,3364.0,968.0,496.0,62.0,0.0,0.0,1079554.0,74.0,28.0,600.0,78.0,366454.0,5184.0,172932.0,44530.0,,,,,,,,,216400.0,11778.4,1079554.0,1079554.0,1051550.0,2522.0,90776.0,106836.0,1077300.0,835774.0,1209600.0,0.0,,,,761782.08,0.0,72075.84,0.0,0.0,0.0,0.0,8770.0,99558.0,434310.0,216068.0,74906.0,1842.0,320.0,0.0,,24.0,1079554.0,,1044.0,168.0,4814.0,112676.0,21826.0,197964.0,482724.0,14020.0,538.0,0.0,,,,,,,,,,608.0,78.0,0.0,0.0,0.0,0.0,0.0,0.0,0.0,0.0,2972.0,894.0,282.0,0.0,0.0,12752.0,2236.0,5095900.0,533528.0,0.0,0.0,0.0,0.0,10778840.0,387.72,380.0,76484.0,85448.0,404550.0,197372.0,50056.0,12084.0,4608.0,2236.0,2936.0,0.0,0.0,0.0
neg,248,,20.0,16.0,0.0,0.0,0.0,0.0,0.0,0.0,28904.0,14186.0,1088.0,0.0,0.0,0.0,17544.0,0.0,0.0,0.0,2472.0,5028.0,33462.0,23908.0,20808.0,3566.0,0.0,0.0,0.0,0.0,76.0,4.0,0.0,0.0,0.0,0.0,0.0,0.0,0.0,6608.0,37570.0,0.0,1296.0,166.0,204.0,348.0,2736.0,39426.0,2.0,0.0,0.0,0.0,30096.0,5148.0,2818.0,2878.0,1136.0,560.0,418.0,784.0,318.0,22.0,56868.0,26.0,26.0,2.0,0.0,17544.0,794.0,5512.0,14782.0,1310700.0,1310700.0,1310700.0,1310700.0,1310700.0,1310700.0,1310700.0,1310700.0,19840.0,247.27,56868.0,56868.0,53248.0,167.0,0.0,4994.0,55900.0,44178.0,1209600.0,1270.0,0.0,36.0,0.0,18309.12,6297.6,18355.2,,,0.0,0.0,24216.0,16330.0,2964.0,668.0,0.0,0.0,0.0,0.0,8.0,12.0,56868.0,,1220.0,34.0,876.0,1294.0,852.0,33662.0,6240.0,0.0,0.0,0.0,22.0,8.0,17758.0,5738.0,0.0,0.0,0.0,0.0,20416.0,158.0,136.0,0.0,0.0,430.0,6546.0,0.0,0.0,0.0,0.0,878.0,40.0,18.0,5526.0,1996.0,544.0,96.0,5040.0,648.0,7592.0,82.0,0.0,0.0,0.0,,,26648.0,6774.0,1902.0,424.0,1574.0,6754.0,102.0,0.0,0.0,0.0,0.0,0.0
neg,39276,,140.0,136.0,138.0,620.0,0.0,0.0,0.0,19082.0,34378.0,1048044.0,1026202.0,188676.0,946.0,0.0,998236.0,0.0,0.0,0.0,9790.0,19108.0,2127272.0,1892226.0,676306.0,184956.0,0.0,0.0,0.0,0.0,84.0,720.0,0.0,0.0,0.0,0.0,0.0,0.0,45684.0,990750.0,1280894.0,0.0,12118.0,16134.0,27388.0,40418.0,74298.0,2146922.0,50.0,0.0,0.0,0.0,628188.0,940472.0,376664.0,150712.0,73596.0,44402.0,37702.0,57602.0,7990.0,0.0,2814096.0,18.0,1980.0,1606.0,12.0,998236.0,27276.0,493892.0,181120.0,292220.0,278100.0,,,,,,,99740.0,39275.73,2814096.0,2814096.0,2817992.0,11625.0,178.0,35856.0,387880.0,2317328.0,1209600.0,54846.0,0.0,68.0,0.0,2097454.08,0.0,217305.6,328.0,928.0,0.0,9218.0,15892.0,624714.0,951050.0,608040.0,91502.0,13818.0,3044.0,50.0,2.0,30.0,2814096.0,,4756.0,678.0,84946.0,127278.0,64818.0,1729950.0,294020.0,10798.0,84.0,0.0,184.0,1452.0,2127646.0,1367510.0,0.0,4.0,0.0,0.0,2128206.0,2618.0,268.0,0.0,0.0,0.0,0.0,0.0,0.0,0.0,0.0,14078.0,2518.0,1176.0,2521464.0,454204.0,51418.0,9388.0,5040.0,622.0,2673112.0,6038.0,0.0,0.0,0.0,1076.88,1198.0,236732.0,335888.0,200998.0,97490.0,246908.0,231206.0,953264.0,14418.0,424.0,0.0,0.0,0.0
neg,24,,4.0,4.0,0.0,0.0,0.0,0.0,0.0,0.0,76.0,0.0,8506.0,0.0,0.0,0.0,3144.0,0.0,0.0,0.0,0.0,0.0,9254.0,7192.0,3286.0,848.0,0.0,0.0,0.0,0.0,4.0,2.0,0.0,0.0,0.0,0.0,0.0,0.0,8582.0,0.0,0.0,0.0,62.0,6.0,20.0,28.0,198.0,8252.0,16.0,0.0,0.0,0.0,7162.0,1054.0,248.0,64.0,32.0,18.0,4.0,0.0,0.0,0.0,12548.0,0.0,0.0,0.0,0.0,3144.0,174.0,1064.0,2198.0,,,,,,,,,3160.0,24.42,12548.0,12548.0,13776.0,15.0,102.0,1160.0,12420.0,8582.0,1209600.0,608.0,2.0,8.0,0.0,3673.92,0.0,4859.52,0.0,0.0,0.0,0.0,0.0,22.0,6948.0,1232.0,310.0,70.0,0.0,0.0,0.0,6.0,12548.0,,108.0,22.0,18.0,334.0,532.0,3164.0,3534.0,790.0,80.0,0.0,6.0,10.0,4004.0,18.0,0.0,16.0,0.0,0.0,4338.0,60.0,28.0,0.0,0.0,0.0,0.0,0.0,0.0,0.0,0.0,128.0,0.0,0.0,0.0,0.0,218.0,50.0,15220.0,1604.0,0.0,0.0,0.0,0.0,0.0,46.08,40.0,5110.0,2836.0,556.0,52.0,12.0,4.0,12.0,0.0,0.0,0.0,0.0,0.0
neg,61938,,8172.0,6922.0,0.0,0.0,0.0,0.0,0.0,0.0,766.0,121914.0,3899772.0,1747346.0,185466.0,17550.0,2613882.0,70672.0,0.0,0.0,0.0,0.0,4375758.0,2891702.0,3191032.0,1302136.0,0.0,0.0,101524.0,0.0,49886.0,3404.0,0.0,0.0,0.0,0.0,0.0,0.0,1112956.0,4060450.0,799408.0,0.0,8866.0,7308.0,12728.0,1249422.0,4131082.0,563398.0,10.0,0.0,0.0,0.0,2692196.0,1285762.0,620478.0,410304.0,268246.0,189088.0,228126.0,278550.0,64.0,0.0,7567936.0,68.0,1208.0,354.0,142.0,2613882.0,97782.0,1685224.0,1483344.0,542160.0,583220.0,533640.0,523000.0,491860.0,417440.0,,,82400.0,61938.53,7567936.0,7567936.0,7509772.0,32755.0,2296.0,17930.0,295640.0,5972814.0,1209600.0,189730.0,2.0,112.0,0.0,4767123.84,0.0,1198946.88,0.0,0.0,0.0,0.0,0.0,9248.0,917408.0,3371210.0,1579728.0,78472.0,15330.0,1418.0,128.0,140.0,7567936.0,,11884.0,1592.0,435310.0,618810.0,866270.0,3756128.0,270298.0,12436.0,86.0,0.0,12368.0,12070.0,4549094.0,120034.0,0.0,142.0,0.0,22.0,4817732.0,6840.0,356.0,0.0,0.0,0.0,0.0,0.0,0.0,0.0,0.0,69280.0,35212.0,13722.0,0.0,0.0,128228.0,25202.0,27419780.0,2785622.0,0.0,0.0,0.0,0.0,60938500.0,3234.26,3230.0,1242250.0,2129766.0,758254.0,345962.0,612848.0,510892.0,220388.0,92370.0,60000.0,84.0,0.0,0.0
neg,32702,,,,,,0.0,0.0,0.0,0.0,364.0,272500.0,1683616.0,619816.0,10268.0,126.0,926732.0,0.0,186.0,,0.0,0.0,1920904.0,1564430.0,738736.0,340366.0,,0.0,0.0,0.0,,,0.0,0.0,0.0,0.0,0.0,19370.0,605894.0,1394942.0,566484.0,0.0,3600.0,2666.0,3012.0,3674.0,396418.0,2159188.0,18132.0,0.0,0.0,0.0,1049054.0,332780.0,171450.0,144130.0,158492.0,321298.0,380594.0,28892.0,0.0,0.0,2660148.0,,,,,926732.0,36434.0,294078.0,442130.0,340040.0,326840.0,0.0,0.0,0.0,0.0,0.0,0.0,62160.0,32701.45,2660148.0,2660148.0,,18055.0,,,234040.0,,1209600.0,,,,,2243756.16,0.0,340267.2,,,0.0,0.0,0.0,29376.0,981570.0,1390104.0,166802.0,15666.0,3106.0,66.0,,,2660148.0,,3548.0,520.0,153042.0,151018.0,565422.0,1632416.0,79664.0,1058.0,2.0,0.0,,,,,,,,,,,,,,,,,,,,20932.0,,,,,,,,,,,,,,,,354866.0,714418.0,425128.0,209164.0,477158.0,306644.0,73506.0,18582.0,7224.0,0.0,,
neg,208,,22.0,16.0,0.0,0.0,0.0,0.0,0.0,16514.0,56940.0,23260.0,1512.0,0.0,0.0,0.0,36550.0,0.0,6872.0,0.0,8386.0,16096.0,85890.0,64824.0,48386.0,7922.0,4.0,0.0,0.0,0.0,64.0,108.0,0.0,0.0,0.0,0.0,0.0,0.0,0.0,6044.0,92182.0,0.0,2612.0,818.0,1538.0,6222.0,11274.0,75746.0,16.0,0.0,0.0,0.0,57704.0,36604.0,2168.0,588.0,224.0,150.0,164.0,492.0,90.0,42.0,142818.0,12.0,6.0,36.0,0.0,36550.0,1030.0,20544.0,27308.0,,,,,,,,,46840.0,207.19,142818.0,142818.0,134998.0,206.0,0.0,13038.0,141400.0,98226.0,1209600.0,1834.0,0.0,30.0,0.0,20875.2,41612.16,34436.16,30.0,134.0,0.0,11558.0,55442.0,24778.0,4970.0,1444.0,34.0,0.0,0.0,0.0,2.0,30.0,142818.0,,1450.0,88.0,804.0,9472.0,58058.0,26496.0,1858.0,0.0,0.0,0.0,16.0,236.0,19452.0,0.0,0.0,72.0,0.0,0.0,26618.0,398.0,202.0,0.0,0.0,10.0,58820.0,0.0,0.0,0.0,0.0,1336.0,40.0,4.0,0.0,0.0,786.0,138.0,1980.0,200.0,0.0,0.0,0.0,0.0,0.0,400.02,302.0,79270.0,11220.0,1994.0,738.0,1128.0,778.0,786.0,2312.0,0.0,0.0,0.0,0.0
pos,474254,,5026.0,,0.0,0.0,0.0,0.0,0.0,0.0,431068.0,11801052.0,21101516.0,5280670.0,109648.0,84.0,18289630.0,82566.0,0.0,0.0,438.0,664.0,24578666.0,12339698.0,16208680.0,10654346.0,0.0,0.0,0.0,0.0,0.0,0.0,0.0,0.0,0.0,0.0,0.0,46144.0,29940818.0,8735768.0,1422.0,0.0,88062.0,62736.0,97034.0,169420.0,18869372.0,19437464.0,64.0,0.0,0.0,0.0,18924670.0,5964650.0,2883114.0,1940380.0,1475906.0,1322122.0,1882608.0,3117032.0,1142196.0,71474.0,40800414.0,3126.0,14994.0,8290.0,6864.0,18289630.0,1055338.0,5028254.0,11099932.0,549700.0,538200.0,552320.0,485640.0,501320.0,538800.0,580560.0,460680.0,310500.0,474254.86,40800298.0,40800298.0,39354078.0,213993.0,2484510.0,56666.0,729020.0,38724300.0,1209600.0,0.0,,,,30961649.28,0.0,7699974.72,43008.0,,0.0,0.0,7034.0,3389294.0,16994372.0,14612308.0,3080728.0,505316.0,131100.0,4000.0,,0.0,40800298.0,,73372.0,13662.0,3290884.0,3275326.0,5541992.0,24605778.0,1896866.0,26254.0,18.0,0.0,,,,,,,,,,48024.0,2070.0,0.0,0.0,0.0,0.0,0.0,0.0,0.0,0.0,873236.0,266036.0,92762.0,0.0,0.0,1718666.0,324128.0,67603680.0,10734934.0,0.0,0.0,0.0,0.0,114894530.0,1.3,0.0,8007850.0,7780518.0,5277574.0,2894968.0,14033482.0,719294.0,3052.0,5998.0,1416.0,0.0,0.0,0.0
pos,476912,,16342.0,,0.0,0.0,0.0,0.0,0.0,0.0,127848.0,7691928.0,19040378.0,4656934.0,71898.0,750.0,15663822.0,272788.0,248.0,,878.0,2500.0,22325254.0,13850660.0,11123108.0,7574320.0,0.0,0.0,7368.0,0.0,0.0,0.0,0.0,0.0,0.0,0.0,0.0,250210.0,12048994.0,13971724.0,5318808.0,0.0,60206.0,36678.0,68692.0,131694.0,19806342.0,11485920.0,162.0,36.0,6.0,0.0,13045402.0,5543952.0,2868542.0,2034946.0,1623948.0,1737164.0,2766214.0,1825540.0,142300.0,1728.0,33458744.0,348.0,312.0,1316.0,4926.0,15663822.0,912952.0,4767872.0,6311504.0,495340.0,511000.0,496520.0,509520.0,483000.0,433340.0,451340.0,400880.0,337380.0,476911.43,33458744.0,33458744.0,32677354.0,200682.0,2154682.0,,712360.0,31589736.0,1209600.0,0.0,,,,28665026.88,0.0,2871560.64,,,0.0,0.0,13072.0,2555012.0,14622052.0,12549948.0,1608638.0,209090.0,31420.0,504.0,,0.0,33458744.0,,34388.0,6008.0,1647872.0,1240026.0,3642764.0,23180104.0,1775966.0,62598.0,10.0,0.0,,,,,,,,,,23326.0,1178.0,,,,,,,,,763500.0,327018.0,95624.0,0.0,0.0,1378746.0,216660.0,57901160.0,8137054.0,0.0,0.0,0.0,0.0,,,,3078456.0,5472696.0,4255972.0,2821340.0,10314504.0,5272128.0,347694.0,20676.0,6270.0,0.0,0.0,0.0
neg,31688,,718.0,718.0,0.0,0.0,0.0,0.0,0.0,0.0,2412.0,37148.0,1622580.0,426950.0,12008.0,0.0,1107528.0,0.0,242.0,0.0,0.0,0.0,1822718.0,1552018.0,377318.0,219210.0,0.0,0.0,956.0,0.0,1392.0,300.0,0.0,0.0,0.0,0.0,0.0,0.0,441248.0,1657310.0,2540.0,0.0,8488.0,7176.0,13966.0,15942.0,1478744.0,576468.0,314.0,0.0,0.0,0.0,733314.0,373662.0,269168.0,190926.0,154898.0,129742.0,107752.0,109026.0,32572.0,38.0,2200588.0,88.0,8.0,146.0,22.0,1107528.0,32504.0,156524.0,219254.0,218680.0,,,,,,,,153580.0,31688.25,2200588.0,2200588.0,2163150.0,14197.0,22282.0,94126.0,985180.0,2101098.0,1209600.0,65494.0,1268.0,104.0,0.0,1871943.36,0.0,224945.28,,,0.0,0.0,0.0,5392.0,529766.0,1291656.0,249736.0,19842.0,4580.0,126.0,858.0,862.0,2200588.0,,4014.0,394.0,48206.0,119118.0,156820.0,1676006.0,93508.0,3032.0,0.0,0.0,1068.0,1216.0,1552174.0,119024.0,0.0,24380.0,0.0,0.0,1704506.0,1652.0,46.0,0.0,0.0,0.0,0.0,0.0,0.0,0.0,0.0,22080.0,14160.0,2286.0,0.0,0.0,41144.0,10714.0,451320.0,141288.0,0.0,0.0,0.0,0.0,3868680.0,,,239502.0,419352.0,290308.0,161868.0,319482.0,369578.0,133170.0,70964.0,93276.0,3598.0,0.0,0.0
neg,1942,,2130706436.0,84.0,0.0,0.0,0.0,0.0,0.0,0.0,686.0,89646.0,18462.0,0.0,0.0,0.0,42918.0,0.0,0.0,0.0,0.0,0.0,118540.0,111584.0,9130.0,4874.0,0.0,0.0,0.0,0.0,140.0,52.0,0.0,0.0,0.0,0.0,0.0,1102.0,80996.0,11180.0,15516.0,0.0,88.0,32.0,38.0,24.0,542.0,107728.0,342.0,0.0,0.0,0.0,27044.0,57898.0,13960.0,6908.0,2222.0,398.0,236.0,128.0,0.0,0.0,127696.0,58.0,536.0,94.0,0.0,42918.0,852.0,4334.0,4778.0,,,,,,,,,8940.0,1942.63,127696.0,127696.0,129512.0,393.0,0.0,12648.0,127460.0,108794.0,1209600.0,2384.0,2.0,6.0,0.0,101410.56,0.0,7281.6,0.0,0.0,0.0,0.0,0.0,75824.0,32086.0,616.0,182.0,70.0,16.0,0.0,0.0,4.0,127696.0,,134.0,18.0,764.0,3476.0,1846.0,17368.0,82134.0,3012.0,42.0,0.0,144.0,208.0,10070.0,60078.0,0.0,4338.0,0.0,32.0,102242.0,74.0,36.0,0.0,0.0,0.0,0.0,0.0,0.0,0.0,0.0,466.0,264.0,200.0,0.0,0.0,1828.0,354.0,1441560.0,144742.0,0.0,0.0,0.0,0.0,942660.0,53.22,58.0,8112.0,13836.0,7264.0,2812.0,6756.0,68458.0,1538.0,18.0,0.0,0.0,0.0,0.0
neg,156,,0.0,,0.0,0.0,0.0,0.0,0.0,0.0,347566.0,11429134.0,25793520.0,6888742.0,78498.0,1396.0,22680026.0,14092.0,56.0,0.0,206.0,248.0,39320548.0,34525722.0,11228758.0,3790514.0,0.0,0.0,0.0,0.0,0.0,0.0,0.0,0.0,0.0,0.0,0.0,312254.0,23403344.0,15753832.0,5069426.0,0.0,63622.0,35844.0,45356.0,113446.0,29559958.0,14720494.0,124.0,12.0,0.0,0.0,17584548.0,7397900.0,3578472.0,2908544.0,2731202.0,2737480.0,3405724.0,3750868.0,434724.0,9394.0,50558346.0,860.0,3888.0,4638.0,2010.0,22680026.0,518044.0,6972986.0,4198064.0,216540.0,210920.0,187460.0,203280.0,263680.0,163020.0,204220.0,236580.0,226880.0,156.2,50558346.0,50558346.0,49705994.0,295927.0,1317728.0,6488.0,851600.0,44538856.0,1209600.0,0.0,,,,39445104.0,0.0,5071696.32,0.0,0.0,0.0,0.0,15816.0,3200488.0,20013252.0,18402944.0,2484332.0,354392.0,65954.0,1678.0,,0.0,50558346.0,,43686.0,8572.0,2446698.0,2501714.0,3620034.0,33024760.0,2862210.0,31180.0,2.0,0.0,,,,,,,,,,32976.0,1222.0,0.0,0.0,0.0,0.0,0.0,0.0,0.0,0.0,305614.0,445880.0,100226.0,0.0,0.0,1273266.0,191584.0,50936240.0,11756904.0,0.0,0.0,0.0,0.0,537730340.0,14613.86,21026.0,5269894.0,8263084.0,5211436.0,2698206.0,5644554.0,5845990.0,5651466.0,2980182.0,2845806.0,128238.0,0.0,0.0
neg,31718,,0.0,,0.0,0.0,0.0,0.0,0.0,0.0,1174.0,386904.0,1472888.0,287418.0,596.0,0.0,1081194.0,0.0,0.0,0.0,0.0,0.0,1987552.0,1801118.0,321566.0,130698.0,0.0,0.0,0.0,0.0,0.0,0.0,0.0,0.0,0.0,0.0,0.0,780.0,108274.0,462140.0,1577786.0,0.0,5892.0,5476.0,11154.0,13826.0,425916.0,1686702.0,14.0,0.0,0.0,0.0,688286.0,485000.0,354408.0,253234.0,168598.0,127364.0,65548.0,6542.0,0.0,0.0,2309698.0,78.0,1398.0,220.0,34.0,1081194.0,25778.0,165782.0,154032.0,158780.0,,,,,,,,157000.0,31717.1,2309698.0,2309698.0,2280210.0,12965.0,503666.0,106268.0,1093600.0,2148980.0,1209600.0,0.0,,,,1998705.6,0.0,147073.92,0.0,0.0,0.0,0.0,0.0,84608.0,1118268.0,880970.0,55050.0,8430.0,1640.0,14.0,,0.0,2309698.0,,3198.0,498.0,113144.0,68346.0,338922.0,1561850.0,62004.0,1018.0,0.0,0.0,,,,,,,,,,1320.0,200.0,0.0,0.0,0.0,0.0,0.0,0.0,0.0,0.0,13482.0,40410.0,7118.0,0.0,0.0,85194.0,15864.0,5333140.0,1090280.0,0.0,0.0,0.0,0.0,30717250.0,965.4,1172.0,163164.0,459620.0,363734.0,252740.0,510456.0,319082.0,70270.0,9624.0,290.0,0.0,0.0,0.0
neg,1736,,2130706432.0,96.0,0.0,0.0,0.0,0.0,0.0,0.0,88.0,54746.0,44400.0,0.0,0.0,0.0,46198.0,0.0,64.0,0.0,0.0,0.0,93050.0,83222.0,13274.0,7554.0,0.0,0.0,0.0,0.0,260.0,74.0,0.0,0.0,0.0,0.0,0.0,11436.0,69680.0,3618.0,14500.0,0.0,78.0,24.0,30.0,36.0,258.0,98772.0,36.0,0.0,0.0,0.0,25312.0,53628.0,13316.0,5514.0,1282.0,146.0,36.0,0.0,0.0,0.0,106346.0,4.0,8.0,208.0,0.0,46198.0,1246.0,7292.0,5928.0,,,,,,,,,13020.0,1736.51,106346.0,106346.0,110240.0,367.0,0.0,10464.0,106060.0,99234.0,1209600.0,2260.0,0.0,0.0,0.0,92022.72,0.0,7107.84,0.0,20.0,0.0,0.0,0.0,27324.0,69720.0,1584.0,462.0,128.0,16.0,0.0,4.0,14.0,106346.0,,138.0,36.0,48.0,3166.0,950.0,15674.0,76648.0,2526.0,48.0,0.0,164.0,210.0,92768.0,50750.0,0.0,0.0,0.0,0.0,92774.0,86.0,32.0,0.0,0.0,0.0,0.0,0.0,0.0,0.0,0.0,712.0,392.0,124.0,0.0,0.0,2482.0,448.0,611960.0,61216.0,0.0,0.0,0.0,0.0,736520.0,54.52,60.0,7860.0,11884.0,5882.0,2924.0,16314.0,54316.0,54.0,0.0,0.0,0.0,0.0,0.0
neg,32,0.0,44.0,32.0,6.0,10.0,0.0,0.0,0.0,0.0,2454.0,13398.0,1040.0,0.0,0.0,0.0,6384.0,0.0,224.0,0.0,0.0,0.0,21884.0,17920.0,37868.0,706.0,0.0,0.0,0.0,0.0,4.0,18.0,0.0,0.0,0.0,0.0,0.0,0.0,0.0,0.0,16892.0,0.0,1266.0,6.0,10.0,2.0,18.0,8618.0,6972.0,0.0,0.0,0.0,14584.0,692.0,232.0,332.0,216.0,614.0,158.0,50.0,8.0,6.0,59800.0,0.0,8.0,8.0,0.0,6384.0,330.0,34698.0,3056.0,,,,,,,,,37540.0,31.17,59800.0,59800.0,59356.0,45.0,0.0,5780.0,59440.0,16950.0,1209600.0,608.0,0.0,2.0,0.0,4117.44,0.0,11716.8,2.0,20.0,0.0,0.0,812.0,9284.0,6144.0,606.0,46.0,0.0,0.0,0.0,0.0,4.0,59800.0,0.0,1218.0,18.0,36.0,120.0,4448.0,4828.0,4966.0,1194.0,64.0,0.0,34.0,40.0,4028.0,212.0,0.0,0.0,0.0,0.0,4580.0,74.0,166.0,0.0,0.0,0.0,0.0,0.0,0.0,0.0,0.0,310.0,0.0,0.0,870.0,748.0,142.0,54.0,180.0,48.0,10618.0,52.0,0.0,0.0,0.0,141.04,84.0,13072.0,2916.0,374.0,82.0,194.0,56.0,164.0,34.0,0.0,0.0,0.0,0.0
neg,4,,8.0,6.0,0.0,0.0,0.0,0.0,0.0,0.0,112.0,18954.0,3168.0,0.0,0.0,0.0,9680.0,0.0,0.0,0.0,0.0,0.0,21574.0,15826.0,16960.0,1674.0,0.0,0.0,0.0,0.0,30.0,28.0,0.0,0.0,0.0,0.0,0.0,0.0,0.0,15918.0,6316.0,0.0,1036.0,44.0,48.0,46.0,8918.0,12142.0,0.0,0.0,0.0,0.0,11186.0,6592.0,3136.0,526.0,192.0,118.0,402.0,82.0,0.0,0.0,38582.0,2.0,4.0,54.0,0.0,9680.0,362.0,11120.0,5760.0,,,,,,,,,16600.0,3.92,38582.0,38582.0,37732.0,83.0,86.0,3554.0,38200.0,22234.0,1209600.0,722.0,0.0,6.0,0.0,14730.24,0.0,6502.08,0.0,16.0,0.0,0.0,0.0,16064.0,4796.0,1038.0,336.0,0.0,0.0,0.0,0.0,4.0,38582.0,,1108.0,28.0,116.0,206.0,882.0,4418.0,13362.0,2054.0,60.0,0.0,8.0,42.0,15418.0,5146.0,0.0,4.0,0.0,0.0,15546.0,112.0,110.0,0.0,0.0,0.0,0.0,0.0,0.0,0.0,0.0,350.0,80.0,8.0,0.0,0.0,280.0,76.0,860.0,160.0,0.0,0.0,0.0,0.0,0.0,77.42,76.0,8014.0,3896.0,1238.0,638.0,1752.0,1228.0,734.0,4734.0,0.0,0.0,0.0,0.0
neg,22748,,1146.0,2856.0,0.0,0.0,0.0,0.0,0.0,0.0,92172.0,22444.0,2949870.0,5120592.0,243624.0,748.0,3065118.0,0.0,0.0,0.0,0.0,0.0,6686062.0,5304510.0,2147850.0,1221830.0,0.0,0.0,39798.0,0.0,1986.0,244.0,0.0,0.0,0.0,0.0,0.0,0.0,120178.0,63970.0,8245302.0,0.0,20806.0,12754.0,17216.0,95154.0,6852974.0,1430330.0,114.0,88.0,14.0,0.0,6999458.0,805518.0,259020.0,123996.0,72232.0,66726.0,102132.0,368.0,0.0,0.0,8835324.0,0.0,60.0,856.0,0.0,3065118.0,114518.0,500580.0,1634314.0,307660.0,238520.0,272960.0,272700.0,286040.0,281240.0,382500.0,,88220.0,22748.95,8835324.0,8835324.0,8791400.0,16417.0,4198.0,23356.0,350280.0,8429450.0,1209600.0,137304.0,524.0,278.0,0.0,3074439.36,0.0,5349287.04,0.0,0.0,0.0,0.0,0.0,17502.0,265876.0,2780884.0,4769270.0,578900.0,16938.0,80.0,9282.0,3560.0,8835324.0,,12708.0,1498.0,231374.0,4324816.0,807404.0,1984856.0,988298.0,76424.0,2072.0,0.0,4280.0,2332.0,2869020.0,4336.0,22.0,3486.0,0.0,0.0,3387110.0,7822.0,538.0,0.0,0.0,0.0,0.0,0.0,0.0,0.0,0.0,58322.0,3406.0,572.0,0.0,0.0,78266.0,20080.0,268340.0,41676.0,0.0,0.0,0.0,0.0,0.0,3436.82,3666.0,5501468.0,2076264.0,719596.0,81658.0,40154.0,6890.0,2288.0,780.0,352.0,0.0,0.0,0.0
pos,26,,8.0,8.0,0.0,0.0,0.0,0.0,0.0,0.0,66.0,0.0,7290.0,0.0,0.0,0.0,2586.0,0.0,0.0,0.0,0.0,0.0,6508.0,3876.0,143078.0,1098.0,0.0,0.0,0.0,0.0,10.0,2.0,0.0,0.0,0.0,0.0,0.0,0.0,6218.0,0.0,1138.0,0.0,1208.0,24.0,28.0,18.0,154.0,5920.0,4.0,0.0,0.0,0.0,5556.0,896.0,384.0,66.0,48.0,156.0,250.0,0.0,0.0,0.0,149542.0,0.0,10.0,2.0,0.0,2586.0,174.0,140440.0,2582.0,,,,,,,,,142940.0,26.33,149542.0,149542.0,153232.0,25.0,198.0,14856.0,149400.0,7356.0,1209600.0,554.0,0.0,0.0,0.0,3915.84,0.0,2252.16,0.0,0.0,0.0,0.0,0.0,234.0,5798.0,1114.0,192.0,18.0,0.0,0.0,0.0,6.0,149542.0,,1206.0,16.0,26.0,156.0,740.0,1150.0,2694.0,1212.0,156.0,0.0,12.0,52.0,3508.0,60.0,0.0,18.0,0.0,18.0,4112.0,46.0,30.0,0.0,0.0,0.0,0.0,0.0,0.0,0.0,0.0,136.0,0.0,0.0,0.0,0.0,144.0,50.0,2180.0,374.0,0.0,0.0,0.0,0.0,0.0,55.76,42.0,3746.0,2944.0,506.0,52.0,48.0,10.0,14.0,34.0,2.0,0.0,0.0,0.0
neg,68,2.0,46.0,38.0,0.0,0.0,0.0,0.0,0.0,0.0,16.0,3718.0,13678.0,0.0,0.0,0.0,5250.0,0.0,214.0,0.0,0.0,0.0,13962.0,9198.0,29996.0,1474.0,0.0,0.0,0.0,0.0,10.0,116.0,0.0,0.0,0.0,0.0,0.0,0.0,0.0,0.0,17412.0,0.0,212.0,100.0,172.0,982.0,5136.0,2500.0,8310.0,0.0,0.0,0.0,13916.0,1700.0,450.0,294.0,190.0,126.0,108.0,374.0,100.0,154.0,43992.0,4.0,8.0,2.0,0.0,5250.0,274.0,25740.0,4234.0,,,,,,,,,29800.0,68.07,43992.0,43992.0,49706.0,47.0,4.0,4164.0,43700.0,17492.0,1209600.0,824.0,0.0,0.0,0.0,6933.12,0.0,4618.56,2.0,32.0,0.0,0.0,0.0,1096.0,12174.0,3246.0,854.0,36.0,6.0,0.0,0.0,12.0,43992.0,0.0,6016.0,30.0,20.0,552.0,812.0,2604.0,5762.0,1584.0,32.0,0.0,40.0,168.0,7424.0,730.0,0.0,40.0,0.0,0.0,7666.0,98.0,126.0,0.0,0.0,0.0,0.0,0.0,0.0,0.0,0.0,260.0,0.0,0.0,3290.0,1866.0,372.0,74.0,920.0,90.0,12630.0,20.0,0.0,0.0,0.0,87.58,76.0,10986.0,3774.0,986.0,230.0,486.0,742.0,136.0,72.0,0.0,0.0,0.0,0.0
neg,61778,,924.0,872.0,0.0,0.0,0.0,0.0,0.0,0.0,8880.0,583510.0,2103114.0,1689808.0,110112.0,18960.0,2044272.0,44122.0,0.0,0.0,82.0,390.0,3621758.0,2750142.0,1061776.0,772430.0,0.0,0.0,12288.0,0.0,1458.0,430.0,0.0,0.0,0.0,0.0,0.0,4580.0,1724206.0,2785596.0,2.0,0.0,3214.0,1762.0,2002.0,185138.0,3360654.0,961306.0,308.0,0.0,0.0,0.0,1202384.0,1113144.0,468746.0,368592.0,300680.0,260780.0,364292.0,433170.0,2596.0,0.0,4684266.0,86.0,162.0,554.0,40.0,2044272.0,68190.0,382016.0,669702.0,260700.0,257600.0,298200.0,,,,,,235560.0,61777.16,4684266.0,4684266.0,4615850.0,33091.0,42706.0,97204.0,1046440.0,4514384.0,1209600.0,130904.0,0.0,80.0,0.0,3895226.88,0.0,615829.44,0.0,0.0,0.0,0.0,396.0,143582.0,1022678.0,2119966.0,1142686.0,75374.0,9020.0,682.0,1126.0,1132.0,4684266.0,,6338.0,892.0,90138.0,313238.0,183406.0,2687304.0,1207170.0,25836.0,62.0,0.0,1244.0,884.0,3485992.0,111004.0,0.0,988.0,0.0,60.0,3924320.0,7088.0,354.0,0.0,0.0,0.0,0.0,0.0,0.0,0.0,0.0,42566.0,45410.0,7848.0,0.0,0.0,96604.0,24644.0,1385300.0,283458.0,254906.0,8004.0,0.0,0.0,2196270.0,1573.56,1808.0,639090.0,898642.0,569152.0,268188.0,545014.0,532640.0,455366.0,281514.0,318826.0,5952.0,0.0,0.0
neg,6,,4.0,4.0,0.0,0.0,0.0,0.0,0.0,0.0,36.0,3070.0,2602.0,0.0,0.0,0.0,2066.0,0.0,24.0,0.0,0.0,0.0,8334.0,6844.0,13626.0,56.0,0.0,0.0,0.0,0.0,6.0,4.0,0.0,0.0,0.0,0.0,0.0,0.0,0.0,1028.0,4680.0,0.0,894.0,12.0,14.0,34.0,270.0,4484.0,0.0,0.0,0.0,0.0,4646.0,356.0,116.0,136.0,18.0,22.0,62.0,314.0,30.0,8.0,21978.0,2.0,6.0,2.0,0.0,2066.0,144.0,12176.0,1368.0,1310700.0,1310700.0,1310700.0,1310700.0,1310700.0,1310700.0,1310700.0,1310700.0,13500.0,5.31,21978.0,21978.0,22552.0,17.0,0.0,2106.0,21800.0,5708.0,1209600.0,250.0,0.0,8.0,0.0,1882.56,0.0,2953.92,,,0.0,0.0,0.0,2616.0,2380.0,536.0,176.0,0.0,0.0,0.0,0.0,6.0,21978.0,,888.0,12.0,14.0,8.0,34.0,1938.0,2272.0,530.0,12.0,0.0,4.0,2.0,1218.0,208.0,0.0,0.0,0.0,0.0,2076.0,36.0,94.0,0.0,0.0,0.0,0.0,0.0,0.0,0.0,0.0,122.0,0.0,0.0,906.0,224.0,64.0,20.0,2760.0,276.0,4.0,14.0,0.0,0.0,0.0,,,4052.0,1344.0,68.0,10.0,106.0,108.0,8.0,12.0,0.0,0.0,0.0,0.0
neg,452,0.0,6.0,4.0,0.0,0.0,0.0,0.0,0.0,0.0,1328.0,41058.0,4866.0,6.0,0.0,0.0,17582.0,0.0,0.0,0.0,0.0,0.0,43798.0,31670.0,21560.0,3680.0,0.0,0.0,0.0,0.0,28.0,0.0,0.0,0.0,0.0,0.0,0.0,0.0,0.0,9940.0,37318.0,0.0,1528.0,134.0,194.0,158.0,288.0,43834.0,1122.0,0.0,0.0,0.0,26560.0,8768.0,5686.0,2516.0,1494.0,762.0,756.0,296.0,124.0,296.0,65456.0,6.0,2.0,22.0,0.0,17582.0,890.0,10132.0,11316.0,,,,,,,,,20880.0,452.47,65456.0,65456.0,64032.0,191.0,0.0,5938.0,64380.0,47418.0,1209600.0,1398.0,0.0,12.0,0.0,26194.56,6744.0,13324.8,0.0,54.0,0.0,0.0,0.0,10174.0,28500.0,5900.0,2622.0,44.0,18.0,0.0,12.0,18.0,65456.0,0.0,1384.0,76.0,1052.0,1756.0,2572.0,13354.0,26218.0,834.0,12.0,0.0,12.0,0.0,26902.0,2394.0,0.0,0.0,0.0,0.0,28798.0,238.0,110.0,0.0,7076.0,0.0,0.0,0.0,0.0,0.0,0.0,858.0,40.0,4.0,0.0,0.0,852.0,190.0,1400.0,296.0,0.0,0.0,0.0,0.0,0.0,213.94,166.0,21840.0,6002.0,3414.0,888.0,2054.0,1514.0,3096.0,8450.0,0.0,0.0,0.0,0.0
pos,128758,,1746.0,1610.0,0.0,0.0,0.0,0.0,33574.0,544278.0,4822746.0,6495468.0,2396612.0,341880.0,21038.0,0.0,5874488.0,0.0,0.0,0.0,264050.0,427094.0,11412380.0,9699270.0,3465332.0,1743128.0,0.0,0.0,0.0,0.0,3956.0,302.0,0.0,0.0,0.0,0.0,0.0,0.0,0.0,1563444.0,13092136.0,16.0,19908.0,15952.0,19358.0,31502.0,559802.0,14008858.0,216.0,0.0,0.0,0.0,7077690.0,3851432.0,1748174.0,808142.0,379420.0,238020.0,183864.0,234534.0,122900.0,11420.0,15143652.0,7026.0,6164.0,3838.0,30.0,5874488.0,233206.0,920832.0,2539906.0,283280.0,277800.0,211360.0,235100.0,272380.0,293420.0,285920.0,269300.0,149720.0,128757.58,15143652.0,15143652.0,15163712.0,62577.0,408.0,47728.0,607540.0,14655596.0,1209600.0,593836.0,0.0,1702.0,0.0,8962081.92,720648.0,4962506.88,146.0,2348.0,226.0,227492.0,1540808.0,6328956.0,4826860.0,1596900.0,116362.0,16726.0,1254.0,12.0,8.0,18.0,15143652.0,,9876.0,1778.0,4159072.0,1911432.0,4200404.0,4363938.0,9096.0,0.0,0.0,0.0,3136.0,578.0,8649970.0,1796936.0,0.0,20512.0,0.0,0.0,9170362.0,25920.0,3526.0,149700.0,736098.0,0.0,0.0,0.0,0.0,0.0,0.0,120226.0,48668.0,8244.0,0.0,0.0,636782.0,102392.0,151860.0,19362.0,0.0,0.0,0.0,0.0,13780960.0,3433.5,4190.0,5863762.0,3041552.0,1785424.0,541298.0,916388.0,1037568.0,841102.0,621196.0,7306.0,0.0,0.0,0.0
neg,14,0.0,58.0,42.0,0.0,0.0,0.0,0.0,0.0,7750.0,8456.0,3932.0,1036.0,0.0,0.0,0.0,1988.0,0.0,0.0,0.0,82.0,1198.0,8118.0,5836.0,4886.0,184.0,0.0,0.0,0.0,0.0,74.0,188.0,0.0,0.0,0.0,0.0,0.0,0.0,0.0,1260.0,19914.0,0.0,1284.0,22.0,42.0,64.0,70.0,8362.0,6382.0,4948.0,0.0,0.0,17328.0,1750.0,510.0,472.0,180.0,148.0,524.0,108.0,40.0,114.0,13110.0,0.0,8.0,6.0,0.0,1988.0,158.0,3360.0,1496.0,,,,,,,,,4660.0,14.45,13110.0,13110.0,48338.0,58.0,0.0,1104.0,12840.0,21270.0,1209600.0,1260.0,0.0,14.0,0.0,10111.68,0.0,10016.64,0.0,28.0,0.0,4576.0,8316.0,4612.0,2694.0,404.0,572.0,0.0,0.0,0.0,2.0,40.0,13110.0,0.0,1304.0,42.0,38.0,1084.0,968.0,2862.0,12864.0,1984.0,28.0,0.0,68.0,306.0,9094.0,996.0,0.0,0.0,0.0,0.0,11912.0,102.0,196.0,0.0,0.0,0.0,0.0,0.0,0.0,0.0,0.0,210.0,0.0,0.0,544.0,248.0,436.0,108.0,2140.0,218.0,12316.0,16.0,0.0,0.0,0.0,191.5,126.0,11694.0,6608.0,1022.0,222.0,622.0,778.0,102.0,126.0,0.0,0.0,0.0,0.0
neg,4,,4.0,2.0,0.0,0.0,0.0,0.0,0.0,0.0,48.0,562.0,4064.0,0.0,0.0,0.0,1718.0,0.0,62.0,0.0,0.0,0.0,4230.0,1812.0,17062.0,286.0,0.0,0.0,0.0,0.0,4.0,14.0,0.0,0.0,0.0,0.0,0.0,0.0,0.0,0.0,4674.0,0.0,78.0,20.0,24.0,54.0,2616.0,1882.0,0.0,0.0,0.0,0.0,3774.0,196.0,226.0,56.0,32.0,128.0,262.0,0.0,0.0,0.0,21326.0,0.0,2.0,6.0,0.0,1718.0,148.0,15070.0,1964.0,,,,,,,,,16880.0,3.9,21326.0,21326.0,24362.0,17.0,0.0,1974.0,21140.0,4674.0,1209600.0,264.0,0.0,2.0,0.0,1626.24,189.12,2005.44,0.0,8.0,0.0,0.0,0.0,456.0,3202.0,894.0,122.0,0.0,0.0,0.0,0.0,4.0,21326.0,,926.0,12.0,18.0,12.0,18.0,980.0,2096.0,564.0,48.0,0.0,4.0,42.0,1872.0,64.0,0.0,0.0,0.0,0.0,1970.0,44.0,76.0,0.0,0.0,30.0,216.0,0.0,0.0,0.0,0.0,160.0,0.0,0.0,86.0,86.0,46.0,14.0,500.0,50.0,7354.0,4.0,0.0,0.0,0.0,51.74,40.0,3256.0,1260.0,48.0,12.0,12.0,30.0,26.0,30.0,0.0,0.0,0.0,0.0
pos,1966698,,,,,,0.0,191578.0,3136002.0,26729816.0,51446956.0,40430992.0,12576050.0,1506294.0,25336.0,0.0,44252714.0,7226.0,112.0,,11031592.0,15592758.0,99923032.0,99069442.0,26895482.0,10574754.0,,0.0,0.0,0.0,,,0.0,0.0,0.0,0.0,0.0,0.0,53126.0,64691050.0,71298848.0,0.0,1484346.0,392776.0,296496.0,2695006.0,47156390.0,84018010.0,0.0,0.0,0.0,0.0,29010198.0,50592530.0,23973416.0,11129984.0,6275286.0,4693242.0,5342596.0,5012440.0,13332.0,0.0,137848294.0,,,,,44252714.0,1774800.0,9286572.0,17587962.0,348580.0,341360.0,346860.0,279800.0,207020.0,248520.0,180360.0,173080.0,340520.0,1966697.43,137848294.0,137848294.0,138474946.0,790278.0,,,1075260.0,136043024.0,1209600.0,,,,,106082263.68,21905954.88,8084008.32,548.0,1410.0,387114.0,9316026.0,40420570.0,49074288.0,28950136.0,7506068.0,320868.0,61438.0,6490.0,26.0,,,137848294.0,,42764.0,7882.0,26800620.0,3975650.0,35962182.0,69217550.0,36376.0,0.0,0.0,0.0,6748.0,36420.0,34008750.0,14043126.0,192.0,187006.0,0.0,0.0,43579896.0,,,,,,,,,,,895886.0,,,,,,,,,,,,,,13185.58,18850.0,30464486.0,13728126.0,15055108.0,6799856.0,17299726.0,39040328.0,10179726.0,3231988.0,243656.0,24.0,,
neg,32866,0.0,0.0,140.0,0.0,0.0,0.0,0.0,0.0,0.0,64820.0,980884.0,778544.0,106018.0,13240.0,0.0,596580.0,0.0,54.0,0.0,0.0,0.0,2173948.0,2060998.0,782818.0,56088.0,0.0,0.0,0.0,0.0,0.0,0.0,0.0,0.0,0.0,0.0,0.0,18390.0,79902.0,1233592.0,611622.0,0.0,3042.0,3628.0,8862.0,13214.0,24158.0,1408626.0,481976.0,0.0,0.0,0.0,829550.0,364458.0,229036.0,120984.0,87042.0,72914.0,54858.0,60342.0,46044.0,78278.0,2957234.0,0.0,0.0,0.0,0.0,596580.0,17094.0,630710.0,150790.0,311700.0,323480.0,,,,,,,142320.0,32866.31,2957234.0,2957234.0,2943480.0,10833.0,0.0,51552.0,531780.0,1959828.0,1209600.0,0.0,2.0,72.0,0.0,1723718.4,0.0,233189.76,284.0,1002.0,0.0,0.0,76.0,45300.0,262696.0,713544.0,617732.0,190390.0,108488.0,5280.0,14.0,0.0,2957234.0,0.0,4318.0,528.0,153526.0,84350.0,68404.0,1431490.0,187986.0,12820.0,84.0,0.0,90.0,256.0,1733504.0,1118866.0,0.0,4.0,0.0,0.0,1739434.0,0.0,0.0,0.0,0.0,0.0,0.0,0.0,0.0,0.0,0.0,12036.0,0.0,0.0,0.0,0.0,0.0,0.0,0.0,0.0,138.0,0.0,0.0,0.0,0.0,11.46,1162.0,247942.0,233442.0,152324.0,100190.0,150580.0,186812.0,845596.0,26550.0,70.0,0.0,0.0,0.0
neg,158396,,290.0,258.0,0.0,0.0,0.0,0.0,0.0,30058.0,1304564.0,4890852.0,2077500.0,311534.0,41454.0,1108.0,3954182.0,0.0,0.0,0.0,47664.0,78178.0,7742310.0,6909542.0,1288342.0,741420.0,0.0,0.0,298.0,0.0,318.0,2830.0,0.0,0.0,0.0,0.0,0.0,0.0,586670.0,6986298.0,1084102.0,0.0,5162.0,5326.0,7130.0,12732.0,1295006.0,7331710.0,4.0,0.0,0.0,0.0,1771846.0,3713066.0,1294808.0,597584.0,372262.0,257238.0,197490.0,317972.0,132306.0,2498.0,9079536.0,3482.0,8812.0,38552.0,8.0,3954182.0,94116.0,690768.0,591632.0,159900.0,160340.0,156840.0,175460.0,180740.0,162440.0,185940.0,,92240.0,158396.95,9079536.0,9079536.0,9100816.0,51107.0,1604.0,50530.0,596900.0,8657070.0,1209600.0,182340.0,8.0,86.0,0.0,7603479.36,71.04,1046841.6,14.0,1016.0,0.0,2002.0,300572.0,2532060.0,3268112.0,2039986.0,474224.0,36302.0,3712.0,100.0,1000.0,1012.0,9079536.0,,6764.0,1290.0,754174.0,310488.0,7136982.0,447292.0,80.0,0.0,0.0,0.0,214.0,5630.0,7178460.0,4194120.0,0.0,720.0,0.0,0.0,7659604.0,5622.0,1006.0,0.0,0.0,10.0,76.0,0.0,0.0,0.0,0.0,49930.0,41310.0,23936.0,16560566.0,2139214.0,187022.0,31124.0,12354120.0,1278284.0,8900800.0,402.0,0.0,0.0,0.0,2380.46,3084.0,1086084.0,696014.0,618698.0,393282.0,861536.0,506200.0,1173296.0,3280344.0,41616.0,0.0,0.0,0.0
pos,793442,,2666.0,,0.0,0.0,0.0,0.0,0.0,0.0,1091408.0,36395976.0,27314780.0,2361788.0,139112.0,4058.0,31360402.0,0.0,50.0,0.0,708.0,1788.0,56352374.0,45987084.0,16194986.0,8973234.0,0.0,0.0,0.0,0.0,14710.0,2930.0,33606.0,16440.0,24045160.0,9357904.0,12106040.0,21341018.0,152692.0,111230.0,143032.0,0.0,123632.0,49750.0,44480.0,55604.0,255518.0,66762088.0,7154.0,5686.0,408.0,2802.0,36674656.0,6325690.0,6260340.0,5163832.0,5228174.0,4650052.0,2818460.0,185918.0,0.0,0.0,72557386.0,3562.0,2176.0,2618.0,94.0,31360402.0,979482.0,8655490.0,7517890.0,281720.0,282740.0,259560.0,264360.0,274720.0,276880.0,282740.0,298960.0,248540.0,793442.02,72557370.0,72557370.0,71734236.0,315470.0,14994.0,27620.0,1076820.0,67307174.0,1209600.0,0.0,,,,60780545.28,0.0,6458410.56,16.0,23548.0,0.0,0.0,10442.0,5189004.0,35664566.0,23336894.0,2640484.0,388882.0,74802.0,2048.0,,126.0,72557370.0,,133114.0,21642.0,5545336.0,3016688.0,10902488.0,39786808.0,7876430.0,24526.0,90.0,0.0,,,,,,,,,,7668.0,198.0,0.0,0.0,0.0,0.0,0.0,0.0,0.0,0.0,660906.0,11416.0,1456.0,0.0,0.0,165472.0,19006.0,21109300.0,2166640.0,2282958.0,144280.0,0.0,0.0,5341620.0,33688.58,35692.0,6774788.0,24312704.0,13049380.0,9277306.0,13810534.0,69876.0,6898.0,2858.0,2724.0,54.0,0.0,0.0
neg,39224,,2130706432.0,194.0,0.0,0.0,0.0,0.0,0.0,0.0,13546.0,604916.0,1339676.0,633866.0,75548.0,2180.0,1029804.0,0.0,0.0,0.0,0.0,0.0,2277694.0,1818204.0,678438.0,358640.0,0.0,0.0,0.0,0.0,148.0,52.0,0.0,0.0,0.0,0.0,0.0,301136.0,2166462.0,202134.0,0.0,0.0,2726.0,1086.0,1420.0,1900.0,57658.0,2604502.0,440.0,0.0,0.0,0.0,945132.0,630658.0,181716.0,123214.0,93290.0,84478.0,145752.0,456338.0,9154.0,0.0,2956948.0,26.0,320.0,132.0,8.0,1029804.0,29192.0,313064.0,362336.0,254900.0,303660.0,,,,,,,111580.0,39224.03,2956948.0,2956948.0,2955358.0,18890.0,2614.0,46390.0,529000.0,2669732.0,1209600.0,88550.0,2.0,866.0,0.0,2144602.56,0.0,522293.76,0.0,1094.0,0.0,0.0,0.0,180322.0,828760.0,1213942.0,396578.0,42584.0,7438.0,108.0,64.0,108.0,2956948.0,,6606.0,1068.0,245276.0,254108.0,144470.0,1400092.0,590220.0,27604.0,278.0,10.0,340.0,146.0,2138354.0,64590.0,0.0,344.0,0.0,10.0,2189482.0,2988.0,1206.0,0.0,0.0,0.0,0.0,0.0,0.0,0.0,0.0,20278.0,44660.0,18428.0,0.0,0.0,52592.0,11904.0,5002460.0,513740.0,1607278.0,4208.0,0.0,0.0,7848340.0,1741.38,2016.0,552980.0,424236.0,269568.0,132052.0,273550.0,272330.0,215790.0,190348.0,337518.0,1360.0,0.0,0.0
neg,40922,,1248.0,1066.0,0.0,0.0,0.0,0.0,0.0,0.0,17666.0,287666.0,1589294.0,1360030.0,248478.0,27732.0,1531066.0,0.0,0.0,0.0,0.0,0.0,3189624.0,2814362.0,602688.0,319124.0,0.0,0.0,0.0,0.0,5822.0,998.0,0.0,0.0,0.0,0.0,0.0,10664.0,901162.0,2612090.0,6950.0,0.0,2262.0,1362.0,2110.0,404556.0,2280328.0,838252.0,1996.0,0.0,0.0,0.0,1388238.0,702954.0,274058.0,243018.0,264000.0,329852.0,305678.0,22124.0,944.0,0.0,3792978.0,88.0,446.0,438.0,80.0,1531066.0,39712.0,324990.0,275318.0,179180.0,180420.0,210380.0,,,,,,26360.0,40921.22,3792978.0,3792978.0,3792876.0,21851.0,15294.0,12534.0,157600.0,3530866.0,1209600.0,115980.0,0.0,72.0,0.0,2730120.96,0.0,798511.68,0.0,0.0,0.0,0.0,724.0,94788.0,410910.0,1647996.0,1246162.0,121622.0,8028.0,636.0,0.0,4.0,3792978.0,,4678.0,616.0,180674.0,468314.0,255436.0,2098704.0,501434.0,20806.0,204.0,0.0,1742.0,2658.0,2764580.0,74956.0,0.0,514.0,0.0,30.0,2780434.0,2536.0,830.0,0.0,0.0,0.0,0.0,0.0,0.0,0.0,0.0,19762.0,44840.0,6686.0,0.0,0.0,74198.0,18572.0,71640.0,12084.0,2884840.0,2400.0,0.0,0.0,10921220.0,1140.58,1278.0,827594.0,917722.0,473502.0,218004.0,365612.0,259872.0,181388.0,125016.0,159664.0,2492.0,0.0,0.0
neg,59420,,108.0,,0.0,0.0,0.0,0.0,0.0,0.0,115860.0,1784018.0,1442962.0,52708.0,0.0,0.0,1808082.0,0.0,0.0,0.0,2310.0,3574.0,3077876.0,2764000.0,422342.0,233964.0,0.0,0.0,0.0,0.0,330.0,136.0,0.0,0.0,0.0,0.0,0.0,0.0,36650.0,4698.0,3354200.0,0.0,5852.0,2682.0,3030.0,4482.0,167896.0,3081564.0,130042.0,0.0,0.0,0.0,865676.0,684664.0,497336.0,462446.0,293694.0,151336.0,104414.0,192144.0,132644.0,11194.0,3503426.0,13932.0,6624.0,18460.0,80.0,1808082.0,40108.0,132534.0,288438.0,128900.0,166860.0,1310700.0,1310700.0,1310700.0,1310700.0,1310700.0,1310700.0,118780.0,59420.09,3503426.0,3503426.0,3449352.0,24136.0,95054.0,102082.0,1074700.0,3395548.0,1209600.0,71292.0,,,,2979062.4,0.0,411995.52,,,0.0,0.0,27456.0,1121938.0,1925072.0,282756.0,30954.0,6616.0,756.0,0.0,,8.0,3503426.0,,4680.0,676.0,181744.0,120530.0,166000.0,2781922.0,135736.0,4260.0,0.0,0.0,128.0,500.0,1298446.0,1023040.0,0.0,36790.0,0.0,0.0,2722368.0,2266.0,68.0,0.0,0.0,0.0,0.0,0.0,0.0,0.0,0.0,23096.0,47702.0,10586.0,0.0,0.0,63956.0,12806.0,1871440.0,608640.0,0.0,0.0,0.0,0.0,577530.0,,,442694.0,342034.0,295676.0,195302.0,390848.0,422248.0,515984.0,409404.0,379800.0,1558.0,0.0,0.0
pos,377724,,2042.0,,0.0,0.0,0.0,1796.0,249580.0,2774426.0,12865956.0,15999028.0,7718002.0,2486692.0,442080.0,4936.0,,,,,,,,,,,0.0,,,,11836.0,50.0,0.0,0.0,0.0,0.0,0.0,186.0,1900706.0,26574650.0,14066954.0,0.0,12838.0,3084.0,4978.0,10194.0,414396.0,42096850.0,156.0,0.0,0.0,0.0,18612812.0,13676400.0,3367696.0,2020520.0,1288592.0,920490.0,721474.0,903366.0,725680.0,305466.0,,23404.0,12442.0,8760.0,210.0,,,,,,,,,,,,,,377724.18,,,44639024.0,187223.0,283796.0,,,42542496.0,,0.0,,,,28360037.76,9924863.04,4236795.84,52224.0,,27518.0,1081858.0,5393158.0,15211562.0,13624550.0,6488002.0,666480.0,44750.0,4590.0,28.0,,130.0,,,18750.0,5516.0,7340160.0,8352966.0,15777106.0,10937062.0,110936.0,0.0,0.0,0.0,,,,,,,,,,42508.0,3080.0,0.0,0.0,2780.0,10382708.0,0.0,0.0,0.0,0.0,,163134.0,34596.0,107436570.0,10954956.0,1646328.0,179460.0,120619560.0,13309402.0,520072.0,1015490.0,0.0,0.0,44661970.0,0.4,0.0,14368448.0,10352662.0,7917648.0,2747694.0,4001644.0,625530.0,729666.0,1765316.0,33888.0,0.0,0.0,0.0
neg,36148,,2130706434.0,144.0,0.0,0.0,0.0,0.0,0.0,0.0,9352.0,1272536.0,1141052.0,161346.0,4678.0,0.0,1160464.0,0.0,0.0,0.0,0.0,0.0,2292790.0,1936338.0,467024.0,300110.0,0.0,0.0,0.0,0.0,300.0,180.0,0.0,0.0,0.0,0.0,0.0,0.0,1554144.0,1034812.0,8.0,0.0,1734.0,528.0,654.0,824.0,20068.0,2563368.0,1788.0,0.0,0.0,0.0,820386.0,486186.0,234652.0,188396.0,161466.0,163112.0,411562.0,123204.0,0.0,0.0,2760444.0,0.0,64.0,100.0,104.0,1160464.0,41370.0,270098.0,195834.0,198340.0,211340.0,,,,,,,51080.0,36148.93,2760444.0,2760444.0,2763266.0,14557.0,1110.0,30238.0,334880.0,2588964.0,1209600.0,122716.0,2.0,44.0,0.0,2241155.52,0.0,344841.6,0.0,374.0,0.0,0.0,0.0,158102.0,1007234.0,1053014.0,337604.0,25952.0,6768.0,290.0,8.0,26.0,2760444.0,,4074.0,626.0,9850.0,300266.0,150770.0,1801188.0,319550.0,2638.0,2.0,0.0,214.0,376.0,2252540.0,26176.0,0.0,5900.0,0.0,10.0,2262300.0,2490.0,200.0,0.0,0.0,0.0,0.0,0.0,0.0,0.0,0.0,21466.0,32328.0,16988.0,0.0,0.0,85592.0,20736.0,2754240.0,289442.0,0.0,0.0,0.0,0.0,0.0,1171.04,1378.0,374040.0,624458.0,401256.0,140492.0,249316.0,223634.0,240114.0,169408.0,165584.0,662.0,0.0,0.0
neg,1598,,0.0,,0.0,0.0,0.0,0.0,0.0,0.0,196.0,27464.0,135378.0,7714.0,0.0,0.0,69032.0,0.0,0.0,0.0,0.0,0.0,167452.0,147736.0,39486.0,6956.0,0.0,0.0,0.0,0.0,0.0,0.0,0.0,0.0,0.0,0.0,0.0,0.0,35510.0,133688.0,1554.0,0.0,5668.0,2378.0,2310.0,3036.0,24886.0,131484.0,960.0,28.0,0.0,2.0,130510.0,27476.0,8234.0,2916.0,844.0,240.0,490.0,42.0,0.0,0.0,207052.0,314.0,478.0,112.0,10.0,69032.0,1810.0,15946.0,23378.0,1310700.0,1310700.0,1310700.0,1310700.0,1310700.0,1310700.0,1310700.0,1310700.0,38400.0,1598.44,207052.0,207052.0,203540.0,405.0,2468.0,16770.0,205860.0,170752.0,1209600.0,0.0,,,,91776.0,0.0,46115.52,,,0.0,0.0,0.0,13564.0,92200.0,62322.0,2338.0,284.0,44.0,0.0,,0.0,207052.0,,1908.0,66.0,3824.0,9366.0,27784.0,93450.0,31664.0,2686.0,4.0,0.0,,,,,,,,,,290.0,46.0,0.0,0.0,0.0,0.0,0.0,0.0,0.0,0.0,1292.0,400.0,68.0,0.0,0.0,3580.0,578.0,189920.0,22572.0,0.0,826.0,0.0,0.0,591410.0,,,49360.0,52036.0,6432.0,1554.0,3334.0,57242.0,778.0,16.0,0.0,0.0,0.0,0.0
neg,1288,0.0,14.0,,0.0,0.0,0.0,0.0,0.0,0.0,78.0,23804.0,85898.0,3552.0,0.0,0.0,50430.0,0.0,0.0,0.0,0.0,0.0,118468.0,106170.0,23342.0,5660.0,0.0,0.0,0.0,0.0,0.0,0.0,0.0,0.0,0.0,0.0,0.0,0.0,0.0,75490.0,37842.0,0.0,1766.0,34.0,34.0,112.0,6712.0,104674.0,0.0,0.0,0.0,0.0,56420.0,23402.0,15130.0,8716.0,4610.0,2222.0,1530.0,1278.0,24.0,0.0,141912.0,20.0,12.0,20.0,0.0,50430.0,1388.0,12334.0,10804.0,,,,,,,,,22520.0,1288.95,141912.0,141912.0,142938.0,432.0,964.0,13702.0,140980.0,113602.0,1209600.0,0.0,,,,75681.6,22865.28,13632.96,4.0,38.0,0.0,0.0,0.0,2968.0,37922.0,54014.0,17978.0,348.0,90.0,12.0,,46.0,141912.0,0.0,1574.0,84.0,12476.0,8458.0,9792.0,29176.0,47284.0,4342.0,146.0,0.0,,,,,,,,,,348.0,66.0,0.0,0.0,0.0,0.0,0.0,0.0,2610.0,23680.0,1046.0,390.0,68.0,0.0,0.0,2758.0,356.0,166240.0,17680.0,0.0,0.0,0.0,0.0,289000.0,435.74,262.0,38346.0,15808.0,9708.0,5022.0,14942.0,15022.0,11210.0,2970.0,304.0,0.0,0.0,0.0
pos,1134216,,24.0,,0.0,0.0,0.0,0.0,0.0,0.0,16488.0,1686686.0,1296034.0,204228.0,57970.0,0.0,31280930.0,0.0,0.0,0.0,1924994.0,2779788.0,53818552.0,49568202.0,10789032.0,4938742.0,0.0,0.0,4014.0,0.0,100.0,14.0,0.0,0.0,0.0,0.0,0.0,13484.0,70934.0,290430.0,2886558.0,0.0,2094.0,1714.0,2754.0,6792.0,147634.0,3100418.0,0.0,0.0,0.0,0.0,923702.0,1356082.0,549540.0,170428.0,87074.0,66100.0,61002.0,34576.0,11784.0,1118.0,66541322.0,170.0,1902.0,1738.0,0.0,31280930.0,800234.0,5128688.0,5629758.0,391640.0,439540.0,329540.0,265960.0,222660.0,186580.0,299040.0,204900.0,358180.0,1134216.48,66541322.0,66541322.0,3546054.0,18541.0,63794.0,43494.0,1112400.0,3261406.0,1209600.0,0.0,,,,53070751.68,0.0,10384482.24,0.0,38.0,0.0,0.0,0.0,572004.0,1648996.0,854422.0,174740.0,9698.0,1518.0,28.0,,0.0,66541322.0,,2496.0,420.0,251478.0,278708.0,672102.0,2054452.0,1750.0,0.0,0.0,0.0,,,,,,,,,,1750.0,284.0,0.0,0.0,0.0,0.0,0.0,0.0,0.0,0.0,438078.0,9092.0,2160.0,5147172.0,878446.0,73064.0,11638.0,5808500.0,670714.0,3438556.0,3878.0,0.0,0.0,0.0,798.22,1114.0,499100.0,331248.0,128118.0,68478.0,176414.0,362990.0,400526.0,1260514.0,34014.0,4.0,0.0,0.0
neg,42352,,2130706434.0,540.0,0.0,0.0,0.0,0.0,0.0,0.0,13228.0,777546.0,1543362.0,258588.0,8264.0,0.0,1150808.0,0.0,0.0,0.0,0.0,0.0,2359404.0,2064776.0,398090.0,230304.0,0.0,0.0,0.0,0.0,224.0,542.0,0.0,0.0,0.0,0.0,0.0,142806.0,1722850.0,393860.0,341472.0,0.0,1984.0,722.0,1054.0,1554.0,62202.0,2533258.0,214.0,0.0,0.0,0.0,836822.0,864702.0,328914.0,208052.0,136406.0,92758.0,78672.0,54660.0,2.0,0.0,2758088.0,28.0,50.0,242.0,14.0,1150808.0,30262.0,200762.0,194840.0,169200.0,174820.0,,,,,,,46700.0,42352.71,2758088.0,2758088.0,2753820.0,13075.0,456.0,28968.0,329880.0,2600988.0,1209600.0,81634.0,2.0,106.0,0.0,2342974.08,0.0,255694.08,0.0,228.0,0.0,0.0,0.0,203910.0,1220214.0,1022718.0,130374.0,19940.0,3758.0,74.0,0.0,28.0,2758088.0,,4612.0,642.0,120320.0,133750.0,120170.0,1821760.0,387816.0,11798.0,120.0,0.0,564.0,904.0,2384590.0,16376.0,0.0,88160.0,0.0,18.0,2389660.0,2036.0,184.0,0.0,0.0,0.0,0.0,0.0,0.0,0.0,0.0,18112.0,63212.0,18760.0,0.0,0.0,83384.0,9892.0,9149420.0,916492.0,0.0,0.0,0.0,0.0,41352680.0,1247.32,1408.0,276564.0,393908.0,274624.0,178554.0,422930.0,485822.0,401300.0,131700.0,35536.0,50.0,0.0,0.0
neg,37836,,424.0,364.0,0.0,0.0,0.0,0.0,0.0,0.0,36936.0,1417234.0,1415030.0,193100.0,16266.0,950.0,1273670.0,0.0,0.0,0.0,0.0,0.0,2667288.0,2233322.0,630392.0,339782.0,0.0,0.0,0.0,0.0,498.0,232.0,0.0,0.0,0.0,0.0,0.0,105896.0,2973620.0,0.0,0.0,0.0,2552.0,562.0,1118.0,31812.0,1907174.0,1136164.0,134.0,0.0,0.0,0.0,1309508.0,742980.0,315950.0,223574.0,164644.0,117178.0,93168.0,108022.0,4492.0,0.0,3298664.0,446.0,508.0,690.0,78.0,1273670.0,38804.0,279342.0,346516.0,215800.0,258940.0,,,,,,,146440.0,37835.36,3298664.0,3298664.0,3281598.0,15051.0,3632.0,81254.0,870120.0,3079516.0,1209600.0,111452.0,2.0,172.0,0.0,2574312.96,0.0,501932.16,0.0,0.0,0.0,0.0,0.0,272786.0,1635954.0,1001138.0,149094.0,17258.0,3256.0,30.0,10.0,64.0,3298664.0,,5742.0,920.0,20412.0,402918.0,144610.0,2139438.0,352836.0,12436.0,204.0,0.0,690.0,582.0,2562966.0,56838.0,0.0,10562.0,0.0,46.0,2646936.0,3612.0,344.0,0.0,0.0,0.0,0.0,0.0,0.0,0.0,0.0,22424.0,38926.0,7236.0,0.0,0.0,95962.0,12562.0,368640.0,47332.0,0.0,0.0,0.0,0.0,0.0,1676.66,1882.0,533682.0,685340.0,586498.0,374258.0,608072.0,237706.0,48396.0,5278.0,286.0,0.0,0.0,0.0
neg,1007500,,0.0,248.0,0.0,0.0,0.0,0.0,0.0,0.0,0.0,0.0,0.0,0.0,0.0,0.0,36055496.0,0.0,186.0,0.0,1157150.0,1668006.0,57190900.0,51043254.0,13085396.0,5563352.0,0.0,0.0,0.0,0.0,0.0,0.0,0.0,0.0,0.0,0.0,0.0,0.0,0.0,0.0,0.0,0.0,0.0,0.0,0.0,0.0,0.0,0.0,0.0,0.0,0.0,0.0,0.0,0.0,0.0,0.0,0.0,0.0,0.0,0.0,0.0,0.0,71447148.0,0.0,0.0,0.0,0.0,36055496.0,1149342.0,5084730.0,7977446.0,321960.0,219080.0,221460.0,214400.0,278240.0,249020.0,215140.0,205800.0,235180.0,1007500.59,71447148.0,71447148.0,1104.0,0.0,0.0,10006.0,1156140.0,0.0,1209600.0,0.0,0.0,316.0,0.0,56232857.28,0.0,10637841.6,0.0,0.0,0.0,0.0,0.0,0.0,0.0,0.0,0.0,0.0,0.0,0.0,112.0,0.0,71447148.0,,0.0,0.0,0.0,0.0,0.0,0.0,0.0,0.0,0.0,0.0,244.0,402.0,2205966.0,501828.0,0.0,104.0,0.0,0.0,2274142.0,0.0,0.0,0.0,0.0,0.0,0.0,0.0,0.0,0.0,0.0,490822.0,0.0,0.0,0.0,0.0,0.0,0.0,0.0,0.0,0.0,0.0,0.0,0.0,0.0,0.0,0.0,0.0,0.0,0.0,0.0,0.0,0.0,0.0,0.0,0.0,0.0,0.0,0.0
neg,48586,,0.0,,0.0,0.0,0.0,0.0,0.0,0.0,91382.0,1583622.0,1436826.0,137418.0,592.0,0.0,1470826.0,0.0,0.0,0.0,264.0,430.0,2839138.0,2391400.0,532930.0,355896.0,0.0,0.0,0.0,0.0,0.0,0.0,0.0,0.0,0.0,0.0,0.0,13670.0,2634072.0,381944.0,220154.0,0.0,2638.0,526.0,934.0,30244.0,2263800.0,951336.0,362.0,0.0,0.0,0.0,1182582.0,774214.0,352742.0,257990.0,201578.0,164796.0,178864.0,119184.0,17626.0,264.0,3373392.0,0.0,6.0,140.0,0.0,1470826.0,51332.0,190110.0,341534.0,184540.0,199860.0,,,,,,,138980.0,48586.03,3373392.0,3373392.0,3355778.0,12654.0,908200.0,87490.0,943320.0,3249840.0,1209600.0,0.0,,,,2694000.0,0.0,551459.52,0.0,0.0,0.0,0.0,0.0,332040.0,1467154.0,1127500.0,276642.0,36078.0,9914.0,512.0,,0.0,3373392.0,,6438.0,962.0,3856.0,391094.0,206964.0,1247872.0,1377056.0,15596.0,2.0,0.0,,,,,,,,,,3308.0,90.0,0.0,0.0,0.0,0.0,0.0,0.0,0.0,0.0,26076.0,0.0,0.0,0.0,0.0,0.0,0.0,0.0,0.0,0.0,0.0,0.0,0.0,47586160.0,1932.94,2218.0,594874.0,694826.0,322256.0,127624.0,237206.0,226254.0,217674.0,181174.0,564994.0,82958.0,0.0,0.0
neg,1854,0.0,22.0,10.0,0.0,0.0,0.0,0.0,0.0,0.0,11108.0,71550.0,32148.0,1146.0,0.0,0.0,52626.0,0.0,0.0,0.0,1000.0,1692.0,106386.0,95272.0,154420.0,5258.0,0.0,0.0,0.0,0.0,30.0,28.0,0.0,0.0,0.0,0.0,0.0,0.0,0.0,7190.0,108762.0,0.0,1708.0,438.0,2892.0,1894.0,1114.0,104448.0,3458.0,0.0,0.0,0.0,40948.0,36872.0,17508.0,8528.0,5086.0,3128.0,1784.0,1514.0,254.0,330.0,261884.0,70.0,90.0,46.0,0.0,52626.0,1116.0,140200.0,13388.0,,,,,,,,,153540.0,1854.72,261884.0,261884.0,286882.0,586.0,0.0,25652.0,261080.0,116076.0,1209600.0,2170.0,30.0,26.0,0.0,92496.0,0.0,22440.96,24.0,100.0,0.0,0.0,7152.0,18644.0,63588.0,24464.0,2004.0,80.0,20.0,0.0,2.0,14.0,261884.0,0.0,1344.0,44.0,3868.0,994.0,3234.0,87364.0,17074.0,1960.0,66.0,4.0,16.0,124.0,91486.0,27498.0,0.0,0.0,0.0,0.0,94130.0,214.0,70.0,0.0,0.0,0.0,0.0,0.0,0.0,0.0,0.0,864.0,480.0,108.0,47756.0,14996.0,1778.0,270.0,1940.0,194.0,4.0,178.0,0.0,0.0,854740.0,239.76,152.0,24536.0,12026.0,4690.0,2514.0,7268.0,14292.0,30622.0,19766.0,238.0,0.0,0.0,0.0
neg,31444,,756.0,690.0,0.0,0.0,0.0,0.0,0.0,0.0,20944.0,1246106.0,741610.0,34834.0,2036.0,0.0,900264.0,0.0,0.0,0.0,0.0,0.0,1870584.0,1633560.0,542558.0,196950.0,0.0,0.0,0.0,0.0,1320.0,282.0,0.0,0.0,0.0,0.0,0.0,14218.0,715686.0,286878.0,1028748.0,0.0,1440.0,250.0,446.0,7648.0,887286.0,1148356.0,104.0,0.0,0.0,0.0,607900.0,650808.0,345590.0,171540.0,98736.0,59572.0,52624.0,56822.0,1938.0,0.0,2413452.0,12.0,132.0,222.0,36.0,900264.0,23694.0,357300.0,183402.0,232400.0,,,,,,,,306440.0,31443.91,2413452.0,2413452.0,2411698.0,11395.0,568.0,117784.0,1199900.0,2045530.0,1209600.0,50686.0,0.0,68.0,0.0,1745621.76,0.0,298148.16,0.0,0.0,0.0,0.0,1296.0,543992.0,1221440.0,251174.0,21928.0,4830.0,870.0,0.0,48.0,60.0,2413452.0,,2784.0,366.0,10404.0,186090.0,66920.0,994228.0,760822.0,23732.0,184.0,0.0,1084.0,966.0,1756046.0,31078.0,0.0,252.0,0.0,34.0,1764586.0,1352.0,174.0,0.0,0.0,0.0,0.0,0.0,0.0,0.0,0.0,12364.0,28342.0,5644.0,0.0,0.0,47300.0,9330.0,40700.0,4852.0,1743008.0,740.0,0.0,0.0,1776210.0,1048.96,862.0,315620.0,266226.0,232222.0,146212.0,356472.0,387238.0,246918.0,77418.0,15524.0,1680.0,0.0,0.0
pos,34752,,2130706432.0,158.0,0.0,0.0,0.0,0.0,0.0,44.0,58770.0,1325152.0,1086792.0,105288.0,6764.0,0.0,1249130.0,23884.0,0.0,0.0,2436.0,6422.0,1985048.0,1342208.0,939512.0,532542.0,0.0,0.0,0.0,0.0,1680.0,208.0,0.0,0.0,0.0,0.0,0.0,0.0,34266.0,1741930.0,806614.0,0.0,2694.0,674.0,1050.0,1788.0,104618.0,2471214.0,772.0,0.0,0.0,0.0,582882.0,750572.0,171288.0,138552.0,121308.0,104686.0,133102.0,394508.0,182194.0,3718.0,2927924.0,74.0,654.0,104.0,92.0,1249130.0,49784.0,446414.0,488626.0,371160.0,383680.0,,,,,,,174560.0,34751.44,2927924.0,2927924.0,2873940.0,22151.0,2728.0,41222.0,498660.0,2582810.0,1209600.0,83694.0,2.0,92.0,0.0,2184456.0,0.0,394807.68,0.0,348.0,0.0,0.0,7842.0,306612.0,1147702.0,949106.0,156170.0,13280.0,1964.0,134.0,80.0,96.0,2927924.0,,6132.0,932.0,39614.0,138566.0,135896.0,1314044.0,907166.0,40194.0,264.0,2.0,188.0,626.0,2173796.0,400.0,0.0,318.0,0.0,32.0,2230166.0,3872.0,682.0,0.0,0.0,0.0,0.0,0.0,0.0,0.0,0.0,40560.0,41446.0,15024.0,0.0,0.0,40936.0,7110.0,2918660.0,374030.0,395800.0,3790.0,0.0,0.0,4751430.0,1906.56,2138.0,424724.0,525062.0,445964.0,226850.0,406512.0,243950.0,149538.0,73928.0,84924.0,1358.0,0.0,0.0
pos,887538,,0.0,,0.0,0.0,0.0,0.0,0.0,52336.0,2013246.0,21848214.0,27032028.0,5192824.0,140828.0,1632.0,29204190.0,111550.0,170.0,,58228.0,99596.0,47957340.0,40793098.0,10242964.0,6005562.0,0.0,0.0,1616.0,0.0,0.0,0.0,0.0,0.0,0.0,0.0,0.0,2181380.0,30778614.0,15018364.0,8302750.0,0.0,105874.0,77494.0,146494.0,444932.0,39580310.0,15924590.0,1396.0,14.0,4.0,0.0,20682462.0,11277916.0,4261706.0,3198156.0,2702298.0,3287568.0,6871482.0,2871852.0,531844.0,595824.0,58269534.0,1846.0,3432.0,6764.0,1830.0,29204190.0,849282.0,4352804.0,5847350.0,371440.0,437120.0,283900.0,214140.0,220020.0,221000.0,308600.0,286180.0,21540.0,887538.29,58269534.0,58269534.0,57351242.0,369596.0,8932172.0,,68080.0,56281108.0,1209600.0,0.0,,,,49405519.68,0.0,6810692.16,0.0,0.0,0.0,0.0,305814.0,7654576.0,25241560.0,19871042.0,2875796.0,273588.0,55304.0,3428.0,,0.0,58269534.0,,55332.0,10762.0,4175070.0,3282142.0,16671190.0,30180646.0,1882746.0,23220.0,0.0,0.0,,,,,,,,,,42222.0,1566.0,,,,,,,,,504714.0,863100.0,192032.0,191706818.0,50137662.0,2824742.0,362246.0,48118180.0,11227620.0,0.0,905160.0,0.0,0.0,,21129.84,24258.0,7196786.0,8641228.0,6860022.0,3672004.0,8052910.0,9006720.0,8751696.0,2986472.0,1110326.0,2944.0,0.0,0.0
neg,28596,,0.0,,0.0,0.0,0.0,0.0,0.0,0.0,1410.0,164090.0,1414320.0,361732.0,9744.0,0.0,932136.0,0.0,122.0,,0.0,0.0,1747782.0,1539104.0,333634.0,152106.0,0.0,0.0,0.0,0.0,0.0,0.0,0.0,0.0,0.0,0.0,0.0,15224.0,942888.0,878608.0,114576.0,0.0,6872.0,3290.0,3648.0,7426.0,824622.0,1105430.0,8.0,0.0,0.0,0.0,971810.0,326542.0,160286.0,115354.0,88902.0,102614.0,134906.0,50520.0,362.0,0.0,2081780.0,176.0,372.0,510.0,20.0,932136.0,19804.0,120940.0,211342.0,212760.0,0.0,0.0,0.0,0.0,0.0,0.0,0.0,115660.0,28595.41,2081780.0,2081780.0,,10513.0,88670.0,,866360.0,,1209600.0,0.0,,,,1688364.48,9441.6,247902.72,,,0.0,0.0,0.0,54352.0,833806.0,876558.0,155432.0,26096.0,4964.0,88.0,,0.0,2081780.0,,3480.0,436.0,114944.0,150710.0,131344.0,1222534.0,319904.0,7906.0,38.0,0.0,,,,,,,,,,1790.0,150.0,,,,,,,,,12320.0,21972.0,4414.0,0.0,0.0,50478.0,6408.0,4494480.0,545452.0,0.0,0.0,0.0,0.0,,,,275928.0,406050.0,197276.0,137720.0,369560.0,201864.0,128164.0,81786.0,144208.0,8740.0,0.0,0.0
neg,31238,,,,0.0,0.0,0.0,0.0,0.0,0.0,2424.0,286244.0,1424004.0,108214.0,52.0,0.0,641142.0,0.0,0.0,,0.0,0.0,1638804.0,1465438.0,424878.0,114166.0,0.0,0.0,0.0,0.0,0.0,0.0,0.0,0.0,0.0,0.0,0.0,15522.0,836614.0,610130.0,358672.0,0.0,3082.0,1982.0,5318.0,8056.0,245826.0,1552520.0,4154.0,0.0,0.0,0.0,648418.0,314194.0,140684.0,109630.0,93352.0,108126.0,308262.0,98272.0,0.0,0.0,2064376.0,116.0,614.0,586.0,202.0,641142.0,22934.0,264592.0,154818.0,268460.0,0.0,0.0,0.0,0.0,0.0,0.0,0.0,148340.0,31237.9,2064376.0,2064376.0,,13372.0,173156.0,,844060.0,,1209600.0,0.0,,,,1641038.4,0.0,175667.52,,,0.0,0.0,0.0,76218.0,994038.0,719058.0,24052.0,5948.0,1598.0,26.0,,0.0,2064376.0,,3044.0,346.0,62588.0,56724.0,123062.0,1305460.0,262482.0,7232.0,0.0,0.0,,,,,,,,,,1106.0,76.0,,,,,,,,,13610.0,29256.0,5442.0,0.0,0.0,55892.0,8214.0,1819920.0,733824.0,0.0,0.0,0.0,0.0,,,,184672.0,265764.0,236878.0,115896.0,263634.0,200746.0,163488.0,112316.0,259602.0,17942.0,0.0,0.0
neg,40860,,0.0,,0.0,0.0,0.0,0.0,0.0,0.0,18106.0,1185272.0,1404858.0,156146.0,2850.0,0.0,1398258.0,0.0,0.0,0.0,0.0,0.0,2274248.0,1841664.0,692400.0,369102.0,0.0,0.0,0.0,0.0,0.0,0.0,0.0,0.0,0.0,0.0,0.0,354.0,627922.0,1427900.0,711056.0,0.0,3520.0,1140.0,1796.0,4562.0,3400.0,2752780.0,32.0,2.0,0.0,0.0,873130.0,813024.0,184244.0,127020.0,118274.0,209332.0,439354.0,2854.0,0.0,0.0,2967334.0,0.0,190.0,1054.0,638.0,1398258.0,61798.0,376122.0,314560.0,264860.0,312220.0,,,,,,,108940.0,40860.1,2967334.0,2967334.0,2964424.0,16283.0,254124.0,49728.0,541200.0,2767232.0,1209600.0,0.0,,,,2336232.96,0.0,427152.0,2.0,278.0,0.0,0.0,116.0,136194.0,1115884.0,1209390.0,281156.0,17636.0,5808.0,1048.0,,0.0,2967334.0,,6200.0,616.0,75164.0,287436.0,157552.0,1054420.0,1139280.0,45404.0,1160.0,0.0,,,,,,,,,,2628.0,62.0,0.0,0.0,0.0,0.0,0.0,0.0,0.0,0.0,32838.0,41610.0,6936.0,0.0,0.0,124030.0,26728.0,1693560.0,494312.0,0.0,0.0,0.0,0.0,860100.0,1000.44,1366.0,460546.0,548096.0,314774.0,139630.0,297556.0,297424.0,215868.0,170042.0,313974.0,9322.0,0.0,0.0
neg,248,0.0,78.0,,0.0,0.0,0.0,0.0,0.0,1470.0,10378.0,67726.0,11630.0,0.0,0.0,0.0,,,,,,,,,,,0.0,,,,72.0,110.0,0.0,0.0,0.0,0.0,0.0,0.0,0.0,4902.0,86302.0,0.0,2788.0,430.0,946.0,1856.0,3976.0,45774.0,35434.0,0.0,0.0,0.0,64262.0,18418.0,4506.0,1474.0,926.0,1326.0,232.0,52.0,6.0,2.0,,24.0,30.0,214.0,0.0,,,,,,,,,,,,,,247.75,,,216460.0,208.0,0.0,,,91482.0,,1940.0,,,,19545.6,0.0,69950.4,10.0,102.0,0.0,0.0,6946.0,50238.0,19208.0,11234.0,3516.0,48.0,14.0,0.0,,34.0,,0.0,2476.0,110.0,90.0,3326.0,7866.0,31800.0,43398.0,2132.0,6.0,0.0,,,,,,,,,,174.0,104.0,0.0,0.0,0.0,0.0,0.0,0.0,0.0,0.0,,0.0,0.0,0.0,0.0,870.0,240.0,0.0,0.0,0.0,0.0,0.0,0.0,0.0,462.74,242.0,72346.0,9086.0,2296.0,604.0,1188.0,1282.0,490.0,3912.0,0.0,0.0,0.0,0.0
pos,231098,2.0,10324.0,,0.0,0.0,10.0,144668.0,1669666.0,4090998.0,6480098.0,6199314.0,2542610.0,831372.0,170724.0,6634.0,8994628.0,53076.0,0.0,,1365890.0,3137888.0,13531036.0,10245880.0,11814138.0,3982468.0,2.0,0.0,0.0,0.0,26054.0,2888.0,0.0,0.0,0.0,0.0,0.0,0.0,0.0,4535938.0,17600156.0,0.0,61892.0,40196.0,44908.0,49368.0,81784.0,9676446.0,6453896.0,5158320.0,569284.0,0.0,9639114.0,3643864.0,1795276.0,1129140.0,803632.0,624278.0,528306.0,537550.0,336320.0,3098614.0,26714056.0,5072.0,7036.0,3158.0,362.0,8994628.0,324532.0,5259930.0,6543728.0,773720.0,785540.0,798340.0,653060.0,636520.0,692760.0,665340.0,628200.0,45260.0,231097.07,26714056.0,26714056.0,26401908.0,153852.0,41904.0,,63300.0,22180376.0,1209600.0,807546.0,,,,16051654.08,1689943.68,4407314.88,320.0,9256.0,601922.0,1562916.0,2168836.0,3092442.0,5049128.0,4031656.0,2902170.0,1900816.0,647812.0,178396.0,,3384.0,26714056.0,0.0,46926.0,8836.0,3283682.0,2985132.0,1257694.0,11236140.0,3267098.0,50550.0,36.0,0.0,6312.0,26670.0,5443066.0,1913886.0,7130.0,896784.0,44.0,0.0,14882056.0,42202.0,10774.0,,,,,,,,,259824.0,166492.0,35602.0,33446398.0,4382176.0,838356.0,102614.0,19734360.0,2804930.0,9434202.0,218742.0,0.0,0.0,,,15892.0,6292228.0,5456694.0,2849512.0,1019198.0,2041562.0,3497640.0,804108.0,160270.0,14882.0,0.0,0.0,0.0
neg,1610,0.0,54.0,,0.0,0.0,0.0,0.0,0.0,34.0,39112.0,99202.0,16664.0,472.0,0.0,0.0,60224.0,0.0,0.0,0.0,3122.0,5214.0,150328.0,136530.0,46238.0,7116.0,0.0,0.0,0.0,0.0,34.0,14.0,0.0,0.0,0.0,0.0,0.0,0.0,0.0,18994.0,136490.0,0.0,1826.0,196.0,206.0,188.0,482.0,152370.0,216.0,0.0,0.0,0.0,90236.0,44238.0,10498.0,4248.0,2604.0,1148.0,896.0,710.0,284.0,622.0,199848.0,96.0,54.0,104.0,0.0,60224.0,1466.0,25174.0,20436.0,,,,,,,,,44840.0,1609.91,199848.0,199848.0,194892.0,532.0,114.0,19290.0,198640.0,155680.0,1209600.0,0.0,,,,90105.6,30577.92,33531.84,14.0,88.0,0.0,0.0,12662.0,48990.0,43942.0,31362.0,17600.0,910.0,18.0,0.0,,0.0,199848.0,0.0,1620.0,76.0,2964.0,13322.0,16798.0,28098.0,88222.0,4364.0,20.0,0.0,,,,,,,,,,198.0,52.0,0.0,0.0,360.0,47536.0,0.0,0.0,0.0,0.0,1248.0,148.0,44.0,0.0,0.0,2450.0,350.0,381800.0,38848.0,0.0,0.0,0.0,0.0,609940.0,325.94,244.0,65518.0,16996.0,8332.0,4316.0,8530.0,50814.0,752.0,210.0,16.0,0.0,0.0,0.0
pos,37032,0.0,442.0,422.0,0.0,0.0,0.0,0.0,0.0,17900.0,832638.0,1960706.0,950560.0,505970.0,71006.0,2264.0,1884936.0,0.0,78.0,0.0,12004.0,19178.0,4186288.0,3886794.0,633168.0,267304.0,0.0,0.0,0.0,0.0,454.0,20.0,0.0,0.0,0.0,0.0,0.0,0.0,0.0,885478.0,3455566.0,0.0,6026.0,2676.0,5098.0,10482.0,21680.0,4236294.0,58210.0,578.0,0.0,0.0,2285520.0,932208.0,321420.0,211174.0,147882.0,107072.0,78838.0,62514.0,32178.0,162238.0,4831900.0,1624.0,1334.0,2024.0,6.0,1884936.0,42504.0,271144.0,360050.0,112120.0,97640.0,278800.0,,,,,,138600.0,37031.2,4831900.0,4831900.0,4785114.0,16152.0,38.0,115896.0,1196920.0,4338740.0,1209600.0,89694.0,0.0,156.0,0.0,2182430.4,1509274.56,646343.04,278.0,670.0,0.0,0.0,122642.0,767822.0,1463890.0,1212090.0,360970.0,226382.0,149324.0,37924.0,164.0,220.0,4831900.0,0.0,5718.0,592.0,820706.0,594892.0,619032.0,1481408.0,799732.0,18782.0,182.0,0.0,960.0,30.0,2153706.0,612220.0,58.0,516.0,0.0,0.0,2239032.0,4774.0,2528.0,34710.0,1807288.0,10.0,296.0,0.0,0.0,0.0,0.0,22824.0,8878.0,1764.0,0.0,0.0,101706.0,15484.0,16040.0,1930.0,0.0,0.0,0.0,0.0,8444010.0,1708.76,1582.0,2190312.0,485522.0,300294.0,128040.0,276944.0,443880.0,349154.0,163454.0,3444.0,0.0,0.0,0.0
neg,17858,0.0,84.0,66.0,32.0,302.0,0.0,0.0,24808.0,583926.0,565232.0,59126.0,2668.0,0.0,0.0,0.0,422570.0,0.0,0.0,0.0,205934.0,292578.0,903970.0,955312.0,635592.0,93936.0,0.0,0.0,0.0,0.0,238.0,78.0,0.0,0.0,0.0,0.0,0.0,0.0,11670.0,769726.0,454364.0,0.0,5136.0,2596.0,3402.0,5076.0,11898.0,474154.0,167060.0,566438.0,0.0,0.0,473410.0,363028.0,161952.0,81544.0,49870.0,32980.0,22524.0,18602.0,12810.0,19040.0,1745988.0,606.0,470.0,200.0,22.0,422570.0,15232.0,436626.0,198112.0,415440.0,,,,,,,,217280.0,17858.25,1745988.0,1745988.0,1732102.0,5020.0,0.0,51868.0,533440.0,1236682.0,1209600.0,33174.0,22.0,66.0,0.0,1021359.36,0.0,212982.72,226.0,638.0,8546.0,101884.0,342356.0,218802.0,308138.0,189310.0,53298.0,12344.0,1068.0,14.0,16.0,44.0,1745988.0,0.0,3342.0,290.0,50014.0,124302.0,51370.0,826970.0,169696.0,9526.0,250.0,0.0,204.0,148.0,1020290.0,381506.0,0.0,60.0,0.0,0.0,1045982.0,4684.0,180.0,0.0,0.0,0.0,0.0,0.0,0.0,0.0,0.0,13156.0,4038.0,828.0,514840.0,170274.0,43150.0,5616.0,3020.0,888.0,216866.0,5782.0,0.0,0.0,0.0,849.32,792.0,222572.0,215470.0,139668.0,65130.0,87574.0,124674.0,360254.0,20112.0,278.0,28.0,0.0,2.0
neg,2306,,2130706432.0,18.0,0.0,0.0,0.0,0.0,0.0,0.0,34204.0,70594.0,28008.0,0.0,0.0,0.0,53052.0,0.0,0.0,0.0,0.0,0.0,121056.0,107606.0,17786.0,11116.0,0.0,0.0,0.0,0.0,32.0,24.0,0.0,0.0,0.0,0.0,0.0,6594.0,98100.0,9270.0,18842.0,0.0,58.0,8.0,30.0,28.0,152.0,132348.0,182.0,0.0,0.0,0.0,33538.0,50188.0,22518.0,10932.0,7016.0,5358.0,2630.0,626.0,0.0,0.0,138888.0,0.0,2.0,184.0,0.0,53052.0,1458.0,11816.0,5950.0,,,,,,,,,17580.0,2306.73,138888.0,138888.0,139890.0,456.0,0.0,13728.0,138680.0,132806.0,1209600.0,4056.0,2.0,10.0,0.0,123250.56,0.0,9445.44,0.0,16.0,0.0,0.0,2024.0,56010.0,67522.0,5994.0,862.0,308.0,86.0,0.0,0.0,4.0,138888.0,,144.0,30.0,46.0,6602.0,2200.0,58708.0,64436.0,640.0,0.0,0.0,40.0,134.0,119958.0,63552.0,0.0,12.0,0.0,44.0,124116.0,94.0,36.0,0.0,0.0,0.0,0.0,0.0,0.0,0.0,0.0,808.0,1060.0,832.0,0.0,0.0,2496.0,448.0,86520.0,17638.0,0.0,0.0,0.0,0.0,1306730.0,46.24,56.0,10450.0,14974.0,11932.0,5088.0,18762.0,71578.0,22.0,0.0,0.0,0.0,0.0,0.0
neg,39226,,270.0,236.0,0.0,0.0,0.0,0.0,0.0,17770.0,1357534.0,862576.0,25038.0,0.0,0.0,0.0,1039724.0,0.0,182.0,0.0,56944.0,98884.0,2025296.0,1831914.0,423142.0,168834.0,0.0,0.0,0.0,0.0,160.0,692.0,0.0,0.0,0.0,0.0,0.0,0.0,0.0,980062.0,1282856.0,0.0,3480.0,2088.0,3498.0,8794.0,121906.0,2123152.0,0.0,0.0,0.0,0.0,349476.0,964986.0,504264.0,196062.0,92766.0,53048.0,38600.0,62596.0,1120.0,0.0,2506258.0,966.0,34.0,190.0,10.0,1039724.0,25520.0,219564.0,199342.0,212900.0,192620.0,,,,,,,9240.0,39226.6,2506258.0,2506258.0,2487464.0,11230.0,0.0,2794.0,76380.0,2262918.0,1209600.0,48004.0,0.0,90.0,0.0,2013387.84,0.0,246376.32,2.0,476.0,0.0,3206.0,802156.0,1276470.0,154746.0,20042.0,5446.0,822.0,30.0,0.0,0.0,12.0,2506258.0,,4640.0,738.0,6942.0,123906.0,53752.0,531596.0,1492920.0,48296.0,128.0,0.0,166.0,1514.0,2041616.0,789848.0,0.0,14.0,0.0,0.0,2041644.0,2196.0,396.0,0.0,0.0,0.0,0.0,0.0,0.0,0.0,0.0,16316.0,9272.0,1568.0,3341964.0,473912.0,61852.0,8994.0,360.0,28.0,946962.0,13822.0,0.0,0.0,0.0,1474.5,1546.0,260822.0,311416.0,128854.0,57950.0,143400.0,199064.0,1133908.0,23934.0,3570.0,0.0,0.0,2.0
neg,87608,,,,,,0.0,0.0,0.0,0.0,1942.0,754106.0,4393978.0,1003502.0,11796.0,0.0,2221462.0,0.0,0.0,,0.0,0.0,5059750.0,4459864.0,1179448.0,577556.0,,0.0,0.0,0.0,,,0.0,0.0,0.0,0.0,0.0,88596.0,2311668.0,3423742.0,341318.0,0.0,4262.0,2752.0,3634.0,2702.0,1252722.0,4896714.0,2538.0,0.0,0.0,0.0,2628530.0,931510.0,501496.0,408754.0,360670.0,406962.0,549112.0,350944.0,27342.0,4.0,6239770.0,,,,,2221462.0,75626.0,580522.0,593732.0,254680.0,258720.0,190540.0,202360.0,229360.0,0.0,0.0,0.0,30160.0,87608.3,6239770.0,6239770.0,,39160.0,,,181300.0,,1209600.0,,,,,5354685.12,0.0,807250.56,,,0.0,0.0,0.0,168954.0,2987114.0,2758008.0,218364.0,26418.0,6416.0,50.0,,,6239770.0,,5622.0,798.0,394482.0,303006.0,802430.0,4208280.0,446600.0,4104.0,2.0,0.0,,,,,,,,,,,,,,,,,,,,36080.0,,,,,,,,,,,,,,,,834110.0,1251542.0,1004506.0,563378.0,1071796.0,691170.0,371942.0,182710.0,191458.0,2712.0,,
neg,119792,,2130706432.0,252.0,0.0,0.0,0.0,0.0,0.0,0.0,4254.0,764596.0,5161622.0,1279016.0,52948.0,0.0,3285646.0,0.0,0.0,0.0,0.0,0.0,6553492.0,5803138.0,1024928.0,645546.0,0.0,0.0,0.0,0.0,998.0,398.0,0.0,0.0,0.0,0.0,0.0,77240.0,2436376.0,2524546.0,2224274.0,0.0,6604.0,6270.0,19958.0,185712.0,5339482.0,1704366.0,44.0,0.0,0.0,0.0,1821464.0,2276260.0,835476.0,585280.0,425112.0,331412.0,424270.0,563150.0,12.0,0.0,7579358.0,378.0,910.0,1424.0,12.0,3285646.0,94290.0,618388.0,404732.0,152140.0,136740.0,147120.0,189480.0,162520.0,195460.0,,,30640.0,119791.13,7579358.0,7579358.0,7568644.0,46655.0,1814.0,13300.0,308780.0,7262436.0,1209600.0,128240.0,0.0,54.0,0.0,6474256.32,0.0,677808.96,0.0,0.0,0.0,0.0,0.0,120290.0,2350332.0,3887384.0,855666.0,41686.0,6816.0,262.0,2.0,2.0,7579358.0,,8160.0,1024.0,27888.0,489946.0,203624.0,3688704.0,2792114.0,50140.0,836.0,0.0,380.0,844.0,4312372.0,172548.0,0.0,22364.0,0.0,0.0,4335452.0,2062.0,552.0,0.0,0.0,0.0,0.0,0.0,0.0,0.0,0.0,46400.0,81972.0,32592.0,0.0,0.0,116328.0,30264.0,10536240.0,1070080.0,0.0,0.0,0.0,0.0,1420820.0,2211.04,2380.0,731728.0,1137452.0,870278.0,475744.0,1122474.0,1129042.0,828552.0,449072.0,506978.0,11116.0,0.0,0.0
neg,76972,,2130706432.0,158.0,0.0,0.0,0.0,0.0,0.0,0.0,36954.0,1428810.0,3190606.0,912714.0,52734.0,4494.0,2509722.0,0.0,0.0,0.0,0.0,74.0,5227442.0,4611896.0,950060.0,492716.0,0.0,0.0,426.0,0.0,464.0,90.0,0.0,0.0,0.0,0.0,0.0,173296.0,2152490.0,1339534.0,1960992.0,0.0,7130.0,7194.0,13526.0,26556.0,890874.0,4680886.0,146.0,0.0,0.0,0.0,2135070.0,1259328.0,712108.0,472690.0,353854.0,300952.0,340286.0,52024.0,0.0,0.0,6178608.0,1624.0,86.0,2590.0,38.0,2509722.0,66892.0,564326.0,380342.0,204080.0,163320.0,181680.0,194100.0,177020.0,,,,18460.0,76972.22,6178608.0,6178608.0,6171074.0,30752.0,1048.0,6246.0,115220.0,5626312.0,1209600.0,139456.0,10.0,110.0,0.0,4397010.24,0.0,1224897.6,126.0,1706.0,0.0,0.0,8380.0,296130.0,2381592.0,2330686.0,571862.0,32510.0,4868.0,284.0,14.0,56.0,6178608.0,,7626.0,846.0,53760.0,396570.0,257492.0,3672510.0,1209250.0,27702.0,556.0,0.0,264.0,180.0,4412974.0,756832.0,0.0,96448.0,0.0,10.0,4443810.0,2892.0,228.0,0.0,0.0,0.0,0.0,0.0,0.0,0.0,0.0,43428.0,120092.0,28664.0,0.0,0.0,108040.0,15486.0,16956920.0,1702156.0,0.0,0.0,0.0,0.0,861730.0,2071.58,2062.0,1260594.0,736310.0,672430.0,380978.0,936462.0,1091888.0,400136.0,132866.0,14596.0,52.0,0.0,0.0
neg,1650,0.0,42.0,,0.0,0.0,0.0,0.0,0.0,0.0,30304.0,111148.0,18384.0,0.0,0.0,0.0,66542.0,0.0,0.0,0.0,448.0,826.0,158682.0,138340.0,56600.0,11450.0,0.0,0.0,0.0,0.0,178.0,54.0,0.0,0.0,0.0,0.0,0.0,0.0,1668.0,137594.0,20574.0,0.0,300.0,16.0,44.0,204.0,820.0,12654.0,145798.0,0.0,0.0,0.0,94816.0,25664.0,22220.0,7480.0,3320.0,1894.0,1184.0,1112.0,566.0,1580.0,215832.0,20.0,10.0,22.0,0.0,66542.0,1614.0,35794.0,20010.0,,,,,,,,,55600.0,1650.6,215832.0,215832.0,219322.0,603.0,696.0,20992.0,214700.0,160050.0,1209600.0,0.0,,,,94312.32,29856.96,34685.76,6.0,80.0,0.0,0.0,8958.0,46298.0,58346.0,42930.0,2262.0,1040.0,2.0,0.0,,44.0,215832.0,0.0,1440.0,68.0,3642.0,9550.0,21950.0,51062.0,68838.0,3160.0,126.0,0.0,,,,,,,,,,468.0,92.0,0.0,0.0,1160.0,29888.0,0.0,0.0,0.0,0.0,1220.0,148.0,38.0,0.0,0.0,2978.0,450.0,1403440.0,144408.0,0.0,0.0,0.0,0.0,650620.0,302.72,206.0,66790.0,22916.0,12134.0,2670.0,5582.0,5286.0,10898.0,33560.0,0.0,0.0,0.0,0.0
pos,450898,,0.0,,0.0,0.0,0.0,0.0,0.0,706.0,231190.0,2483332.0,20235570.0,8466604.0,288108.0,14354.0,16051558.0,205542.0,0.0,0.0,944.0,2884.0,25061900.0,19259014.0,7664096.0,5268238.0,0.0,0.0,20434.0,0.0,0.0,0.0,0.0,0.0,0.0,0.0,0.0,312540.0,7839608.0,20075090.0,3492626.0,0.0,49208.0,36484.0,71880.0,159998.0,18161184.0,13240298.0,794.0,16.0,2.0,0.0,11285142.0,4336708.0,2702760.0,2078208.0,1727388.0,1430564.0,2426930.0,4760856.0,957184.0,14124.0,32731380.0,1090.0,2320.0,7466.0,1142.0,16051558.0,560214.0,2798696.0,4845446.0,436040.0,250060.0,287740.0,344620.0,353020.0,354280.0,319180.0,362580.0,6200.0,450897.02,32731380.0,32731380.0,32288368.0,257836.0,3800030.0,78776.0,10980.0,31719864.0,1209600.0,0.0,,,,27686962.56,0.0,4001889.6,,,0.0,0.0,13016.0,726172.0,9914206.0,17628330.0,3126496.0,256508.0,52380.0,2756.0,,0.0,32731380.0,,25476.0,3674.0,1690822.0,1649074.0,3050394.0,24175486.0,1108766.0,16164.0,8.0,0.0,,,,,,,,,,17654.0,596.0,0.0,0.0,0.0,0.0,0.0,0.0,0.0,0.0,424478.0,389570.0,69874.0,0.0,0.0,930404.0,132234.0,35312040.0,12123412.0,0.0,0.0,0.0,0.0,225030790.0,,,4098926.0,7786022.0,4202386.0,1829996.0,4683422.0,4054020.0,2775010.0,1428742.0,861062.0,278.0,0.0,0.0
neg,7302,,180.0,170.0,0.0,0.0,0.0,0.0,0.0,3752.0,66826.0,223428.0,240358.0,13364.0,1130.0,0.0,246558.0,0.0,0.0,0.0,6336.0,9356.0,456684.0,372208.0,161996.0,75998.0,0.0,0.0,0.0,0.0,670.0,140.0,0.0,0.0,0.0,0.0,0.0,19026.0,360566.0,133028.0,36238.0,0.0,496.0,98.0,102.0,5634.0,220268.0,311698.0,10562.0,0.0,0.0,0.0,178006.0,166310.0,45556.0,25548.0,19216.0,17832.0,29080.0,66972.0,338.0,0.0,625182.0,40.0,98.0,206.0,6.0,246558.0,8466.0,93574.0,66660.0,,,,,,,,,159760.0,7302.58,625182.0,625182.0,624844.0,3422.0,1060.0,61362.0,623320.0,548858.0,1209600.0,16874.0,0.0,26.0,0.0,454147.2,0.0,94142.4,0.0,0.0,0.0,0.0,31220.0,120780.0,187958.0,178336.0,27508.0,2474.0,540.0,42.0,0.0,6.0,625182.0,,954.0,138.0,4032.0,40452.0,23252.0,257790.0,215060.0,7012.0,168.0,0.0,292.0,534.0,417952.0,2580.0,0.0,26.0,0.0,34.0,460000.0,530.0,72.0,0.0,0.0,0.0,14.0,0.0,0.0,0.0,0.0,5010.0,7042.0,1124.0,0.0,0.0,16166.0,2430.0,124240.0,30952.0,0.0,0.0,0.0,0.0,0.0,403.12,342.0,100318.0,107586.0,97906.0,40322.0,77910.0,53522.0,31816.0,15672.0,22192.0,1614.0,0.0,0.0
neg,28716,,302.0,,0.0,0.0,0.0,0.0,0.0,0.0,2788.0,359088.0,1947946.0,709384.0,29582.0,0.0,1436032.0,0.0,50.0,,0.0,0.0,2501020.0,2044206.0,788566.0,367738.0,0.0,0.0,0.0,0.0,292.0,120.0,0.0,0.0,0.0,0.0,0.0,23140.0,1638340.0,884896.0,502412.0,0.0,11268.0,5528.0,8018.0,393616.0,2050374.0,579974.0,10.0,0.0,0.0,0.0,1296996.0,680522.0,215816.0,182468.0,170502.0,140696.0,133978.0,151092.0,73072.0,3646.0,3290334.0,166.0,370.0,666.0,178.0,1436032.0,49712.0,239284.0,542876.0,223600.0,465520.0,0.0,0.0,0.0,0.0,0.0,0.0,90940.0,28715.88,3290334.0,3290334.0,3226794.0,14018.0,85300.0,,862600.0,3048788.0,1209600.0,111046.0,,,,2016431.04,0.0,1027356.48,,,0.0,0.0,0.0,108670.0,825974.0,1597916.0,494808.0,17592.0,3674.0,154.0,,380.0,3290334.0,,3782.0,744.0,309672.0,307846.0,372018.0,1687180.0,350166.0,17380.0,0.0,0.0,132.0,358.0,1397412.0,45038.0,262.0,14240.0,0.0,0.0,1849956.0,5404.0,264.0,0.0,0.0,0.0,0.0,0.0,0.0,0.0,0.0,31394.0,20434.0,4024.0,3543750.0,1125266.0,86390.0,14656.0,1168220.0,214988.0,1148564.0,4926.0,0.0,0.0,1672270.0,,,1060862.0,762196.0,199548.0,79746.0,164172.0,201658.0,175190.0,148702.0,242346.0,14368.0,0.0,0.0
neg,215226,,29426.0,6798.0,0.0,0.0,0.0,0.0,0.0,0.0,14752.0,14084038.0,38929260.0,3259188.0,7016.0,0.0,27789634.0,34732.0,0.0,0.0,0.0,0.0,46826448.0,38664246.0,10614772.0,7782230.0,0.0,0.0,2075458.0,0.0,878.0,84.0,0.0,0.0,0.0,0.0,0.0,49836550.0,6457702.0,0.0,2.0,0.0,24152.0,13594.0,29454.0,48338.0,420462.0,55742146.0,15132.0,426.0,106.0,444.0,37991750.0,8685706.0,3203840.0,2667572.0,1921608.0,1223200.0,598108.0,2470.0,0.0,0.0,57444052.0,76.0,92.0,496.0,1102.0,27789634.0,1156622.0,3686050.0,6917636.0,204120.0,199920.0,217360.0,222060.0,239680.0,243660.0,261940.0,251600.0,89640.0,215226.2,57444052.0,57444052.0,57741898.0,181902.0,3075996.0,32142.0,539760.0,56294254.0,1209600.0,1006458.0,70.0,316.0,0.0,36347520.0,1040174.4,18872921.28,80.0,2888.0,0.0,0.0,0.0,131314.0,3291614.0,27646496.0,23105918.0,2012942.0,98804.0,7166.0,1142.0,1950.0,57444052.0,,41308.0,9032.0,18153808.0,3102464.0,3755968.0,20518904.0,10646554.0,65698.0,518.0,0.0,10278.0,0.0,715440.0,12784.0,0.0,215564.0,0.0,0.0,8308556.0,66488.0,456.0,0.0,0.0,5310.0,429880.0,0.0,0.0,0.0,0.0,605556.0,0.0,0.0,0.0,0.0,440992.0,69666.0,49998820.0,9261884.0,7342816.0,650292.0,0.0,0.0,83607610.0,10299.86,12354.0,21035220.0,34984296.0,221164.0,49792.0,3604.0,164.0,14.0,0.0,0.0,0.0,0.0,0.0
neg,1786,,26.0,26.0,0.0,0.0,0.0,0.0,0.0,0.0,124.0,82824.0,23712.0,0.0,0.0,0.0,36292.0,0.0,0.0,0.0,0.0,0.0,94244.0,82800.0,21574.0,8746.0,0.0,0.0,0.0,0.0,36.0,26.0,0.0,0.0,0.0,0.0,0.0,5714.0,80966.0,4972.0,15008.0,0.0,134.0,46.0,42.0,54.0,320.0,104708.0,1356.0,0.0,0.0,0.0,46028.0,43004.0,11032.0,5578.0,750.0,158.0,84.0,26.0,0.0,0.0,115860.0,4.0,12.0,222.0,0.0,36292.0,1592.0,4772.0,16780.0,,,,,,,,,21320.0,1786.39,115860.0,115860.0,118910.0,354.0,140.0,11392.0,115520.0,106660.0,1209600.0,3854.0,0.0,2.0,0.0,96246.72,55.68,10250.88,0.0,0.0,0.0,0.0,0.0,56386.0,47968.0,1716.0,440.0,134.0,16.0,0.0,0.0,4.0,115860.0,,216.0,20.0,12458.0,10560.0,2122.0,48570.0,30524.0,2082.0,108.0,0.0,44.0,118.0,96382.0,46964.0,0.0,80.0,0.0,64.0,97312.0,84.0,88.0,0.0,0.0,0.0,54.0,0.0,0.0,0.0,0.0,680.0,628.0,158.0,0.0,0.0,3590.0,650.0,6520.0,758.0,0.0,0.0,0.0,0.0,786450.0,81.02,74.0,11126.0,13424.0,8884.0,3800.0,10558.0,58696.0,78.0,16.0,78.0,0.0,0.0,0.0
neg,364,,0.0,,0.0,0.0,0.0,0.0,0.0,0.0,166.0,23976.0,2972.0,0.0,0.0,0.0,10332.0,0.0,0.0,0.0,0.0,0.0,30214.0,27274.0,8408.0,1092.0,0.0,0.0,0.0,0.0,0.0,0.0,0.0,0.0,0.0,0.0,0.0,0.0,21332.0,4600.0,1182.0,0.0,1284.0,20.0,30.0,30.0,66.0,25678.0,6.0,0.0,0.0,0.0,14260.0,7988.0,3300.0,790.0,176.0,122.0,198.0,264.0,16.0,0.0,38632.0,0.0,46.0,16.0,0.0,10332.0,344.0,5686.0,2700.0,1310700.0,1310700.0,1310700.0,1310700.0,1310700.0,1310700.0,1310700.0,1310700.0,8260.0,363.6,38632.0,38632.0,43524.0,90.0,462.0,3758.0,38440.0,27114.0,1209600.0,0.0,,,,20929.92,0.0,4939.2,,,0.0,0.0,0.0,19812.0,6750.0,492.0,44.0,16.0,0.0,0.0,,4.0,38632.0,,1250.0,10.0,662.0,886.0,992.0,6050.0,16574.0,688.0,2.0,0.0,,,,,,,,,,72.0,20.0,0.0,0.0,0.0,0.0,0.0,0.0,0.0,0.0,204.0,6.0,2.0,0.0,0.0,460.0,114.0,34880.0,3620.0,0.0,0.0,0.0,0.0,0.0,,,6554.0,4384.0,1264.0,264.0,356.0,14290.0,2.0,0.0,0.0,0.0,0.0,0.0
neg,38892,,128.0,98.0,0.0,0.0,0.0,0.0,0.0,0.0,47150.0,1374986.0,1030442.0,88968.0,3200.0,0.0,1135584.0,0.0,0.0,0.0,0.0,0.0,2089506.0,1588288.0,942772.0,436846.0,0.0,0.0,0.0,0.0,598.0,150.0,0.0,0.0,0.0,0.0,0.0,41544.0,1190450.0,551786.0,760966.0,0.0,2092.0,930.0,1976.0,11294.0,989342.0,1520376.0,18734.0,2.0,0.0,0.0,631684.0,761086.0,257850.0,167440.0,123430.0,103704.0,137768.0,359416.0,2368.0,0.0,3032862.0,20.0,32.0,264.0,10.0,1135584.0,48154.0,660590.0,280872.0,274820.0,538220.0,,,,,,,123980.0,38891.39,3032862.0,3032862.0,3033302.0,17975.0,5428.0,56220.0,606940.0,2544746.0,1209600.0,86534.0,0.0,148.0,0.0,2266284.48,0.0,276411.84,0.0,0.0,0.0,0.0,1052.0,266270.0,1479942.0,686226.0,98216.0,10508.0,2496.0,36.0,60.0,70.0,3032862.0,,4350.0,512.0,34464.0,156536.0,93578.0,1275018.0,935126.0,44678.0,484.0,0.0,202.0,410.0,2151760.0,137466.0,12.0,32906.0,0.0,0.0,2289308.0,1794.0,250.0,0.0,0.0,0.0,16.0,0.0,0.0,0.0,0.0,27632.0,35668.0,8000.0,0.0,0.0,119116.0,19466.0,155300.0,34812.0,0.0,0.0,0.0,0.0,636680.0,1296.82,1292.0,303158.0,436950.0,428738.0,182212.0,337240.0,340144.0,325296.0,154518.0,36490.0,0.0,0.0,0.0
neg,41898,,44.0,42.0,0.0,0.0,0.0,0.0,0.0,0.0,21206.0,1331536.0,706874.0,117388.0,5010.0,0.0,1040746.0,0.0,0.0,0.0,0.0,0.0,2013488.0,1807248.0,593882.0,166352.0,0.0,0.0,0.0,0.0,58.0,580.0,0.0,0.0,0.0,0.0,0.0,0.0,22594.0,748364.0,1411056.0,0.0,2174.0,2302.0,2474.0,3504.0,188500.0,1983056.0,4.0,0.0,0.0,0.0,391294.0,907382.0,373426.0,169728.0,87978.0,54068.0,46118.0,125964.0,26056.0,0.0,2607644.0,456.0,698.0,5464.0,4.0,1040746.0,24708.0,455730.0,136654.0,282260.0,269340.0,,,,,,,38720.0,41898.41,2607644.0,2607644.0,2607812.0,12756.0,7558.0,16294.0,184560.0,2182014.0,1209600.0,54640.0,0.0,78.0,0.0,1968280.32,0.0,208736.64,6.0,448.0,0.0,0.0,0.0,703224.0,988116.0,434596.0,44820.0,9642.0,1600.0,16.0,0.0,1410.0,2607644.0,,3262.0,354.0,5092.0,181056.0,42390.0,510134.0,1422608.0,16830.0,288.0,0.0,24.0,1142.0,1933678.0,1020738.0,614.0,2264.0,0.0,0.0,1955958.0,1432.0,274.0,0.0,0.0,0.0,0.0,0.0,0.0,0.0,0.0,11982.0,9386.0,2560.0,4109032.0,749340.0,49702.0,9398.0,34120.0,18856.0,2125152.0,7926.0,0.0,0.0,40898420.0,759.36,776.0,223884.0,210288.0,125812.0,50590.0,96876.0,199160.0,254468.0,985114.0,35822.0,0.0,0.0,0.0
neg,47516,,190.0,150.0,0.0,0.0,0.0,0.0,0.0,0.0,28852.0,868500.0,1555452.0,610540.0,54708.0,4870.0,1365112.0,0.0,0.0,0.0,1898.0,3620.0,2837566.0,2527316.0,394786.0,250470.0,0.0,0.0,0.0,0.0,266.0,138.0,0.0,0.0,0.0,0.0,0.0,66690.0,1283974.0,1524544.0,247714.0,0.0,4650.0,5666.0,10406.0,336134.0,2293902.0,471622.0,542.0,0.0,0.0,0.0,1046566.0,818884.0,304020.0,212588.0,160318.0,136222.0,166160.0,275452.0,2712.0,0.0,3234986.0,246.0,356.0,378.0,16.0,1365112.0,37362.0,203942.0,189896.0,134720.0,160360.0,,,,,,,92960.0,47515.9,3234986.0,3234986.0,3235184.0,19732.0,10252.0,77508.0,808000.0,3122922.0,1209600.0,88708.0,0.0,86.0,0.0,2755491.84,0.0,364125.12,0.0,0.0,0.0,0.0,3878.0,242034.0,1015866.0,1312626.0,507326.0,36906.0,4038.0,248.0,580.0,586.0,3234986.0,,5786.0,576.0,82090.0,175624.0,140230.0,1862006.0,824072.0,32382.0,156.0,0.0,234.0,378.0,1807490.0,80548.0,0.0,30716.0,0.0,0.0,2782892.0,2160.0,196.0,0.0,0.0,0.0,0.0,0.0,0.0,0.0,0.0,19316.0,42184.0,7302.0,0.0,0.0,109132.0,19094.0,2830960.0,379998.0,0.0,0.0,0.0,0.0,1802120.0,1305.12,1460.0,387556.0,595824.0,427266.0,220296.0,457710.0,419890.0,254304.0,144582.0,203072.0,12422.0,0.0,0.0
neg,4,0.0,8.0,6.0,0.0,0.0,0.0,0.0,0.0,0.0,262.0,730.0,2316.0,0.0,0.0,0.0,422.0,0.0,0.0,0.0,0.0,0.0,4908.0,3418.0,8120.0,362.0,0.0,0.0,0.0,0.0,0.0,0.0,0.0,0.0,0.0,0.0,0.0,0.0,0.0,1452.0,1856.0,0.0,18.0,0.0,58.0,1116.0,290.0,70.0,1756.0,0.0,0.0,0.0,2370.0,116.0,52.0,38.0,42.0,66.0,490.0,62.0,56.0,16.0,13030.0,0.0,8.0,0.0,0.0,422.0,86.0,7070.0,1038.0,,,,,,,,,8040.0,4.12,13030.0,13030.0,14864.0,18.0,0.0,1264.0,12900.0,3320.0,1209600.0,114.0,2.0,2.0,0.0,685.44,0.0,1167.36,0.0,8.0,0.0,0.0,250.0,390.0,1838.0,830.0,0.0,0.0,0.0,0.0,0.0,0.0,13030.0,0.0,1482.0,2.0,2.0,6.0,0.0,894.0,640.0,252.0,30.0,0.0,4.0,0.0,886.0,112.0,0.0,0.0,0.0,0.0,924.0,16.0,72.0,0.0,0.0,0.0,0.0,0.0,0.0,0.0,0.0,124.0,0.0,0.0,116.0,58.0,10.0,6.0,1840.0,184.0,4240.0,8.0,0.0,0.0,0.0,0.6,16.0,2718.0,430.0,74.0,82.0,4.0,0.0,0.0,0.0,0.0,0.0,0.0,0.0
neg,79104,,1992.0,1054.0,0.0,0.0,0.0,0.0,0.0,0.0,111272.0,2083594.0,2799986.0,786876.0,96762.0,7496.0,2547398.0,0.0,0.0,0.0,714.0,1218.0,4955144.0,3968264.0,1196854.0,819702.0,0.0,0.0,492.0,0.0,5588.0,848.0,0.0,0.0,0.0,0.0,0.0,203860.0,3792280.0,1407868.0,481978.0,0.0,6300.0,2718.0,2750.0,46966.0,4089598.0,1731720.0,5934.0,0.0,0.0,0.0,1842444.0,1388620.0,410598.0,312058.0,248528.0,222146.0,456940.0,1001960.0,2692.0,0.0,6154586.0,54.0,116.0,162.0,14.0,2547398.0,84446.0,492494.0,701028.0,221380.0,223380.0,228380.0,272560.0,215500.0,,,,18700.0,79103.12,6154586.0,6154586.0,6122016.0,45043.0,12586.0,117802.0,88260.0,5885986.0,1209600.0,256934.0,0.0,34.0,0.0,5066881.92,99304.32,713893.44,0.0,0.0,0.0,0.0,2756.0,425666.0,2239026.0,2576992.0,573854.0,54198.0,12442.0,1052.0,1770.0,3022.0,6154586.0,,12160.0,1738.0,116308.0,539526.0,307920.0,3474956.0,1356956.0,75494.0,924.0,4.0,1396.0,1086.0,1887828.0,76.0,0.0,32330.0,0.0,0.0,2342108.0,6108.0,766.0,0.0,0.0,210.0,99478.0,0.0,0.0,0.0,0.0,51574.0,91756.0,14612.0,0.0,0.0,204218.0,37130.0,1059200.0,156346.0,5874716.0,24684.0,0.0,0.0,2009770.0,3369.22,3910.0,871448.0,1468098.0,944706.0,456112.0,745496.0,534928.0,354634.0,213684.0,286288.0,10592.0,0.0,0.0
neg,78,0.0,114.0,76.0,0.0,0.0,0.0,0.0,0.0,1854.0,19808.0,17494.0,1842.0,0.0,0.0,0.0,12970.0,0.0,0.0,0.0,1594.0,2912.0,43346.0,33506.0,26314.0,2986.0,0.0,0.0,0.0,0.0,110.0,134.0,0.0,0.0,0.0,0.0,0.0,0.0,788.0,25890.0,14320.0,0.0,2094.0,12.0,30.0,44.0,92.0,17582.0,14170.0,6974.0,0.0,0.0,36070.0,2086.0,754.0,336.0,356.0,156.0,710.0,426.0,10.0,94.0,71356.0,16.0,22.0,22.0,0.0,12970.0,900.0,14780.0,11386.0,,,,,,,,,25580.0,78.24,71356.0,71356.0,76350.0,100.0,0.0,6682.0,70380.0,41096.0,1209600.0,1396.0,0.0,24.0,0.0,11385.6,1341.12,26480.64,0.0,28.0,0.0,1216.0,20040.0,12968.0,4908.0,1764.0,88.0,14.0,0.0,0.0,8.0,14.0,71356.0,0.0,2048.0,60.0,82.0,1586.0,12152.0,10736.0,13138.0,1164.0,32.0,0.0,188.0,438.0,13242.0,108.0,0.0,0.0,0.0,0.0,15612.0,212.0,192.0,0.0,1980.0,0.0,0.0,0.0,0.0,0.0,0.0,916.0,0.0,0.0,5834.0,2258.0,550.0,126.0,360.0,36.0,21230.0,20.0,0.0,0.0,0.0,171.62,110.0,30230.0,8380.0,1598.0,242.0,226.0,62.0,76.0,184.0,0.0,0.0,0.0,0.0
neg,76970,,1576.0,0.0,0.0,0.0,0.0,0.0,0.0,0.0,1394.0,373178.0,3721848.0,1254086.0,65676.0,2124.0,2440130.0,0.0,0.0,0.0,0.0,0.0,4773198.0,4097372.0,811888.0,577362.0,0.0,0.0,35846.0,0.0,2076.0,368.0,0.0,0.0,0.0,0.0,0.0,81874.0,1535156.0,2826740.0,974536.0,0.0,7468.0,4474.0,11474.0,834646.0,4012734.0,547456.0,54.0,0.0,0.0,0.0,1721120.0,1454130.0,461286.0,325014.0,235194.0,193354.0,305298.0,722910.0,0.0,0.0,5586236.0,532.0,788.0,428.0,12.0,2440130.0,64460.0,324746.0,484332.0,164740.0,178820.0,161480.0,184320.0,,,,,111920.0,76970.13,5586236.0,5586236.0,5521962.0,37036.0,1562.0,67018.0,736480.0,5418306.0,1209600.0,190676.0,0.0,0.0,0.0,4585313.28,0.0,828716.16,0.0,0.0,0.0,0.0,0.0,49836.0,1395480.0,3082846.0,840024.0,43226.0,6648.0,246.0,0.0,40.0,5586236.0,,8098.0,896.0,121744.0,457202.0,319826.0,3407410.0,1086108.0,16788.0,234.0,0.0,0.0,0.0,0.0,0.0,0.0,0.0,0.0,0.0,0.0,7250.0,352.0,0.0,0.0,0.0,0.0,0.0,0.0,0.0,0.0,37336.0,72190.0,13636.0,0.0,0.0,194928.0,31564.0,215020.0,39158.0,0.0,0.0,0.0,0.0,3983680.0,2047.76,2278.0,869502.0,1140842.0,731824.0,325042.0,652522.0,524170.0,471088.0,554902.0,148200.0,214.0,0.0,0.0
neg,204038,,2130706432.0,414.0,0.0,0.0,0.0,0.0,0.0,0.0,104402.0,3318758.0,7746558.0,2429392.0,25838.0,0.0,6010728.0,0.0,0.0,0.0,52.0,604.0,10883480.0,7732692.0,3061440.0,2863482.0,0.0,0.0,0.0,0.0,752.0,178.0,0.0,0.0,0.0,0.0,0.0,184252.0,5588458.0,6816006.0,1036232.0,0.0,8724.0,1934.0,3966.0,967544.0,9376042.0,3211188.0,55546.0,4.0,0.0,0.0,3830482.0,3436718.0,1277936.0,914446.0,979576.0,1878386.0,1306288.0,1116.0,0.0,0.0,13947546.0,0.0,0.0,8.0,24.0,6010728.0,245228.0,1481878.0,1571010.0,318820.0,274240.0,265660.0,259480.0,246000.0,288080.0,319520.0,247320.0,113960.0,204038.21,13947546.0,13947546.0,13882424.0,93849.0,57810.0,38178.0,612900.0,13624948.0,1209600.0,217090.0,0.0,68.0,0.0,12700260.48,0.0,900812.16,0.0,0.0,0.0,0.0,926.0,619112.0,3491544.0,5979536.0,3321578.0,178972.0,26796.0,6484.0,0.0,0.0,13947546.0,,15860.0,2368.0,6330.0,136816.0,598950.0,8158858.0,4609140.0,96018.0,602.0,6.0,926.0,428.0,4861842.0,0.0,0.0,291994.0,0.0,0.0,5087078.0,2900.0,170.0,0.0,0.0,0.0,0.0,0.0,0.0,0.0,0.0,158508.0,107382.0,48568.0,0.0,0.0,138828.0,27878.0,12232220.0,1664532.0,0.0,0.0,0.0,0.0,6227000.0,6076.72,6250.0,985362.0,2906378.0,2170618.0,1096998.0,4458130.0,2006032.0,1424.0,6.0,0.0,0.0,0.0,0.0
neg,42660,,216.0,186.0,0.0,0.0,0.0,0.0,0.0,0.0,6536.0,255642.0,1720024.0,1238396.0,16492.0,0.0,1399112.0,0.0,0.0,0.0,0.0,0.0,3104654.0,2823292.0,329772.0,187628.0,0.0,0.0,0.0,0.0,578.0,298.0,0.0,0.0,0.0,0.0,0.0,0.0,551726.0,2368478.0,316886.0,0.0,4212.0,1188.0,2500.0,11336.0,1994458.0,1220104.0,3292.0,0.0,0.0,0.0,1473702.0,726294.0,487728.0,336876.0,170568.0,41134.0,788.0,0.0,0.0,0.0,3436184.0,0.0,118.0,804.0,4.0,1399112.0,47478.0,134120.0,193112.0,106240.0,126660.0,,,,,,,83160.0,42659.11,3436184.0,3436184.0,3483050.0,11396.0,774.0,96278.0,999120.0,3237090.0,1209600.0,156194.0,0.0,168.0,0.0,2806621.44,0.0,424123.2,0.0,0.0,0.0,0.0,0.0,76038.0,799966.0,1480466.0,789726.0,74118.0,16436.0,340.0,244.0,266.0,3436184.0,,9706.0,1610.0,5008.0,443022.0,244470.0,2202864.0,326106.0,4304.0,0.0,0.0,302.0,682.0,2809658.0,159384.0,68.0,2554.0,0.0,0.0,2843472.0,4386.0,570.0,0.0,0.0,0.0,0.0,0.0,0.0,0.0,0.0,23176.0,16094.0,2922.0,0.0,0.0,113616.0,34430.0,11740.0,1892.0,0.0,0.0,0.0,0.0,2659110.0,2699.4,3296.0,474542.0,1058936.0,273134.0,108394.0,274096.0,264924.0,247778.0,236630.0,294294.0,4362.0,0.0,0.0
neg,41894,,1344.0,1084.0,0.0,0.0,0.0,0.0,0.0,0.0,2476.0,789660.0,1844478.0,357250.0,15750.0,0.0,1295554.0,0.0,0.0,0.0,0.0,0.0,2673920.0,2260854.0,596768.0,340290.0,0.0,0.0,0.0,0.0,1572.0,1720.0,0.0,0.0,0.0,0.0,0.0,58908.0,1415750.0,462380.0,1072576.0,0.0,3408.0,1990.0,2656.0,322542.0,2119536.0,559454.0,28.0,0.0,0.0,0.0,1206568.0,688540.0,231762.0,159782.0,134322.0,301828.0,286812.0,0.0,0.0,0.0,3271538.0,0.0,78.0,668.0,16.0,1295554.0,41084.0,305026.0,289364.0,202480.0,245360.0,,,,,,,140360.0,41893.98,3271538.0,3271538.0,3271294.0,17624.0,19914.0,79602.0,842780.0,3009614.0,1209600.0,98870.0,2.0,138.0,0.0,2410698.24,0.0,596176.32,0.0,0.0,0.0,0.0,0.0,84534.0,918838.0,1519472.0,454442.0,25864.0,5874.0,590.0,512.0,568.0,3271538.0,,6176.0,922.0,153138.0,377218.0,191506.0,1803302.0,453998.0,23124.0,230.0,0.0,1262.0,2556.0,2391970.0,150414.0,0.0,2948.0,0.0,46.0,2456064.0,3508.0,1010.0,0.0,0.0,0.0,0.0,0.0,0.0,0.0,0.0,23954.0,25914.0,13086.0,0.0,0.0,62518.0,12316.0,3317960.0,555686.0,0.0,0.0,0.0,0.0,2193220.0,1799.68,1932.0,634862.0,525258.0,316716.0,166532.0,343514.0,304710.0,230998.0,366422.0,117316.0,3286.0,0.0,0.0
neg,43628,,0.0,,0.0,0.0,0.0,0.0,0.0,0.0,870.0,279510.0,1850254.0,587956.0,18944.0,136.0,1270312.0,0.0,422.0,0.0,0.0,0.0,2504082.0,2221600.0,490144.0,230144.0,0.0,0.0,0.0,0.0,0.0,0.0,0.0,0.0,0.0,0.0,0.0,35932.0,672116.0,1329888.0,699734.0,0.0,1806.0,950.0,1262.0,3074.0,1358206.0,1370038.0,2334.0,0.0,0.0,0.0,963124.0,704202.0,262848.0,185220.0,130326.0,127360.0,272468.0,92122.0,0.0,0.0,2994746.0,32.0,58.0,204.0,0.0,1270312.0,39624.0,304050.0,184580.0,207140.0,207240.0,,,,,,,71020.0,43628.97,2994746.0,2994746.0,2993400.0,16047.0,18320.0,54474.0,569860.0,2737670.0,1209600.0,0.0,,,,2306409.6,0.0,429401.28,0.0,0.0,0.0,0.0,0.0,75976.0,975156.0,1440538.0,228892.0,13914.0,3090.0,104.0,,0.0,2994746.0,,3450.0,474.0,48506.0,275296.0,145270.0,1494770.0,758514.0,11218.0,172.0,0.0,,,,,,,,,,1546.0,130.0,0.0,0.0,0.0,0.0,0.0,0.0,0.0,0.0,17686.0,40542.0,8014.0,0.0,0.0,98956.0,16868.0,4151720.0,478084.0,0.0,0.0,0.0,0.0,3628970.0,1130.88,988.0,444310.0,388430.0,281806.0,141022.0,295652.0,289074.0,358480.0,270044.0,261528.0,7324.0,0.0,0.0
neg,2,2.0,12.0,,0.0,0.0,0.0,0.0,0.0,0.0,2.0,378.0,24742.0,0.0,0.0,0.0,1916.0,0.0,0.0,0.0,0.0,0.0,4370.0,2660.0,6724.0,436.0,0.0,0.0,0.0,0.0,4.0,16.0,0.0,0.0,0.0,0.0,0.0,0.0,0.0,204.0,24918.0,0.0,20964.0,2.0,0.0,2.0,14.0,3198.0,942.0,0.0,0.0,0.0,11010.0,1618.0,862.0,962.0,1260.0,1482.0,6462.0,1454.0,4.0,8.0,11106.0,0.0,4.0,2.0,0.0,1916.0,96.0,4836.0,1838.0,,,,,,,,,6640.0,1.42,11106.0,11106.0,35654.0,237.0,0.0,1042.0,10980.0,25160.0,1209600.0,0.0,,,,1161.6,0.0,3047.04,0.0,10.0,0.0,0.0,0.0,204.0,14030.0,10778.0,100.0,10.0,0.0,0.0,,4.0,11106.0,0.0,20968.0,8.0,4.0,14.0,680.0,1826.0,1190.0,424.0,8.0,0.0,,,,,,,,,,26.0,42.0,0.0,0.0,0.0,0.0,0.0,0.0,0.0,0.0,118.0,0.0,0.0,316.0,116.0,16.0,6.0,2440.0,248.0,658.0,10.0,0.0,0.0,0.0,68.1,28.0,4220.0,700.0,54.0,36.0,19892.0,28.0,30.0,162.0,0.0,0.0,0.0,0.0
pos,275670,,974.0,168.0,0.0,0.0,0.0,0.0,62634.0,1682994.0,5719640.0,6661226.0,1290726.0,35934.0,2558.0,0.0,7090836.0,0.0,0.0,0.0,781880.0,1098902.0,12906804.0,12201484.0,2714126.0,1118778.0,0.0,0.0,0.0,0.0,1440.0,770.0,0.0,0.0,0.0,0.0,0.0,7400.0,353938.0,4309174.0,10717094.0,68106.0,29748.0,24264.0,35166.0,72512.0,1159970.0,14134048.0,4.0,0.0,0.0,0.0,2447512.0,6061342.0,3339020.0,1406628.0,711560.0,457434.0,364762.0,354478.0,169620.0,143356.0,16405960.0,9756.0,8378.0,39662.0,2.0,7090836.0,206646.0,1374124.0,1332990.0,191520.0,219280.0,215960.0,222000.0,196980.0,234860.0,198740.0,185720.0,101080.0,275669.5,16405960.0,16405960.0,16439146.0,96706.0,1242.0,50538.0,652220.0,15455712.0,1209600.0,275304.0,0.0,96.0,0.0,13498958.4,0.0,1945027.2,374.0,4410.0,4318.0,650664.0,3564318.0,6075442.0,4322158.0,728640.0,87998.0,20244.0,1922.0,8.0,30.0,82.0,16405960.0,,14252.0,2314.0,817430.0,901732.0,2388896.0,11308276.0,22812.0,0.0,0.0,0.0,362.0,954.0,4381472.0,2040708.0,0.0,3722.0,0.0,0.0,4414234.0,8724.0,986.0,0.0,0.0,0.0,0.0,0.0,0.0,0.0,0.0,114490.0,111932.0,27094.0,29454012.0,4482378.0,447180.0,73562.0,134620.0,20404.0,16013432.0,42388.0,0.0,0.0,287903270.0,4065.16,5356.0,1996666.0,1275202.0,1012934.0,687122.0,1775230.0,2207450.0,5044244.0,1453786.0,3078.0,0.0,0.0,0.0
neg,928418,,2374.0,344.0,0.0,0.0,0.0,0.0,0.0,50862.0,1497726.0,3153190.0,1009440.0,94740.0,2814.0,0.0,28736556.0,0.0,0.0,0.0,1229184.0,1826184.0,51256508.0,46047484.0,22315826.0,4440550.0,0.0,0.0,0.0,0.0,8818.0,1664.0,0.0,0.0,0.0,0.0,0.0,0.0,0.0,324496.0,5484276.0,0.0,9530.0,6616.0,8506.0,12746.0,828676.0,4942694.0,4.0,0.0,0.0,0.0,1497790.0,2253840.0,966814.0,453930.0,221100.0,132876.0,115730.0,115352.0,40476.0,10864.0,74818172.0,19298.0,16722.0,17908.0,2.0,28736556.0,924204.0,16128940.0,6147310.0,462660.0,414960.0,417760.0,393420.0,333580.0,422480.0,383800.0,377280.0,260740.0,928418.39,74818172.0,74818172.0,7716076.0,22417.0,27158.0,94394.0,873340.0,5808772.0,1209600.0,956846.0,0.0,188.0,0.0,51458914.56,0.0,7111392.96,2.0,2090.0,0.0,2584.0,727528.0,2617062.0,1791290.0,540194.0,108268.0,20528.0,1318.0,0.0,964.0,2692.0,74818172.0,,9558.0,1638.0,148628.0,691120.0,295544.0,4239032.0,418676.0,4576.0,0.0,0.0,442.0,624.0,4295068.0,1591586.0,0.0,8552.0,0.0,0.0,5038410.0,41262.0,8924.0,0.0,0.0,0.0,0.0,0.0,0.0,0.0,0.0,444272.0,147844.0,25692.0,52009254.0,7205910.0,1053422.0,152454.0,4819660.0,502518.0,30561066.0,263304.0,0.0,0.0,2860990.0,5540.18,4722.0,917322.0,1119688.0,588292.0,205364.0,360924.0,695812.0,793512.0,1120950.0,6908.0,0.0,0.0,0.0
pos,1271192,,0.0,,0.0,0.0,0.0,0.0,0.0,21716.0,2359892.0,25409766.0,43260074.0,8766444.0,84118.0,0.0,37628074.0,898.0,0.0,0.0,42932.0,70976.0,70511542.0,62130626.0,15045116.0,7227458.0,0.0,0.0,0.0,0.0,0.0,0.0,0.0,0.0,0.0,0.0,0.0,2597202.0,40238398.0,25024478.0,12041932.0,0.0,159308.0,184928.0,309082.0,681098.0,34391950.0,44173370.0,2258.0,12.0,4.0,0.0,28974582.0,13201358.0,8316132.0,6492178.0,5232706.0,5130608.0,6602504.0,5129376.0,793896.0,28670.0,85610108.0,950.0,1234.0,1704.0,3382.0,37628074.0,945328.0,9404950.0,5550000.0,382880.0,290660.0,314300.0,205440.0,167640.0,153100.0,138060.0,201060.0,233780.0,1271192.29,85610108.0,85610108.0,84759698.0,547817.0,5575726.0,1666.0,785580.0,79902010.0,1209600.0,0.0,,,,73795256.64,0.0,6023502.72,0.0,0.0,0.0,0.0,464104.0,11108300.0,36203538.0,27511220.0,4079622.0,451356.0,82224.0,1646.0,,0.0,85610108.0,,59554.0,10980.0,4509864.0,3143080.0,13530762.0,56606816.0,2023700.0,17252.0,2.0,0.0,,,,,,,,,,42500.0,3406.0,0.0,0.0,0.0,0.0,0.0,0.0,0.0,0.0,552714.0,1358378.0,260006.0,0.0,0.0,2473468.0,399812.0,188678280.0,24200646.0,0.0,0.0,0.0,0.0,1031945600.0,20686.48,27444.0,6435106.0,14729160.0,12849178.0,6944588.0,14679536.0,10513820.0,6563994.0,3242198.0,3743068.0,201362.0,0.0,0.0
neg,81952,,2130706434.0,1910.0,0.0,0.0,0.0,0.0,0.0,110.0,68192.0,2129216.0,2061728.0,605990.0,38238.0,0.0,2246516.0,0.0,0.0,0.0,744.0,1214.0,4589330.0,4175180.0,554496.0,345946.0,0.0,0.0,0.0,0.0,616.0,218.0,0.0,0.0,0.0,0.0,0.0,297172.0,3332102.0,673372.0,600828.0,0.0,1812.0,354.0,930.0,2302.0,27376.0,4863028.0,7672.0,0.0,0.0,0.0,1598938.0,1089348.0,462256.0,372538.0,313568.0,302222.0,679118.0,85486.0,0.0,0.0,5145146.0,0.0,196.0,282.0,78.0,2246516.0,48014.0,308872.0,244274.0,115240.0,126920.0,86360.0,193040.0,,,,,25980.0,81952.16,5145146.0,5145146.0,5155494.0,25158.0,189928.0,25990.0,298780.0,4903474.0,1209600.0,149038.0,2.0,32.0,0.0,4169109.12,0.0,728271.36,0.0,600.0,0.0,0.0,9672.0,432276.0,2182202.0,1570640.0,637272.0,59760.0,10708.0,944.0,30.0,34.0,5145146.0,,5508.0,726.0,27456.0,573984.0,284920.0,3345872.0,660218.0,4790.0,0.0,0.0,3162.0,1004.0,3778264.0,46888.0,0.0,802.0,0.0,82.0,4224794.0,3456.0,426.0,0.0,0.0,0.0,0.0,0.0,0.0,0.0,0.0,28302.0,86710.0,33214.0,0.0,0.0,123098.0,19352.0,9836620.0,1349422.0,0.0,0.0,0.0,0.0,4843030.0,1407.84,1594.0,769302.0,770358.0,479432.0,233660.0,404610.0,346418.0,329876.0,336920.0,1091402.0,141496.0,0.0,0.0
neg,21008,0.0,120.0,0.0,0.0,0.0,0.0,0.0,0.0,50354.0,1519364.0,1860094.0,550018.0,50722.0,0.0,0.0,1797834.0,0.0,0.0,0.0,77988.0,107016.0,3422842.0,2983890.0,775130.0,463634.0,0.0,0.0,0.0,0.0,440.0,342.0,0.0,0.0,0.0,0.0,0.0,0.0,2218.0,3481048.0,547286.0,0.0,2410.0,632.0,606.0,650.0,1870.0,7560.0,3595304.0,290270.0,131250.0,0.0,2647460.0,498914.0,208638.0,141126.0,113492.0,111364.0,97066.0,69640.0,51784.0,91068.0,4276372.0,78.0,124.0,2782.0,8.0,1797834.0,51334.0,216450.0,557612.0,202680.0,177600.0,277800.0,,,,,,112740.0,21007.85,4276372.0,4276372.0,4261782.0,9453.0,1540.0,61746.0,642620.0,4032170.0,1209600.0,149452.0,0.0,0.0,0.0,2075226.24,1213629.12,737933.76,4.0,554.0,0.0,1788.0,391700.0,836008.0,1654856.0,982754.0,158088.0,5254.0,104.0,0.0,0.0,454.0,4276372.0,0.0,4424.0,444.0,30006.0,1159320.0,221600.0,2097748.0,513904.0,3106.0,0.0,0.0,0.0,0.0,0.0,0.0,0.0,0.0,0.0,0.0,0.0,15166.0,214.0,0.0,0.0,2930.0,1178604.0,0.0,0.0,0.0,0.0,20510.0,0.0,0.0,0.0,0.0,0.0,0.0,0.0,0.0,3924900.0,6508.0,0.0,0.0,6366480.0,1799.54,1054.0,2011768.0,1071636.0,420600.0,189866.0,187228.0,60504.0,54590.0,33294.0,1066.0,0.0,0.0,0.0
neg,34976,,196.0,0.0,0.0,0.0,0.0,0.0,0.0,45750.0,1839864.0,392024.0,14974.0,0.0,0.0,0.0,968790.0,1162.0,0.0,0.0,75654.0,125454.0,1958362.0,1761428.0,455076.0,199540.0,0.0,0.0,0.0,0.0,250.0,1072.0,0.0,0.0,0.0,0.0,0.0,0.0,1776.0,322552.0,1968284.0,0.0,3726.0,3268.0,7686.0,34556.0,396574.0,1839162.0,6690.0,888.0,32.0,30.0,652928.0,762864.0,385356.0,203816.0,99196.0,56642.0,35756.0,36042.0,56972.0,3040.0,2490004.0,404.0,24.0,636.0,12.0,968790.0,27914.0,196606.0,254872.0,198800.0,238280.0,,,,,,,10840.0,34975.78,2490004.0,2490004.0,2480360.0,10618.0,356.0,2462.0,62120.0,2292612.0,1209600.0,53450.0,0.0,0.0,0.0,1721700.48,0.0,568271.04,48.0,570.0,0.0,832.0,859090.0,1294932.0,106548.0,23250.0,6722.0,1236.0,2.0,0.0,0.0,78.0,2490004.0,,4714.0,522.0,12252.0,224876.0,123022.0,814158.0,1076176.0,36648.0,244.0,0.0,0.0,0.0,0.0,0.0,0.0,0.0,0.0,0.0,0.0,2064.0,250.0,0.0,0.0,0.0,0.0,0.0,0.0,0.0,0.0,16288.0,5188.0,1022.0,3012202.0,503906.0,61956.0,10710.0,7080.0,1068.0,1825270.0,7892.0,0.0,0.0,4975770.0,1084.84,1206.0,586784.0,337222.0,166428.0,62412.0,114500.0,181868.0,265580.0,570918.0,6720.0,180.0,0.0,0.0
neg,28,,20.0,18.0,0.0,0.0,0.0,0.0,0.0,0.0,90.0,17524.0,24672.0,0.0,0.0,0.0,17724.0,0.0,0.0,0.0,0.0,0.0,50864.0,48580.0,3238.0,936.0,0.0,0.0,0.0,0.0,32.0,14.0,0.0,0.0,0.0,0.0,0.0,0.0,42286.0,0.0,0.0,0.0,60.0,12.0,24.0,28.0,392.0,41756.0,14.0,0.0,0.0,0.0,40920.0,1044.0,220.0,56.0,26.0,16.0,4.0,0.0,0.0,0.0,54144.0,0.0,4.0,0.0,0.0,17724.0,262.0,854.0,2372.0,,,,,,,,,3020.0,27.2,54144.0,54144.0,55714.0,39.0,0.0,5318.0,53960.0,42286.0,1209600.0,690.0,2.0,6.0,0.0,4429.44,0.0,37784.64,0.0,0.0,0.0,0.0,0.0,4374.0,34782.0,2910.0,188.0,32.0,0.0,0.0,0.0,6.0,54144.0,,100.0,18.0,26.0,21868.0,8980.0,5610.0,4944.0,738.0,2.0,0.0,32.0,112.0,4990.0,88.0,0.0,0.0,0.0,10.0,4990.0,64.0,54.0,0.0,0.0,0.0,0.0,0.0,0.0,0.0,0.0,164.0,0.0,0.0,0.0,0.0,288.0,84.0,40.0,4.0,0.0,0.0,0.0,0.0,0.0,43.84,46.0,38268.0,3366.0,530.0,32.0,62.0,22.0,6.0,0.0,0.0,0.0,0.0,0.0
neg,38544,,248.0,170.0,0.0,0.0,0.0,0.0,0.0,0.0,678.0,11702.0,1821888.0,1018872.0,63442.0,3222.0,1349020.0,0.0,530.0,0.0,0.0,0.0,2465590.0,2069346.0,715682.0,320754.0,0.0,0.0,422.0,0.0,796.0,282.0,0.0,0.0,0.0,0.0,0.0,80818.0,914522.0,1331194.0,593270.0,0.0,2812.0,1986.0,1724.0,188062.0,2243878.0,481340.0,2.0,0.0,0.0,0.0,1321380.0,650770.0,349838.0,259146.0,164536.0,103602.0,68826.0,1706.0,0.0,0.0,3181986.0,268.0,188.0,1334.0,2.0,1349020.0,47240.0,342476.0,366882.0,322540.0,233140.0,,,,,,,152460.0,38543.79,3181986.0,3181986.0,3172534.0,14251.0,52066.0,71020.0,755000.0,2919804.0,1209600.0,89316.0,0.0,194.0,0.0,2432689.92,0.0,484161.6,0.0,0.0,0.0,0.0,0.0,0.0,471210.0,1868132.0,546250.0,28134.0,5848.0,230.0,14.0,20.0,3181986.0,,4536.0,622.0,39450.0,317990.0,136594.0,1932650.0,476594.0,11288.0,80.0,0.0,466.0,642.0,2251386.0,167776.0,18.0,46654.0,0.0,0.0,2453228.0,2160.0,72.0,0.0,0.0,0.0,0.0,0.0,0.0,0.0,0.0,26964.0,25830.0,5744.0,0.0,0.0,96754.0,15198.0,589900.0,144204.0,0.0,0.0,0.0,0.0,3041690.0,1249.34,1320.0,507042.0,567482.0,389004.0,220466.0,813654.0,421302.0,772.0,78.0,4.0,0.0,0.0,0.0
pos,557882,,0.0,,0.0,0.0,0.0,0.0,0.0,0.0,338964.0,8887036.0,20767178.0,7495926.0,169422.0,752.0,18397900.0,34836.0,94.0,0.0,8154.0,16978.0,28697962.0,21219396.0,10368922.0,6688232.0,0.0,0.0,1062.0,0.0,0.0,0.0,0.0,0.0,0.0,0.0,0.0,462058.0,12118862.0,20864046.0,4214312.0,0.0,32612.0,18486.0,29842.0,75378.0,5295580.0,31994034.0,213106.0,130.0,12.0,98.0,15170878.0,5143638.0,2308684.0,1782582.0,1535808.0,1950178.0,4210040.0,5148640.0,403882.0,4948.0,39081030.0,5148.0,1668.0,4134.0,620.0,18397900.0,762734.0,4115008.0,6214684.0,581540.0,496500.0,417740.0,420420.0,297900.0,301720.0,309820.0,295420.0,159700.0,557881.83,39081030.0,39081030.0,38413278.0,264131.0,9289042.0,49590.0,302200.0,37659278.0,1209600.0,0.0,,,,31661593.92,0.0,5958909.12,0.0,0.0,0.0,0.0,44588.0,2813618.0,14778450.0,17173554.0,2557782.0,236030.0,53486.0,1770.0,,0.0,39081030.0,,31086.0,7160.0,1215888.0,3508764.0,4463876.0,25966386.0,2430086.0,36030.0,2.0,0.0,,,,,,,,,,25452.0,896.0,0.0,0.0,0.0,2.0,0.0,0.0,0.0,0.0,551824.0,625640.0,112898.0,0.0,0.0,1286922.0,227060.0,35938900.0,10153978.0,0.0,0.0,0.0,0.0,69156930.0,12795.74,15556.0,6148780.0,7020438.0,4825264.0,2348454.0,4940168.0,3971272.0,2849854.0,1775284.0,3410836.0,368928.0,0.0,0.0
neg,6,,4.0,0.0,0.0,0.0,,,,,,,,,,,1748.0,0.0,202.0,0.0,0.0,0.0,16398.0,15146.0,1896.0,44.0,0.0,0.0,0.0,0.0,2.0,14.0,,,,,,,,,,,,,,,,,,,,,,,,,,,,,,,18296.0,0.0,2.0,0.0,0.0,1748.0,116.0,1140.0,748.0,,,,,,,,,1800.0,5.95,18296.0,18296.0,19378.0,15.0,0.0,1770.0,18180.0,4316.0,1209600.0,198.0,0.0,4.0,0.0,1118.4,0.0,2279.04,0.0,6.0,,,,,,,,,,,8.0,12.0,18296.0,,,,,,,,,,,,4.0,16.0,792.0,50.0,0.0,0.0,0.0,0.0,1510.0,18.0,48.0,0.0,0.0,0.0,0.0,0.0,0.0,0.0,0.0,92.0,0.0,0.0,36.0,84.0,34.0,10.0,560.0,56.0,0.0,4.0,0.0,0.0,0.0,126.38,28.0,,,,,,,,,,,0.0,0.0
neg,10,0.0,6.0,,0.0,0.0,0.0,0.0,0.0,296.0,964.0,1012.0,2176.0,0.0,0.0,0.0,1398.0,0.0,418.0,0.0,350.0,960.0,10912.0,8924.0,6158.0,134.0,0.0,0.0,0.0,0.0,8.0,2.0,0.0,0.0,0.0,0.0,0.0,0.0,0.0,0.0,4448.0,0.0,1382.0,10.0,10.0,10.0,62.0,2698.0,76.0,200.0,0.0,0.0,3284.0,176.0,44.0,226.0,516.0,110.0,86.0,6.0,0.0,0.0,17466.0,0.0,4.0,0.0,2.0,1398.0,150.0,4690.0,1452.0,,,,,,,,,5980.0,9.18,17466.0,17466.0,18590.0,24.0,0.0,1630.0,17200.0,4478.0,1209600.0,0.0,,,,1585.92,0.0,1751.04,0.0,10.0,0.0,0.0,918.0,964.0,2462.0,98.0,6.0,0.0,0.0,0.0,,10.0,17466.0,0.0,1198.0,14.0,16.0,12.0,44.0,876.0,1794.0,442.0,52.0,0.0,,,,,,,,,,34.0,66.0,0.0,0.0,0.0,0.0,0.0,0.0,0.0,0.0,198.0,0.0,0.0,40.0,100.0,48.0,14.0,4300.0,444.0,0.0,4.0,0.0,0.0,0.0,97.08,58.0,3052.0,1230.0,38.0,10.0,14.0,28.0,32.0,44.0,0.0,0.0,0.0,0.0
neg,6,,6.0,6.0,0.0,0.0,0.0,0.0,0.0,0.0,46.0,1772.0,2252.0,0.0,0.0,0.0,1382.0,0.0,84.0,0.0,0.0,0.0,12838.0,10998.0,9732.0,184.0,0.0,0.0,0.0,0.0,12.0,10.0,0.0,0.0,0.0,0.0,0.0,0.0,0.0,0.0,4070.0,0.0,938.0,20.0,38.0,68.0,1152.0,1854.0,0.0,0.0,0.0,0.0,3110.0,246.0,94.0,180.0,46.0,16.0,140.0,234.0,4.0,0.0,22586.0,0.0,2.0,2.0,2.0,1382.0,130.0,8500.0,1230.0,,,,,,,,,9580.0,6.54,22586.0,22586.0,23568.0,18.0,18.0,2146.0,22420.0,4070.0,1209600.0,188.0,2.0,4.0,0.0,1343.04,287.04,1593.6,0.0,8.0,0.0,0.0,0.0,1298.0,1926.0,420.0,426.0,0.0,0.0,0.0,0.0,4.0,22586.0,,914.0,14.0,30.0,8.0,12.0,710.0,1778.0,498.0,106.0,0.0,8.0,10.0,1082.0,40.0,0.0,0.0,0.0,0.0,1500.0,30.0,50.0,0.0,0.0,0.0,286.0,0.0,0.0,0.0,0.0,114.0,0.0,0.0,170.0,98.0,26.0,6.0,1500.0,182.0,2.0,4.0,0.0,0.0,0.0,107.4,36.0,2898.0,1030.0,42.0,6.0,10.0,30.0,28.0,26.0,0.0,0.0,0.0,0.0
neg,368,,0.0,,0.0,0.0,0.0,0.0,0.0,0.0,130.0,1340.0,29352.0,2894.0,0.0,0.0,15554.0,0.0,56.0,0.0,0.0,0.0,35654.0,28322.0,18312.0,2650.0,0.0,0.0,0.0,0.0,0.0,0.0,0.0,0.0,0.0,0.0,0.0,0.0,28560.0,3980.0,1176.0,0.0,1460.0,150.0,186.0,544.0,14902.0,16474.0,0.0,0.0,0.0,0.0,24266.0,6630.0,2086.0,262.0,56.0,68.0,334.0,14.0,0.0,0.0,53996.0,4.0,14.0,14.0,0.0,15554.0,442.0,10688.0,7348.0,,,,,,,,,17880.0,367.86,53996.0,53996.0,60834.0,91.0,410.0,5012.0,53540.0,33716.0,1209600.0,0.0,,,,22665.6,0.0,9144.0,,,0.0,0.0,0.0,0.0,18844.0,14076.0,634.0,128.0,34.0,0.0,,0.0,53996.0,,1318.0,30.0,1272.0,828.0,1294.0,20316.0,7846.0,812.0,0.0,0.0,,,,,,,,,,78.0,26.0,0.0,0.0,0.0,0.0,0.0,0.0,0.0,0.0,438.0,98.0,30.0,0.0,0.0,574.0,124.0,74920.0,7922.0,0.0,120.0,0.0,0.0,0.0,,,11660.0,5516.0,1878.0,778.0,3410.0,10208.0,252.0,12.0,2.0,0.0,0.0,0.0
neg,10,0.0,12.0,6.0,2.0,2.0,0.0,0.0,0.0,634.0,2012.0,2036.0,1044.0,0.0,0.0,0.0,1950.0,0.0,176.0,0.0,582.0,1200.0,10940.0,9452.0,13630.0,424.0,0.0,0.0,0.0,0.0,16.0,36.0,0.0,0.0,0.0,0.0,0.0,0.0,0.0,0.0,5726.0,0.0,88.0,6.0,8.0,534.0,440.0,564.0,3430.0,278.0,378.0,0.0,4446.0,338.0,134.0,56.0,206.0,66.0,330.0,64.0,8.0,78.0,25160.0,0.0,4.0,4.0,0.0,1950.0,134.0,11860.0,1756.0,,,,,,,,,13540.0,10.91,25160.0,25160.0,25966.0,26.0,0.0,2438.0,24940.0,5756.0,1209600.0,264.0,2.0,4.0,0.0,2237.76,15.36,2509.44,0.0,10.0,0.0,636.0,1828.0,1282.0,1140.0,828.0,12.0,0.0,0.0,0.0,0.0,4.0,25160.0,0.0,1032.0,10.0,12.0,8.0,44.0,678.0,3176.0,724.0,42.0,0.0,10.0,118.0,2602.0,200.0,0.0,0.0,0.0,0.0,2642.0,32.0,64.0,0.0,0.0,110.0,46.0,0.0,0.0,0.0,0.0,166.0,0.0,0.0,376.0,74.0,16.0,10.0,3920.0,378.0,23964.0,18.0,0.0,0.0,0.0,86.16,34.0,3684.0,1780.0,74.0,18.0,28.0,38.0,50.0,54.0,0.0,0.0,0.0,0.0
pos,558630,,,,,,0.0,0.0,48802.0,2331134.0,12774456.0,11666856.0,3567532.0,64116.0,0.0,0.0,10775172.0,0.0,36.0,,1793752.0,2769300.0,24712610.0,23456548.0,4815636.0,2702858.0,,0.0,0.0,0.0,,,0.0,0.0,0.0,0.0,0.0,0.0,1334.0,15513922.0,14937640.0,0.0,85460.0,55336.0,117868.0,211114.0,23478490.0,6504626.0,2.0,0.0,0.0,0.0,3661590.0,11370446.0,8059950.0,3262368.0,1614676.0,899586.0,639960.0,691016.0,199902.0,53402.0,31326380.0,,,,,10775172.0,335646.0,1824468.0,2981946.0,299040.0,228840.0,200840.0,212740.0,201340.0,211080.0,150360.0,210040.0,286380.0,558630.1,31326372.0,31326380.0,31339470.0,148302.0,,,1033220.0,30452896.0,1209600.0,,,,,26249878.08,0.0,4188534.72,130048.0,,3352.0,266444.0,3694304.0,4918724.0,9363068.0,9168084.0,2887568.0,145814.0,5538.0,0.0,,,31326380.0,,22476.0,3934.0,203364.0,1645708.0,2040602.0,16595242.0,9834656.0,106908.0,6.0,0.0,,,,,,,,,,,,,,,,,,,,203322.0,,,,,,,,,,,,,,0.36,0.0,4360726.0,2813442.0,1518528.0,731218.0,1463574.0,1940354.0,2880850.0,14449360.0,294844.0,0.0,,
neg,34516,,0.0,,0.0,0.0,0.0,0.0,0.0,164.0,100526.0,983646.0,763666.0,222646.0,956.0,0.0,1073328.0,0.0,0.0,0.0,596.0,714.0,1915998.0,1772380.0,242130.0,113512.0,0.0,0.0,0.0,0.0,0.0,0.0,0.0,0.0,0.0,0.0,0.0,20066.0,825520.0,603794.0,622224.0,0.0,6872.0,4202.0,4910.0,9536.0,448160.0,1586144.0,11778.0,0.0,2.0,0.0,674234.0,455914.0,225248.0,178990.0,148250.0,133490.0,139988.0,114946.0,544.0,0.0,2159044.0,40.0,22.0,182.0,32.0,1073328.0,24556.0,121542.0,119984.0,145320.0,1310700.0,1310700.0,1310700.0,1310700.0,1310700.0,1310700.0,1310700.0,93220.0,34515.09,2159044.0,2159044.0,2143756.0,12793.0,392652.0,92320.0,945480.0,2071604.0,1209600.0,0.0,,,,1861896.0,0.0,206409.6,,,0.0,0.0,19090.0,620034.0,831858.0,542790.0,51872.0,4906.0,1024.0,30.0,,0.0,2159044.0,,2502.0,302.0,93832.0,101240.0,104736.0,1359944.0,395846.0,13198.0,4.0,0.0,,,,,,,,,,1286.0,64.0,0.0,0.0,0.0,0.0,0.0,0.0,0.0,0.0,10992.0,26222.0,5116.0,0.0,0.0,76982.0,15192.0,2551160.0,668700.0,0.0,0.0,0.0,0.0,5880150.0,,,219064.0,344388.0,239676.0,117424.0,264710.0,293176.0,216676.0,148932.0,212654.0,14904.0,0.0,0.0
neg,118486,,0.0,,0.0,0.0,0.0,0.0,0.0,0.0,25876.0,1148450.0,5326234.0,1171558.0,8382.0,38.0,3668512.0,0.0,0.0,0.0,0.0,158.0,6983294.0,6302148.0,1058342.0,491098.0,0.0,0.0,0.0,0.0,0.0,0.0,0.0,0.0,0.0,0.0,0.0,0.0,2803846.0,4847980.0,28712.0,0.0,22160.0,9594.0,7900.0,13728.0,1566746.0,6060310.0,96.0,2.0,2.0,0.0,3111072.0,1335122.0,737252.0,528798.0,434872.0,415404.0,667240.0,450614.0,164.0,0.0,8043438.0,220.0,86.0,752.0,470.0,3668512.0,75290.0,498744.0,556736.0,129840.0,119260.0,224220.0,206160.0,114720.0,149960.0,1310700.0,1310700.0,96900.0,118485.36,8043438.0,8043438.0,7926620.0,46992.0,935704.0,64136.0,765020.0,7680538.0,1209600.0,0.0,,,,6924052.8,0.0,747511.68,,,0.0,0.0,3304.0,470132.0,3685602.0,3320386.0,171712.0,25392.0,3994.0,16.0,,0.0,8043438.0,,8594.0,1308.0,252546.0,439308.0,539432.0,5785126.0,647570.0,6652.0,2.0,0.0,,,,,,,,,,6266.0,64.0,0.0,0.0,0.0,0.0,0.0,0.0,0.0,0.0,42014.0,59732.0,12366.0,0.0,0.0,235156.0,36654.0,18005740.0,2144458.0,0.0,0.0,0.0,0.0,31693220.0,,,789764.0,1484666.0,926206.0,496428.0,1954090.0,971708.0,466950.0,238574.0,343050.0,9102.0,0.0,0.0
pos,215220,,414.0,394.0,0.0,0.0,0.0,0.0,149300.0,2650616.0,4939226.0,4665454.0,1326952.0,132950.0,5474.0,0.0,5730328.0,5130.0,0.0,0.0,669592.0,1076194.0,11008000.0,10153106.0,3579026.0,1216604.0,114.0,0.0,0.0,0.0,1216.0,1118.0,0.0,0.0,0.0,0.0,0.0,0.0,0.0,4378582.0,9491390.0,0.0,37410.0,29602.0,40150.0,99970.0,238142.0,13424146.0,552.0,0.0,0.0,0.0,3301616.0,4033388.0,2396188.0,1428928.0,803440.0,571716.0,527812.0,553258.0,230220.0,23406.0,15258906.0,5236.0,5650.0,1996.0,4.0,5730328.0,177734.0,1645714.0,1921684.0,367460.0,218700.0,268360.0,261780.0,277300.0,240300.0,237320.0,286200.0,266120.0,215219.95,15258906.0,15258906.0,15234638.0,95418.0,276.0,57634.0,720780.0,13869972.0,1209600.0,269984.0,0.0,214.0,0.0,11082916.8,783210.24,1992526.08,606.0,3380.0,6500.0,404312.0,3382750.0,5275974.0,3594722.0,1111288.0,77472.0,15060.0,1872.0,22.0,16.0,20.0,15258906.0,,10254.0,1784.0,1383164.0,1033686.0,9452202.0,1980064.0,8818.0,0.0,0.0,0.0,610.0,1740.0,11077986.0,3075752.0,0.0,50.0,0.0,0.0,11177660.0,11588.0,7710.0,0.0,0.0,6560.0,1360834.0,0.0,0.0,0.0,0.0,115202.0,61382.0,14462.0,0.0,0.0,394158.0,55734.0,75040.0,8176.0,0.0,0.0,0.0,0.0,71940360.0,4203.94,5116.0,2829418.0,1370720.0,1127092.0,495454.0,1345792.0,3078658.0,3278768.0,337916.0,6154.0,0.0,0.0,0.0
neg,60518,,4.0,,0.0,0.0,0.0,0.0,0.0,0.0,23886.0,812868.0,2066964.0,370240.0,21144.0,200.0,1777512.0,0.0,0.0,0.0,0.0,0.0,3003524.0,2745588.0,404040.0,224508.0,0.0,0.0,0.0,0.0,10.0,10.0,0.0,0.0,0.0,0.0,0.0,51066.0,2213844.0,514472.0,515920.0,0.0,3302.0,1870.0,3372.0,11578.0,248632.0,3026516.0,30.0,2.0,0.0,0.0,1087126.0,771160.0,334156.0,244464.0,182654.0,141456.0,153786.0,379894.0,606.0,0.0,3408002.0,2312.0,4172.0,1118.0,0.0,1777512.0,46582.0,232620.0,170136.0,114380.0,180100.0,,,,,,,104500.0,60517.93,3408002.0,3408002.0,3429892.0,23483.0,82788.0,92740.0,983380.0,3295302.0,1209600.0,0.0,,,,2989299.84,0.0,302142.72,62.0,230.0,0.0,0.0,2692.0,173014.0,1222668.0,1654850.0,222378.0,15896.0,3724.0,80.0,,12.0,3408002.0,,4762.0,486.0,8394.0,216232.0,151014.0,2369562.0,534974.0,9630.0,248.0,0.0,,,,,,,,,,1538.0,86.0,0.0,0.0,0.0,2.0,0.0,0.0,0.0,0.0,19792.0,61764.0,13058.0,0.0,0.0,136716.0,20614.0,4174560.0,596864.0,10728.0,54.0,0.0,0.0,821970.0,718.68,1088.0,326392.0,400392.0,262876.0,147764.0,318712.0,337456.0,385014.0,584244.0,529430.0,3022.0,0.0,0.0
pos,671346,,2452.0,712.0,0.0,0.0,0.0,0.0,23698.0,2270544.0,11537316.0,11247926.0,4011020.0,1496616.0,282890.0,66.0,23706792.0,19742.0,0.0,0.0,1850096.0,2638478.0,43821584.0,39877566.0,9154834.0,5048178.0,8.0,0.0,0.0,0.0,20530.0,1040.0,0.0,0.0,0.0,0.0,0.0,0.0,3880.0,13706188.0,17160008.0,0.0,36980.0,33028.0,57260.0,90676.0,10769676.0,19882456.0,0.0,0.0,0.0,0.0,10198304.0,7543986.0,4215310.0,2672244.0,1517464.0,968198.0,732516.0,1376864.0,1428824.0,216366.0,54830862.0,52244.0,18980.0,44614.0,70.0,23706792.0,740748.0,3126568.0,6014522.0,245700.0,280200.0,224060.0,196420.0,216140.0,215520.0,181220.0,177220.0,100960.0,671346.27,54830862.0,54830862.0,31812662.0,220148.0,104848.0,1800.0,343120.0,30870076.0,1209600.0,1168552.0,0.0,630.0,0.0,37434561.6,11273788.8,4706438.4,1448.0,5814.0,0.0,153226.0,3476402.0,12564216.0,10094520.0,4294550.0,250314.0,32806.0,4020.0,22.0,530.0,1244.0,54830862.0,,15260.0,4484.0,3885696.0,933778.0,19875156.0,6155258.0,444.0,0.0,0.0,0.0,848.0,498.0,18998512.0,7720258.0,0.0,44872.0,0.0,0.0,22270826.0,41306.0,10794.0,0.0,0.0,7020.0,11655816.0,0.0,0.0,0.0,0.0,423426.0,468376.0,90838.0,0.0,0.0,1553440.0,218076.0,18046040.0,2408736.0,0.0,0.0,0.0,0.0,70532800.0,7226.9,8676.0,8915824.0,3640752.0,3113678.0,1411234.0,2911036.0,7918790.0,2609962.0,260438.0,88310.0,52.0,0.0,0.0
neg,823842,,,,0.0,0.0,0.0,0.0,0.0,0.0,367922.0,12238952.0,34058412.0,10552280.0,331528.0,9038.0,19034352.0,80518.0,106668.0,,476.0,1338.0,41819326.0,32443522.0,18429962.0,7502664.0,0.0,0.0,510.0,0.0,0.0,0.0,0.0,0.0,0.0,0.0,0.0,132.0,6796970.0,49725028.0,1036002.0,0.0,76276.0,41846.0,53414.0,523772.0,20677974.0,36167884.0,16898.0,58.0,8.0,2.0,25673722.0,8654718.0,4129804.0,3254374.0,2836844.0,3201426.0,5581226.0,4075006.0,150276.0,736.0,60265476.0,22.0,16.0,54.0,54.0,19034352.0,771776.0,6526118.0,11851120.0,493360.0,351540.0,286960.0,384680.0,372320.0,320940.0,322420.0,270860.0,381240.0,823842.85,60265476.0,60265476.0,58828018.0,369856.0,52344.0,,814920.0,57558132.0,1209600.0,0.0,,,,48488077.44,0.0,8985969.6,,,0.0,0.0,25610.0,3894130.0,25054348.0,24026326.0,3906512.0,564906.0,84360.0,1940.0,,0.0,60265476.0,,79208.0,16826.0,6011190.0,3779166.0,16983206.0,29513810.0,1163970.0,10756.0,0.0,0.0,,,,,,,,,,1756.0,6.0,,,,,,,,,527032.0,5950.0,1582.0,0.0,0.0,23192.0,3752.0,1117200.0,308372.0,0.0,0.0,0.0,0.0,,,,9365470.0,11532866.0,6565070.0,3755224.0,9789354.0,6784376.0,3901574.0,2078208.0,3565660.0,220330.0,0.0,0.0
neg,33672,,0.0,,0.0,0.0,0.0,0.0,0.0,0.0,1490.0,365100.0,1467438.0,379200.0,8082.0,0.0,1105586.0,0.0,0.0,0.0,0.0,0.0,1926448.0,1659154.0,1061120.0,220788.0,0.0,0.0,0.0,0.0,0.0,0.0,0.0,0.0,0.0,0.0,0.0,32464.0,1129358.0,776926.0,282562.0,0.0,15864.0,11170.0,17468.0,35604.0,1606850.0,533014.0,1340.0,0.0,0.0,0.0,959788.0,253980.0,152856.0,121708.0,101500.0,99524.0,117316.0,200296.0,191100.0,23242.0,2988056.0,262.0,726.0,106.0,74.0,1105586.0,32080.0,807082.0,252790.0,285220.0,656300.0,1310700.0,1310700.0,1310700.0,1310700.0,1310700.0,1310700.0,114860.0,33671.39,2988056.0,2988056.0,2499060.0,16181.0,262932.0,53166.0,563980.0,2221310.0,1209600.0,0.0,,,,1828513.92,0.0,389558.4,,,0.0,0.0,0.0,102156.0,926884.0,1063446.0,117154.0,10396.0,1264.0,10.0,,18.0,2988056.0,,3346.0,388.0,85586.0,226794.0,131942.0,1571166.0,197396.0,4688.0,4.0,0.0,,,,,,,,,,1538.0,136.0,0.0,0.0,0.0,0.0,0.0,0.0,0.0,0.0,19464.0,43548.0,7206.0,0.0,0.0,79844.0,11372.0,2472260.0,688594.0,0.0,0.0,0.0,0.0,3930410.0,,,412524.0,363594.0,226480.0,117930.0,227886.0,233042.0,172122.0,141304.0,323422.0,3006.0,0.0,0.0
neg,662400,,,,,,0.0,66.0,206262.0,3970100.0,13141410.0,13937192.0,6637066.0,668608.0,86672.0,0.0,,0.0,100.0,,,4365214.0,,26816746.0,,3658310.0,,0.0,0.0,0.0,,,0.0,0.0,0.0,0.0,1030.0,157490.0,4672504.0,30819386.0,2996966.0,0.0,130702.0,95388.0,212630.0,357858.0,14981530.0,22869218.0,48.0,2.0,0.0,0.0,7320522.0,13566296.0,6869348.0,3961554.0,2140304.0,1371724.0,976688.0,952896.0,662644.0,825400.0,,,,,,,,4691814.0,5067034.0,,,,,,,,,,662400.49,,,,196934.0,,,,,,,,,,32442720.0,0.0,6201140.16,,,7502.0,1220256.0,9076746.0,13925936.0,10123898.0,3607322.0,599104.0,75558.0,10972.0,82.0,,,,,23256.0,8152.0,1577498.0,2194878.0,1537372.0,26375048.0,6769142.0,162008.0,22.0,0.0,,,,,,,,,,,,,,,,,,,,,,,,,,,,,,,,,,,,6352416.0,3182976.0,2856232.0,1861386.0,4983132.0,2596402.0,3142178.0,13487822.0,184828.0,4.0,,
neg,33048,,,,0.0,0.0,0.0,0.0,0.0,9738.0,489524.0,1138804.0,215350.0,6554.0,0.0,0.0,861914.0,0.0,0.0,,17770.0,24356.0,1754388.0,1633774.0,449040.0,91428.0,,0.0,0.0,0.0,228.0,566.0,0.0,0.0,0.0,0.0,0.0,0.0,12688.0,460092.0,1387190.0,0.0,3810.0,570.0,844.0,1112.0,697372.0,1156262.0,0.0,0.0,0.0,0.0,276966.0,412802.0,365126.0,240624.0,156440.0,98748.0,73120.0,91260.0,84034.0,60850.0,2221694.0,,,296.0,0.0,861914.0,20338.0,328178.0,119986.0,227160.0,0.0,0.0,0.0,0.0,0.0,0.0,0.0,216920.0,33048.2,2221694.0,2221694.0,,10941.0,,,1006320.0,,1209600.0,0.0,,,,1646148.48,0.0,209234.88,,,0.0,0.0,65088.0,509846.0,946452.0,305778.0,25744.0,6128.0,934.0,0.0,,,2221694.0,,4480.0,532.0,140900.0,97452.0,225266.0,1294124.0,94210.0,3006.0,0.0,0.0,,,,,,,,,,1606.0,,,,,,,,,,10956.0,,,,,,,,,,,,,,,,226264.0,261760.0,148622.0,56692.0,95602.0,84028.0,99558.0,827112.0,60332.0,0.0,,
neg,38208,,1246.0,,0.0,0.0,0.0,0.0,0.0,0.0,13684.0,293496.0,1335112.0,1212960.0,47408.0,50.0,1448350.0,0.0,270.0,0.0,0.0,0.0,2797768.0,2546826.0,375154.0,195444.0,0.0,0.0,0.0,0.0,2382.0,54.0,0.0,0.0,0.0,0.0,0.0,440762.0,874034.0,1428370.0,159544.0,0.0,5858.0,1146.0,1464.0,2358.0,7496.0,2884376.0,12.0,0.0,0.0,0.0,978480.0,626642.0,655620.0,281864.0,202904.0,137914.0,19286.0,0.0,0.0,0.0,3173514.0,0.0,30.0,282.0,38.0,1448350.0,38052.0,219374.0,155100.0,106580.0,168940.0,,,,,,,94420.0,38208.95,3173514.0,3173514.0,3182758.0,11989.0,984674.0,72272.0,747840.0,2902710.0,1209600.0,0.0,,,,2515332.48,0.0,380947.2,0.0,580.0,0.0,0.0,0.0,59244.0,598482.0,1218408.0,958146.0,59036.0,8618.0,776.0,,0.0,3173514.0,,7574.0,560.0,2614.0,247938.0,111110.0,1744556.0,764660.0,23696.0,2.0,0.0,,,,,,,,,,3490.0,154.0,0.0,0.0,0.0,0.0,0.0,0.0,0.0,0.0,18182.0,29100.0,5946.0,0.0,0.0,138132.0,23688.0,6763440.0,1198612.0,0.0,0.0,0.0,0.0,37208970.0,1426.4,1274.0,402270.0,771028.0,512900.0,204936.0,364086.0,288618.0,266404.0,82982.0,9450.0,36.0,0.0,0.0
neg,16,0.0,42.0,,0.0,0.0,0.0,0.0,0.0,0.0,4.0,1142.0,9106.0,0.0,0.0,0.0,4244.0,0.0,48.0,0.0,0.0,0.0,14738.0,13766.0,15514.0,338.0,0.0,0.0,0.0,0.0,4.0,18.0,0.0,0.0,0.0,0.0,0.0,0.0,0.0,4286.0,5966.0,0.0,52.0,24.0,58.0,924.0,372.0,1748.0,7074.0,0.0,0.0,0.0,8374.0,480.0,88.0,56.0,248.0,46.0,62.0,606.0,138.0,154.0,30244.0,0.0,4.0,0.0,0.0,4244.0,88.0,14908.0,602.0,,,,,,,,,15440.0,15.54,30244.0,30244.0,31878.0,27.0,0.0,2994.0,30180.0,10284.0,1209600.0,234.0,,,,1638.72,0.0,7508.16,0.0,10.0,0.0,0.0,0.0,0.0,8994.0,600.0,644.0,10.0,4.0,0.0,,6.0,30244.0,0.0,1138.0,4.0,10.0,114.0,4022.0,3588.0,1030.0,344.0,2.0,0.0,,,,,,,,,,12.0,32.0,0.0,0.0,0.0,0.0,0.0,0.0,0.0,0.0,58.0,0.0,0.0,0.0,0.0,0.0,0.0,0.0,0.0,2.0,12.0,0.0,0.0,0.0,0.48,16.0,8676.0,1056.0,120.0,46.0,128.0,130.0,52.0,44.0,0.0,0.0,0.0,0.0
neg,38694,,0.0,,0.0,0.0,0.0,0.0,0.0,0.0,720.0,194140.0,2179838.0,498206.0,12608.0,0.0,1379820.0,17142.0,112.0,0.0,0.0,0.0,2505972.0,2200140.0,538996.0,260394.0,0.0,0.0,0.0,0.0,0.0,0.0,0.0,0.0,0.0,0.0,0.0,63556.0,2725568.0,96388.0,0.0,0.0,1648.0,622.0,1050.0,333018.0,2240418.0,308754.0,2.0,0.0,0.0,0.0,1319460.0,434602.0,215876.0,154482.0,180214.0,575294.0,5584.0,0.0,0.0,0.0,3045456.0,0.0,24.0,462.0,244.0,1379820.0,44474.0,297498.0,240930.0,211540.0,199540.0,,,,,,,123060.0,38693.91,3045456.0,3045456.0,3047078.0,18314.0,92530.0,59300.0,621160.0,2885512.0,1209600.0,0.0,,,,2565371.52,0.0,317574.72,0.0,0.0,0.0,0.0,0.0,5298.0,541186.0,1547918.0,736106.0,45214.0,8364.0,1426.0,,0.0,3045456.0,,4204.0,540.0,111700.0,250886.0,195456.0,1837422.0,476840.0,8278.0,186.0,0.0,,,,,,,,,,1628.0,72.0,0.0,0.0,0.0,0.0,0.0,0.0,0.0,0.0,21140.0,32516.0,6006.0,0.0,0.0,104830.0,17022.0,4612300.0,736466.0,0.0,0.0,0.0,0.0,302420.0,1035.22,1122.0,331774.0,873854.0,418058.0,179880.0,330934.0,274340.0,195800.0,132240.0,146402.0,2230.0,0.0,0.0
pos,510746,,2368.0,1996.0,0.0,0.0,9012.0,204026.0,1693610.0,7230286.0,13025806.0,7859738.0,1789332.0,153726.0,3724.0,0.0,13916844.0,4146.0,0.0,0.0,3101500.0,4480594.0,23843550.0,23315328.0,7825828.0,2728136.0,10.0,0.0,0.0,0.0,19040.0,11312.0,0.0,0.0,0.0,0.0,0.0,1604.0,3422992.0,22334760.0,6209904.0,0.0,155840.0,157342.0,215510.0,363784.0,8358736.0,22718026.0,20.0,2.0,0.0,0.0,7371674.0,9998834.0,4624982.0,2752598.0,1789010.0,1275560.0,998256.0,1342294.0,1433610.0,382442.0,34775364.0,28970.0,39188.0,4130.0,4.0,13916844.0,390306.0,3763422.0,4042602.0,252280.0,251080.0,249640.0,308240.0,268760.0,312720.0,289660.0,344420.0,192980.0,510746.84,34775364.0,34775364.0,34784370.0,226394.0,6544.0,59226.0,867740.0,31969260.0,1209600.0,600244.0,0.0,1510.0,0.0,26365753.92,0.0,5595931.2,11776.0,,404594.0,3159900.0,9609220.0,11785544.0,5410640.0,1434234.0,137884.0,25578.0,1664.0,2.0,456.0,480.0,34775364.0,,24302.0,3920.0,3406178.0,2327040.0,9688578.0,16512508.0,6734.0,0.0,0.0,0.0,4430.0,29790.0,20872964.0,10631936.0,0.0,164776.0,0.0,0.0,26475796.0,31692.0,10018.0,0.0,0.0,0.0,0.0,0.0,0.0,0.0,0.0,278978.0,243670.0,62218.0,0.0,0.0,906424.0,122468.0,4371780.0,593364.0,0.0,0.0,0.0,0.0,274607170.0,0.38,0.0,5748540.0,2950800.0,2468502.0,1342282.0,4161410.0,9976560.0,4139920.0,1070028.0,111066.0,152.0,0.0,0.0
neg,59254,,86.0,60.0,0.0,0.0,0.0,0.0,0.0,0.0,320.0,354216.0,2721842.0,560528.0,7226.0,260.0,1786316.0,0.0,0.0,0.0,0.0,0.0,3407542.0,3152760.0,397954.0,197242.0,0.0,0.0,0.0,0.0,160.0,46.0,0.0,0.0,0.0,0.0,0.0,224842.0,2110632.0,1087270.0,221648.0,0.0,2076.0,1172.0,1460.0,5778.0,2011970.0,1621914.0,20.0,2.0,0.0,0.0,1336116.0,935212.0,507436.0,380726.0,246608.0,133104.0,76228.0,28962.0,0.0,0.0,3806166.0,440.0,840.0,306.0,0.0,1786316.0,34870.0,210484.0,186530.0,111460.0,119800.0,137360.0,,,,,,23120.0,59254.0,3806166.0,3806166.0,3819430.0,19539.0,220.0,14280.0,170500.0,3644392.0,1209600.0,95260.0,0.0,188.0,0.0,3381026.88,0.0,260797.44,0.0,0.0,0.0,0.0,0.0,11314.0,1930374.0,1565974.0,114036.0,18398.0,4270.0,26.0,0.0,4.0,3806166.0,,4288.0,528.0,3126.0,145868.0,113556.0,1981294.0,1370544.0,24922.0,266.0,0.0,126.0,110.0,3361820.0,44300.0,110.0,17938.0,0.0,0.0,3407736.0,1984.0,170.0,0.0,0.0,0.0,0.0,0.0,0.0,0.0,0.0,17140.0,36798.0,7560.0,0.0,0.0,75224.0,13054.0,34380.0,3712.0,0.0,0.0,0.0,0.0,58253980.0,1245.02,1352.0,281572.0,566986.0,573576.0,332012.0,774406.0,590752.0,298572.0,112348.0,109338.0,4830.0,0.0,0.0
neg,39478,,2130706432.0,140.0,0.0,0.0,0.0,0.0,0.0,0.0,22052.0,669714.0,1163782.0,524092.0,20792.0,706.0,989122.0,0.0,0.0,0.0,0.0,0.0,2248460.0,2057612.0,273990.0,164632.0,0.0,0.0,0.0,0.0,174.0,78.0,0.0,0.0,0.0,0.0,0.0,6238.0,760306.0,1547078.0,87516.0,0.0,904.0,624.0,752.0,1548.0,27914.0,2368948.0,448.0,0.0,0.0,0.0,484338.0,718780.0,312758.0,216492.0,165416.0,135402.0,132948.0,184726.0,36458.0,13820.0,2522570.0,122.0,126.0,100.0,14.0,989122.0,18652.0,174168.0,98408.0,116880.0,143120.0,,,,,,,10960.0,39478.5,2522570.0,2522570.0,2521424.0,17877.0,794.0,8134.0,100260.0,2401138.0,1209600.0,65760.0,2.0,20.0,0.0,2195239.68,0.0,204623.04,0.0,416.0,0.0,0.0,544.0,205124.0,991436.0,904870.0,283422.0,12318.0,3288.0,136.0,166.0,182.0,2522570.0,,2030.0,302.0,20892.0,116846.0,97538.0,1634824.0,516288.0,12232.0,184.0,2.0,178.0,204.0,2196646.0,29738.0,0.0,660.0,0.0,42.0,2206638.0,946.0,214.0,0.0,0.0,0.0,0.0,0.0,0.0,0.0,0.0,10712.0,23202.0,10018.0,0.0,0.0,49526.0,6164.0,8980240.0,902420.0,116708.0,2596.0,0.0,0.0,3892020.0,545.44,604.0,213920.0,455654.0,309582.0,161094.0,342150.0,304388.0,220614.0,134500.0,233642.0,25594.0,0.0,0.0
neg,41176,,360.0,348.0,0.0,0.0,0.0,0.0,0.0,0.0,171608.0,807764.0,1077818.0,462118.0,27364.0,32.0,1163636.0,0.0,0.0,0.0,0.0,0.0,2318396.0,2071390.0,634132.0,216676.0,0.0,0.0,0.0,0.0,1104.0,170.0,0.0,0.0,0.0,0.0,0.0,0.0,357098.0,2159396.0,30210.0,0.0,1296.0,744.0,1044.0,50550.0,1347740.0,1140894.0,4436.0,0.0,0.0,0.0,633868.0,798528.0,305792.0,196486.0,129864.0,90848.0,86226.0,211120.0,88362.0,5610.0,2952814.0,904.0,1104.0,780.0,6.0,1163636.0,28948.0,484076.0,148806.0,249180.0,261560.0,,,,,,,119980.0,41175.21,2952814.0,2952814.0,2965940.0,17468.0,15138.0,51432.0,529900.0,2546704.0,1209600.0,74582.0,0.0,64.0,0.0,2275738.56,0.0,269425.92,0.0,0.0,0.0,0.0,12456.0,458200.0,810180.0,939122.0,308282.0,15054.0,3214.0,196.0,60.0,64.0,2952814.0,,3174.0,350.0,50600.0,121236.0,122832.0,1531228.0,703054.0,14148.0,82.0,0.0,486.0,460.0,1969056.0,389834.0,0.0,378.0,0.0,34.0,2292506.0,1192.0,130.0,0.0,0.0,0.0,0.0,0.0,0.0,0.0,0.0,14214.0,16722.0,2930.0,0.0,0.0,80250.0,12924.0,816480.0,189680.0,0.0,0.0,0.0,0.0,11175200.0,681.1,820.0,283122.0,490190.0,322638.0,141402.0,275460.0,243940.0,202240.0,215854.0,361286.0,10572.0,0.0,0.0
neg,12,,4.0,4.0,0.0,0.0,0.0,0.0,0.0,0.0,4490.0,1400.0,1634.0,0.0,0.0,0.0,2522.0,0.0,0.0,0.0,110.0,514.0,8530.0,5934.0,18326.0,710.0,0.0,0.0,0.0,0.0,4.0,2.0,0.0,0.0,0.0,0.0,0.0,0.0,0.0,0.0,7524.0,0.0,954.0,18.0,32.0,40.0,1002.0,5478.0,0.0,0.0,0.0,0.0,5880.0,768.0,72.0,230.0,82.0,58.0,98.0,302.0,28.0,6.0,27000.0,0.0,2.0,0.0,0.0,2522.0,178.0,15378.0,2860.0,,,,,,,,,18200.0,11.67,27000.0,27000.0,30598.0,19.0,720.0,2576.0,26740.0,7524.0,1209600.0,232.0,0.0,4.0,0.0,2139.84,0.0,4480.32,0.0,8.0,0.0,0.0,3252.0,2424.0,930.0,658.0,260.0,0.0,0.0,0.0,0.0,20.0,27000.0,,938.0,10.0,20.0,10.0,526.0,2162.0,3530.0,328.0,0.0,0.0,4.0,8.0,1674.0,54.0,0.0,0.0,0.0,0.0,2484.0,60.0,50.0,0.0,0.0,0.0,0.0,0.0,0.0,0.0,0.0,206.0,0.0,0.0,454.0,344.0,34.0,12.0,160.0,700.0,15644.0,8.0,0.0,0.0,0.0,133.9,34.0,5686.0,1548.0,70.0,20.0,50.0,114.0,18.0,18.0,0.0,0.0,0.0,0.0
pos,323030,0.0,8838.0,7956.0,0.0,0.0,0.0,50.0,247988.0,3552476.0,9996826.0,7572540.0,3014646.0,270718.0,10070.0,0.0,14248816.0,0.0,66.0,0.0,1017676.0,1649970.0,29283152.0,25977828.0,7855424.0,3637394.0,168.0,0.0,0.0,0.0,20676.0,5274.0,0.0,0.0,0.0,0.0,0.0,0.0,0.0,1587616.0,22902268.0,175430.0,40512.0,20510.0,25350.0,42002.0,132660.0,18784034.0,2458178.0,3162066.0,2.0,0.0,11912508.0,6715356.0,1995968.0,1112328.0,882598.0,742420.0,601666.0,536700.0,144560.0,21210.0,38167168.0,9870.0,28516.0,41212.0,216.0,14248816.0,607566.0,1937020.0,5904878.0,262320.0,266720.0,244320.0,243640.0,255260.0,258420.0,291360.0,305180.0,129280.0,323029.42,38167168.0,38167168.0,37714542.0,80335.0,3124.0,15342.0,580320.0,37422604.0,1209600.0,2041836.0,0.0,1986.0,0.0,26878875.84,0.0,10500272.64,438.0,2814.0,14052.0,384140.0,1514596.0,3462228.0,7974774.0,7224176.0,2672496.0,958262.0,408084.0,52506.0,508.0,702.0,38167168.0,0.0,40956.0,5834.0,6510474.0,2170654.0,4733060.0,9963860.0,1196670.0,43692.0,114.0,0.0,14138.0,13180.0,26470166.0,5353244.0,208.0,102432.0,0.0,0.0,27456218.0,72758.0,9444.0,0.0,0.0,0.0,0.0,0.0,0.0,0.0,0.0,292672.0,95810.0,24222.0,0.0,0.0,1648374.0,365714.0,569200.0,65100.0,0.0,0.0,0.0,0.0,159393860.0,12013.56,12158.0,7299130.0,8280070.0,3312014.0,1053210.0,2468754.0,629876.0,462732.0,1140432.0,19096.0,0.0,0.0,0.0
neg,38956,,2130706434.0,558.0,0.0,0.0,0.0,0.0,0.0,0.0,364.0,242600.0,1547128.0,491380.0,21400.0,0.0,1177050.0,0.0,0.0,0.0,0.0,0.0,2209922.0,1970866.0,513978.0,187044.0,0.0,0.0,0.0,0.0,344.0,92.0,0.0,0.0,0.0,0.0,0.0,166718.0,1279998.0,694468.0,161688.0,0.0,2222.0,324.0,674.0,872.0,31124.0,2266860.0,796.0,0.0,0.0,0.0,738014.0,443526.0,245104.0,203778.0,166798.0,135138.0,353754.0,16760.0,0.0,0.0,2724250.0,0.0,6.0,74.0,58.0,1177050.0,27558.0,368166.0,145258.0,254060.0,222780.0,,,,,,,33200.0,38955.71,2724250.0,2724250.0,2720954.0,12820.0,364.0,27640.0,299960.0,2302872.0,1209600.0,69220.0,2.0,62.0,0.0,1966695.36,0.0,333026.88,0.0,552.0,0.0,0.0,0.0,14220.0,515254.0,1282636.0,430584.0,54118.0,5492.0,568.0,50.0,58.0,2724250.0,,4100.0,412.0,5220.0,213834.0,99720.0,1478058.0,494842.0,6664.0,22.0,0.0,710.0,280.0,1993340.0,26.0,0.0,4338.0,0.0,38.0,1997434.0,1970.0,212.0,0.0,0.0,0.0,0.0,0.0,0.0,0.0,0.0,16276.0,15970.0,7702.0,0.0,0.0,58370.0,15744.0,3906800.0,391186.0,0.0,0.0,0.0,0.0,37955810.0,796.96,922.0,352838.0,375652.0,258172.0,120982.0,205370.0,146232.0,128068.0,108112.0,452142.0,155304.0,0.0,0.0
